# file opened: cmd.asm
   1  0000                      ;TODO %~dp0 (драйв и путь запуска)
   2  0000              ;TODO %~t1 (дата-время 1-го параметра)
   3  0000              ;TODO goto и метки :label
   4  0000              ;TODO if ???==??? goto
   5  0000              ;TODO for
   6  0000              ;TODO PATH (где хранить? должна подгружаться при старте новой копии cmd)
   7  0000
   8  0000                      DEVICE ZXSPECTRUM128
   9  0000                      include "../_sdk/sys_h.asm"
# file opened: ../_sdk/sys_h.asm
   1+ 0000                      opt -Wno-rdlow
   2+ 0000                      include "sysdefs.asm"
# file opened: ../_sdk/sysdefs.asm
   1++0000              BDOS=0x0005
   2++0000              COMMANDLINE=0x0080
   3++0000              COMMANDLINE_sz=0x0080
   4++0000              PROGSTART=0x0100
   5++0000
   6++0000              ;from userkrnl.asm:
   7++0000              curpg4000=0x0044
   8++0000              curpg16k=curpg4000
   9++0000              curpg8000=0x004a
  10++0000              curpg32klow=curpg8000
  11++0000              curpgc000=0x0050
  12++0000              curpg32khigh=curpgc000
  13++0000              user_scr0_low=0x0017
  14++0000              user_scr0_high=0x0035
  15++0000              user_scr1_low=0x0036
  16++0000              user_scr1_high=0x0037
  17++0000
  18++0000              MAXPATH_sz=256;64
  19++0000              DIRMAXFILENAME64=64 ;including EOL
  20++0000
  21++0000              ;------------------------СТРУКТУРЫ CP/M --------------------------------------
  22++0000              ;from CP/M (try to avoid use!):
  23++0000              CMD_PRCHAR=0x05 ;e=char
  24++0000              CMD_SETDRV=0x0e ;e=drive ;out: a!=0 => not mounted, [l=number of drives]
  25++0000              CMD_FOPEN=0x0f ;de = pointer to unopened FCB
  26++0000              CMD_FCLOSE=0x10 ;de = pointer to opened FCB
  27++0000              CMD_FSEARCHFIRST=0x11 ;de = pointer to unopened FCB (filename with ????????), read matching FCB to DTA. DTA had to set every time
  28++0000              CMD_FSEARCHNEXT=0x12 ;(NOT CP/M compatible!!!)de = pointer to unopened FCB (filename with ????????), read matching FCB to DTA. DTA had to set every time
  29++0000              CMD_FDEL=0x13 ;DEPRECATED!!!!! ;DE = Pointer to unopened FCB
  30++0000              CMD_FREAD=0x14 ;DE = Pointer to opened FCB, read 128 bytes in DTA, out: a=128^bytes actually read (not CP/M!)
  31++0000              CMD_FWRITE=0x15 ;DE = Pointer to opened FCB, write 128 bytes from DTA
  32++0000              CMD_FCREATE=0x16 ;DE = Pointer to unopened FCB
  33++0000              CMD_SETDTA=0x1a ;DE = data transfer address (DTA)
  34++0000              CMD_RNDRD=0x21 ;DE = Pointer to opened FCB. The file position is defined by the three byte random record number in the FCB (bytes 21h...23h). TP uses 21,22
  35++0000              CMD_RNDWR=0x22 ;DE = Pointer to opened FCB. The file position is defined by the three byte random record number in the FCB (bytes 21h...23h). TP uses 21,22
  36++0000
  37++0000              ;from MSX-DOS:
  38++0000              CMD_SEEKHANDLE=0x4a ;b=file handle, dehl=offset [signed, a=method:0=begin,1=cur,2=end TODO]
  39++0000              CMD_OPENHANDLE=0x43 ;DE = Drive/path/file ASCIIZ string
  40++0000                                      ;[A = Open mode. b0 set => no write, b1 set => no read, b2 set => inheritable, b3..b7   -  must be clear]
  41++0000                                      ;out: B = new file handle, A=error
  42++0000              CMD_CREATEHANDLE=0x44 ;DE = Drive/path/file ASCIIZ string
  43++0000                                      ;[A = Open mode. b0 set => no write, b1 set => no read, b2 set => inheritable, b3..b7   -  must be clear]
  44++0000                                      ;[B = b0..b6 = Required attributes, b7 = Create new flag]
  45++0000                                      ;out: B = new file handle, A=error
  46++0000              CMD_CLOSEHANDLE=0x45 ;B = file handle, out: A=error
  47++0000              CMD_READHANDLE=0x48 ;B = file handle, DE = Buffer address, HL = Number of bytes to read, out: HL = Number of bytes actually read, A=error(=0)
  48++0000              CMD_WRITEHANDLE=0x49 ;B = file handle, DE = Buffer address, HL = Number of bytes to write, out: HL = Number of bytes actually written, A=error(=0)
  49++0000              CMD_RENAME=0x4e ;DE = Drive/path/file ASCIIZ string, HL = New filename ASCIIZ string (NOT MSXDOS compatible! with Drive/path!) ;RENAME OR MOVE FILE RENAME/MOVE; out: A=FRESULT (0=FR_OK, 1=DISK_ERR, 2=INT_ERR, 3=NOT_READY, 4=NO_FILE, 5=NO_PATH, 6=INVALID_NAME, 7=DENIED, 8=FR_EXIST, 9=INVALID_OBJECT, 10=WRITE_PROTECTED, 11=INVALID_DRIVE, 12=NOT_ENABLED, 13=NO_FILESYSTEM, 14=MKFS_ABORTED, 15=TIMEOUT, 16=LOCKED, 17=NOT_ENOUGH_CORE, 18=TOO_MANY_OPEN_FILES)
  50++0000              CMD_CHDIR=0x5a ;DE = Pointer to ASCIIZ string. Out A=error
  51++0000              CMD_PARSEFNAME=0x5c ;NOT RECOMMENDED ;de(dotname) -> hl(cpmname) ;out: de=pointer to termination character, hl=buffer filled in
  52++0000              CMD_GETPATH=0x5e ;DE = Pointer to MAXPATH_sz byte buffer ;out: DE = Filled in with whole path string (WITH DRIVE! Finished by slash only if root dir), HL = Pointer to start of last item
  53++0000              CMD_DELETE=0x4d ;DE = Drive/path/file ASCIIZ string, out: A = Error
  54++0000
  55++0000              ;invented:
  56++0000              CMD_GETPAL=0xc8 ;de=palette (32 bytes)
  57++0000              CMD_SETTIME=0xc9 ;ix=date, hl=time
  58++0000              CMD_GETMEMPORTS=0xca ;out: ix=memport0000, bc=memport4000, de=memport8000, hl=memportc000
  59++0000              CMD_GETPAGEOWNER=0x0cb ;e=page ;out: e=owner id (0=free, 0xff=system)
  60++0000              CMD_GETCONFIG=0xcc ;out: H=system drive, L= 1-Evo 2-ATM2 3-ATM3 6-p2.666, E=pgsys(system page), D= TR-DOS page, IXBC=SVN revision
  61++0000              CMD_GETCHILDRESULT=0xcd ;hl=childresult
  62++0000              CMD_RESERV_1=0xce
  63++0000              CMD_OPENDIR=0xcf ;de=path
  64++0000              CMD_READDIR=0xd0 ;de=buf for FILINFO (if no LNAME, use FNAME), 0x00 in FILINFO_FNAME = end dir
  65++0000              CMD_HIDEFROMPARENT=0xd1 ;for tasks with their own screen handling ;hl=result
  66++0000              CMD_SETSTDINOUT=0xd2 ;b=id, e=stdin, d=stdout, h=stderr
  67++0000              CMD_GETSTDINOUT=0xd3 ;e=stdin, d=stdout, h=stderr, l=hgt of stdout
  68++0000              CMD_PLAYCOVOX=0xd4 ;hl=data (0xc000+, 0x00=end), de=pagetable (0x0000+), hx=delay (18=11kHz, 7=22kHz, 1=44kHz)
  69++0000              CMD_SETMUSIC=0xd5 ;hl=muzaddr (0x4000..0x7fff, 0=killmuz), a=muzpg (pages in 0x8000, 0xc000 are taken from current user memory)
  70++0000              CMD_READSECTORS=0xd6 ;b=drive, de=buffer, ixhl=sector number, a=count ;out: a=error
  71++0000              CMD_WRITESECTORS=0xd7 ;b=drive, de=buffer, ixhl=sector number, a=count ;out: a=error
  72++0000              CMD_SETBORDER=0xd8 ;e=0..15
  73++0000              CMD_SETWAITING=0xd9 ;don't use directly! ;set WAITING state for current task
  74++0000              CMD_GETFILESIZE=0xda ;b=handle, out: dehl=file size
  75++0000              CMD_WIZNETOPEN=0xdb ;A=SOCKET, L=subfunction (see sys_h.asm)
  76++0000              CMD_WIZNETCLOSE=0xdc ;A=SOCKET, E=(0 - закрыть сразу, 1 - закрыть только если буфер отправки пуст)
  77++0000              CMD_WIZNETREAD=0xdd 	;if TCP: A=SOCKET, de=buffer_ptr, HL=sizeof(buffer)
  78++0000              						;else:	 A=SOCKET, IX=buffer_ptr, HL=sizeof(buffer), de=sockaddr_in ptr
  79++0000              						;out: HL=count if HL < 0 then A=error
  80++0000              CMD_WIZNETWRITE=0xde 	;if TCP: A=SOCKET, de=buffer_ptr, HL=sizeof(buffer)
  81++0000              						;else:	 A=SOCKET, IX=buffer_ptr, HL=sizeof(buffer), de=sockaddr_in ptr
  82++0000              						;out: HL=count if HL < 0 then A=error
  83++0000              CMD_DROPAPP=0xdf ;e=id
  84++0000              CMD_GETAPPMAINPAGES=0xe0 ;e=id ;out: d,e,h,l=pages in 0000,4000,8000,c000, c=flags, a=error
  85++0000              CMD_GETXY=0xe1 ;OBSOLETE ;out: de=yx ;GET CURSOR POSITION
  86++0000              CMD_GETTIME=0xe2 ;out: ix=date, hl=time
  87++0000              CMD_GETFILETIME=0xe3 ;de=Drive/path/file ASCIIZ string, out: ix=date, hl=time
  88++0000              CMD_SETFILETIME=0xe4 ;de=Drive/path/file ASCIIZ string, ix=date, hl=time
  89++0000              CMD_TELLHANDLE=0xe5 ;b=file handle, out: dehl=offset ;GET POSITION IN FILE
  90++0000              CMD_SCROLLUP=0xe6 ;OBSOLETE ;de=topyx, hl=hgt,wid ;x, wid even ;TEXTMODE ONLY
  91++0000              CMD_SCROLLDOWN=0xe7 ;OBSOLETE ;de=topyx, hl=hgt,wid ;x, wid even ;TEXTMODE ONLY
  92++0000              CMD_GETFILINFO=0xe8 ;de=filename, hl=buf[FILINFO_sz] to get FILINFO
  93++0000              CMD_SETMAINPAGE=0xe9 ;e=page for 0x0000
  94++0000              CMD_SETSYSDRV=0xea ;out: a!=0 => not mounted, l=number of drives
  95++0000              CMD_MKDIR=0xeb ;DE = Pointer to ASCIIZ string, out: a
  96++0000              CMD_CHECKPID=0xec ;e=id ;check if this child(!) app exists, out: a!=0 => OK, or else a=0
  97++0000              CMD_FREEZEAPP=0xed ;e=id ;disable app and make non-graphic
  98++0000              CMD_GETATTR=0xee ;DEPRECATED!!! ;out: a ;READ ATTR AT CURSOR POSITION
  99++0000              CMD_MOUNT=0xef ;e=drive, out: a
 100++0000              CMD_GETKEYMATRIX=0xf0 ;out: bcdehlix = halfrows cs...space
 101++0000              CMD_GETTIMER=0xf1 ;out: dehl=timer
 102++0000              CMD_YIELD=0xf2 ;schedule to another app (use YIELD macro instead of HALT!!!)
 103++0000              CMD_RUNAPP=0xf3 ;e=id ;ACTIVATE DISABLED APP
 104++0000              CMD_NEWAPP=0xf4 ;out: b=id, a=error, dehl=newapp pages in 0000,4000,8000,c000 ;MAKE NEW DISABLED APP
 105++0000              CMD_PRATTR=0xf5 ;OBSOLETE ;e=color byte ;DRAW ATTR AT CURSOR POSITION
 106++0000              CMD_CLS=0xf6 ;e=color byte
 107++0000              CMD_SETCOLOR=0xf7 ;e=color byte
 108++0000              CMD_SETXY=0xf8 ;de=yx ;SET CURSOR POSITION
 109++0000              CMD_SETGFX=0xf9 ;e=0:EGA, e=2:MC, e=3:6912, e=6:text ;+8 for noturbo ;+0x80 for auto screen pages keeping ;+SET FOCUS ;e=-1: disable gfx (out: e=old gfxmode)
 110++0000              CMD_SETPAL=0xfa ;de=palette (32 bytes)
 111++0000              CMD_GETMAINPAGES=0xfb ;out: d,e,h,l=pages in 0000,4000,8000,c000, c=flags, b=id
 112++0000              CMD_NEWPAGE=0xfc ;out: a=0 (OK)/!=0 (fail), e=page
 113++0000              CMD_DELPAGE=0xfd ;e=page ;GIVE SOME PAGE BACK TO THE OS
 114++0000              CMD_SETSCREEN=0xfe ;e=screen=0..1
 115++0000              CMD_YIELDKEEP=0xff
 116++0000
 117++0000              ;	STRUCT FILINFO
 118++0000              FILINFO_FSIZE=0;	        DWORD		;/* FILE SIZE */
 119++0000              FILINFO_FDATE=4;	        WORD		;/* LAST MODIFIED DATE */
 120++0000              FILINFO_FTIME=6;	        WORD		;/* LAST MODIFIED TIME */
 121++0000              FILINFO_FATTRIB=8;	        BYTE		;/* ATTRIBUTE */
 122++0000              FILINFO_FNAME=9;	        BLOCK 13,0	;/* SHORT FILE NAME (8.3 FORMAT with dot and terminator) */
 123++0000              FILINFO_LNAME=22;	        BLOCK DIRMAXFILENAME64,0	;/* LONG FILE NAME (ASCIIZ) */
 124++0000              FILINFO_sz=FILINFO_LNAME+DIRMAXFILENAME64
 125++0000
 126++0000              ;        STRUCT FCB
 127++0000              FCB_drv=0 ;drv             BYTE; /* drive number */
 128++0000              FCB_FNAME=1 ;FNAME           BLOCK 11;
 129++0000              FCB_EXTENTNUMBERLO=12 ;EXTENTNUMBERLO  BYTE; ;NU
 130++0000              FCB_FATTRIB=13 ;FATTRIB         BYTE;
 131++0000              FCB_EXTENTNUMBERHI=14 ;EXTENTNUMBERHI  BYTE; ;NU
 132++0000              FCB_RECORDCOUNT=15 ;RECORDCOUNT     BYTE; ;NU
 133++0000              FCB_FSIZE=16 ;FSIZE           DWORD;
 134++0000              FCB_FTIME=20 ;FTIME           WORD;
 135++0000              FCB_FFSFCB=22 ;FFSFCB          WORD; /* TRDOSFCB или FIL */
 136++0000              FCB_DIRPOS=24 ;DIRPOS          WORD; /* привязка к точке поиска */
 137++0000              ;RESERVED        BLOCK 2 ;reserved (14 in MS-DOS???)
 138++0000              FCB_RECORDSIZE=28 ;RECORDSIZE      WORD; /* must be 128 */
 139++0000              FCB_FDATE=30 ;FDATE           WORD
 140++0000              FCB_FRECORD=32 ;FRECORD         BYTE; /*номер записи внутри экстента*/
 141++0000              ;	ENDS
 142++0000              FCB_sz=33
 143++0000
 144++0000              FATTRIB_DIR=0x10 ;mask for FCB_FATTRIB
 145++0000
 146++0000              ;Application flags:
 147++0000
 148++0000              factive=0 ;0=zombie, 1=scheduled ;TODO есть сообщения: SET при добавлении сообщения, RES при взятии последнего сообщения
 149++0000              fchildfinished=1 ;устанавливается при завершении дочернего процесса (чтобы в этом случае проскочить SETWAITING), сбрасывается по GETCHILDRESULT
 150++0000              ;fcritical=4 (чтобы не портить hl)
 151++0000              fgfx=5 ;app can take focus
 152++0000              ;ffocus=6 ;app has focus (only one can)
 153++0000              fwaiting=7 ;app is waiting for another app, can't take focus by hand
 154++0000
 155++0000              ;Internal keyboard values:
 156++0000
 157++0000              extbase=0xb0 ;with H=1 ;can't mix with 32..127 ;temporary internal code
 158++0000              csbase=0xf3 ;temporary internal code
 159++0000              extenter=csbase+12 ;temporary internal code
 160++0000              graphlock=extenter ;temporary internal code
 161++0000              csnoshifts=0;NOKEY ;cs release result for AltGr ;temporary internal code
 162++0000              csspace=27 ;temporary internal code
 163++0000              csss=9 ;Tab ;temporary internal code
 164++0000              key_extspace=0;NOKEY ;extbase+14 ;unusable because happens simultaneously with extZ because of keyboard matrix
 165++0000              cssspress=csss ;temporary internal code (impossible to type without AltGr before language recoding)
 166++0000              ssnoshifts=0xd1 ;temporary internal code (impossible to type without AltGr before language recoding)
 167++0000              ext0=extbase+0
 168++0000              ext1=extbase+1
 169++0000              ext2=extbase+2
 170++0000              ext3=extbase+3
 171++0000              ext4=extbase+4
 172++0000              ext5=extbase+5
 173++0000              ext6=extbase+6
 174++0000              ext7=extbase+7
 175++0000              ext8=extbase+8
 176++0000              ext9=extbase+9
 177++0000              cs0=8 ;as extH (CP/M) ;csbase+0 reserved
 178++0000              cs1=csbase+1 ;readable only in keynolang (switches language)
 179++0000              cs2=csbase+2 ;readable only in keynolang (switches Caps Lock)
 180++0000              cs3=csbase+3
 181++0000              cs4=csbase+4
 182++0000              cs5=csbase+5
 183++0000              cs6=csbase+6
 184++0000              cs7=csbase+7
 185++0000              cs8=csbase+8
 186++0000              cs9=csbase+9
 187++0000
 188++0000              ;Usable key codes:
 189++0000
 190++0000              extA=1
 191++0000              extB=2
 192++0000              extC=3
 193++0000              extD=4
 194++0000              extE=5
 195++0000              extF=6
 196++0000              extG=7
 197++0000              extH=8 ;as cs0 (BackSpace)
 198++0000              extI=9 ;as csss (Tab)
 199++0000              extJ=10
 200++0000              extK=11
 201++0000              extL=12
 202++0000              extM=13 ;as Enter
 203++0000              extN=14
 204++0000              extO=15
 205++0000              extP=16
 206++0000              extQ=17
 207++0000              extR=18
 208++0000              extS=19
 209++0000              extT=20
 210++0000              extU=21
 211++0000              extV=22
 212++0000              extW=23
 213++0000              extX=24
 214++0000              extY=25
 215++0000              extZ=26
 216++0000
 217++0000              ss0='_'
 218++0000              ss1='!'
 219++0000              ss2='@'
 220++0000              ss3='#'
 221++0000              ss4='$'
 222++0000              ss5='%'
 223++0000              ss6='&'
 224++0000              ss7=0x27;'\''
 225++0000              ss8='('
 226++0000              ss9=')'
 227++0000              ssA='~'
 228++0000              ssB='*'
 229++0000              ssC='?'
 230++0000              ssD=0x5c;'\\'
 231++0000              ssE=30;extbase+30
 232++0000              ssF='{'
 233++0000              ssG='}'
 234++0000              ssH='^'
 235++0000              ssI=127;extbase+12
 236++0000              ssJ='-'
 237++0000              ssK='+'
 238++0000              ssL='='
 239++0000              ssM='.'
 240++0000              ssN=','
 241++0000              ssO=';'
 242++0000              ssP=0x22;'"'
 243++0000              ssQ=28;extbase+28
 244++0000              ssR='<'
 245++0000              ssS='|'
 246++0000              ssT='>'
 247++0000              ssU=']'
 248++0000              ssV='/'
 249++0000              ssW=29;extbase+29
 250++0000              ssX='`'
 251++0000              ssY='['
 252++0000              ssZ=':'
 253++0000
 254++0000              key_home=ssQ
 255++0000              key_end=ssE
 256++0000              key_ins=ssW
 257++0000              key_enter=13
 258++0000              key_left=cs5
 259++0000              key_right=cs8
 260++0000              key_up=cs7
 261++0000              key_down=cs6
 262++0000              key_pgup=cs3
 263++0000              key_pgdown=cs4
 264++0000              key_backspace=cs0
 265++0000              key_del=cs9
 266++0000              key_ssleft=ext5
 267++0000              key_ssright=ext8
 268++0000              key_ssup=ext7
 269++0000              key_ssdown=ext6
 270++0000              key_sspgup=ext3
 271++0000              key_sspgdown=ext4
 272++0000              key_ssbackspace=ext0
 273++0000              key_ssdel=ext9
 274++0000              key_tab=csss
 275++0000              key_esc=csspace
 276++0000              key_csenter=csbase+10
 277++0000              key_ssspace=csbase+11
 278++0000              key_F1=ext1
 279++0000              key_F2=ext2
 280++0000              key_F3=ext3
 281++0000              key_F4=ext4
 282++0000              key_F5=ext5
 283++0000              key_F6=ext6
 284++0000              key_F7=ext7
 285++0000              key_F8=ext8
 286++0000              key_F9=ext9
 287++0000              key_F10=ext0
 288++0000
 289++0000              NOKEY=0
 290++0000              key_redraw=31 ;if equal to ssEnter, then scheduling through idle will catch ssEnter twice
 291++0000              ;single ext (Tab) is returned at key release (TODO keypress in keynolang)
 292++0000              ;single ss, cs keypresses are not returned, or else CP/M-like apps can't filter them out (TODO in keynolang, and all other key releases too)
 293++0000
# file closed: ../_sdk/sysdefs.asm
   3+ 0000
   4+ 0000              ;*********************** QUIT **********************
   5+ 0000              ;Закрывает текущий процесс, освобождая все используемые им страницы ОЗУ,
   6+ 0000              ;дескрипторы сокетов и файлов (кроме пайпов и TR-DOS'ных файлов), а также обработчик музыки.
   7+ 0000              ;Переключает исполнение и фокус видеовывода на следующий активный процесс.
   8+ 0000              ;    Аргумент: hl=результат программы (родитель его получает по WAITPID).
   9+ 0000              ;    Возвращаемых значений нет.
  10+ 0000              ;
  11+ 0000              ;Пример использования, а также минимальный исходный код программы:
  12+ 0000              ;        DEVICE ZXSPECTRUM128
  13+ 0000              ;        include "../_sdk/sys_h.asm"
  14+ 0000              ;        ORG PROGSTART
  15+ 0000              ;        ;исходный код программы
  16+ 0000              ;        ld hl,0 ;result
  17+ 0000              ;        QUIT
  18+ 0000              ;        savebin "progname.com",PROGSTART,$-PROGSTART
  19+ 0000                      macro QUIT
  20+ 0000 ~                    rst 0 ;close app
  21+ 0000                      endm
  22+ 0000
  23+ 0000              ;*********************** CALLBDOS, CALLBDOS_NOPARAM_A **********************
  24+ 0000              ;Внутренние макросы для вызова функций системы.
  25+ 0000              ;(CALLBDOS - для функций системы, имеющих параметр в регистре A)
  26+ 0000              ;(CALLBDOS_NOPARAM_A - для функций системы, не имеющих параметра в регистре A)
  27+ 0000              ;Напрямую использовать не рекомендуется, см. макросы для каждой отдельной функции системы.
  28+ 0000                      macro CALLBDOS ;don't use directly CALLBDOS or call BDOS!!!
  29+ 0000 ~                    ex af,af' ;'
  30+ 0000 ~                    call BDOS ;c=CMD
  31+ 0000                      endm
  32+ 0000                      macro CALLBDOS_NOPARAM_A ;don't use directly CALLBDOS or call BDOS!!!
  33+ 0000 ~                    call BDOS ;c=CMD
  34+ 0000                      endm
  35+ 0000
  36+ 0000              ;*********************** OS_GETKEY **********************
  37+ 0000              ;Возвращает нажатую кнопку клавиатуры, кнопки мыши и координаты мыши.
  38+ 0000              ;Фактически чтение происходит только процессом с фокусом. При отсутствии фокуса возвращается
  39+ 0000              ;код символа NOKEY и флаг Z установлен в 0 (т.е. верно условие NZ).
  40+ 0000              ;    Аргументов нет.
  41+ 0000              ;    Возвращаемые значения в регистрах:
  42+ 0000              ;        A - код символа(кнопки). Допустимые коды смотри в 'sysdefs.asm' секция 'Usable key codes'
  43+ 0000              ;        C - код символа(кнопки) без учета текущего языкового модификатора. Как правило, используется для обработки "горячих кнопок"
  44+ 0000              ;        DE - позиция мыши (y,x) (возвращает 0 при отсутствии фокуса)
  45+ 0000              ;        L - кнопки мыши (bits 0(LMB),1(RMB),2(MMB): 0=pressed; bits 7..4=положение колёсика)
  46+ 0000              ;        LX - Kempston joystick (0bP2JFUDLR): 1=pressed, - при отсутствии джойстика 0 (а не 0xff)
  47+ 0000              ;        Флаг Z - если 0(NZ), то отсутствует фокус.
  48+ 0000              ;
  49+ 0000              ;Пример ожидания символа:
  50+ 0000              ;        ORG PROGSTART
  51+ 0000              ;        LD E,6
  52+ 0000              ;        OS_SETGFX
  53+ 0000              ;        ...
  54+ 0000              ;WAIT_LOOP:
  55+ 0000              ;        YIELD    ;отдадим квант времени системе
  56+ 0000              ;        OS_GETKEY
  57+ 0000              ;        OR A
  58+ 0000              ;        JR Z,WAIT_LOOP
  59+ 0000              ;        CP key_esc
  60+ 0000              ;        JP Z,CLOSE_PROC
  61+ 0000              ;        ;получили код символа в A
  62+ 0000              ;        ...
  63+ 0000              ;CLOSE_PROC:
  64+ 0000              ;        QUIT
  65+ 0000              ;
  66+ 0000              ;        Примечание: желательна обработка кода key_esc для завершения программы
  67+ 0000              ;и кода key_redraw для перерисовки экрана при получении фокуса.
  68+ 0000                      macro OS_GETKEY
  69+ 0000 ~                    rst 0x08 ;out: a=key (NOKEY=no key), de=mouse position (y,x), l=mouse buttons (bits 0,1,2: 0=pressed)+mouse wheel (bits 7..4), h=high bits of key|register, bc=keynolang, lx=kempston joystick, nz=no focus (mouse position=0, ignore it!)
  70+ 0000                      endm
  71+ 0000                      macro GET_KEY
  72+ 0000 ~                    OS_GETKEY
  73+ 0000                      endm
  74+ 0000
  75+ 0000              ;*********************** OS_PRCHAR **********************
  76+ 0000              ;Выводит символ на экран, используется только в текстовом видеорежиме.
  77+ 0000              ;При отсутствии фокуса вывод игнорируется.
  78+ 0000              ;    Все аргументы в регистрах:
  79+ 0000              ;        A - символ (символ '\r'=0x0d = возврат каретки, символ '\n'=0x0a = перевод строки)
  80+ 0000              ;    Возвращаемых значений нет.
  81+ 0000              ;
  82+ 0000              ;Пример печати строки "Hello Work!":
  83+ 0000              ;        DEVICE ZXSPECTRUM128
  84+ 0000              ;        include "../_sdk/sys_h.asm"
  85+ 0000              ;        ORG PROGSTART
  86+ 0000              ;        LD E,6
  87+ 0000              ;        OS_SETGFX
  88+ 0000              ;        LD HL,STR_HELLO
  89+ 0000              ;PRINT_LOOP:
  90+ 0000              ;        LD A,(HL)
  91+ 0000              ;        OR A
  92+ 0000              ;        JR Z,PRINT_LOOP_END
  93+ 0000              ;        PUSH HL
  94+ 0000              ;        OS_PRCHAR
  95+ 0000              ;        POP HL
  96+ 0000              ;        INC HL
  97+ 0000              ;        JR PRINT_LOOP
  98+ 0000              ;PRINT_LOOP_END:
  99+ 0000              ;<wait something to see the screen...>
 100+ 0000              ;        QUIT
 101+ 0000              ;STR_HELLO:
 102+ 0000              ;        DEFB "Hello Work!",0
 103+ 0000              ;        savebin "progname.com",PROGSTART,$-PROGSTART
 104+ 0000                      macro OS_PRCHAR
 105+ 0000 ~                    rst 0x10 ;a=char ;spoils all registers!
 106+ 0000                      endm
 107+ 0000                      macro PRCHAR
 108+ 0000 ~                    OS_PRCHAR
 109+ 0000                      endm
 110+ 0000
 111+ 0000              ;*********************** SETPG4000 **********************
 112+ 0000              ;Устанавливает страницу номер A в области адресов 0x4000..0x7fff.
 113+ 0000              ;Быстрая функция (не включает контекст ядра).
 114+ 0000              ;    Все аргументы в регистрах:
 115+ 0000              ;        A - номер страницы
 116+ 0000              ;    Возвращаемых значений нет (портится BC, остальные регистры не портятся)
 117+ 0000              ;
 118+ 0000              ;Примечание: не используйте номера страниц, не полученные из системы тем или иным образом
 119+ 0000              ;(вызовы OS_NEWPAGE, OS_GETMAINPAGE, OS_GETMAINPAGES, OS_GETAPPMAINPAGES
 120+ 0000              ;или чтение номеров страниц экрана из user_scr0_low, user_scr0_high, user_scr1_low, user_scr1_high),
 121+ 0000              ;потому что на моделях памяти ATM2 и ATM3 номера страниц различаются!
 122+ 0000              ;
 123+ 0000              ;Примечание 2: для смены страницы в области адресов 0x0000..0x3fff см. OS_SETMAINPAGE
 124+ 0000                      macro SETPG4000
 125+ 0000 ~                    rst 0x18 ;set page "a" in 0x4000 ;spoils BC
 126+ 0000                      endm
 127+ 0000                      macro SETPG16K ;don't use!
 128+ 0000 ~                    SETPG4000
 129+ 0000                      endm
 130+ 0000
 131+ 0000              ;*********************** SETPG8000 **********************
 132+ 0000              ;Устанавливает страницу номер A в области адресов 0x8000..0xbfff.
 133+ 0000              ;Быстрая функция (не включает контекст ядра).
 134+ 0000              ;    Все аргументы в регистрах:
 135+ 0000              ;        A - номер страницы
 136+ 0000              ;    Возвращаемых значений нет (портится BC, остальные регистры не портятся)
 137+ 0000              ;
 138+ 0000              ;См. примечания к SETPG4000!
 139+ 0000                      macro SETPG8000
 140+ 0000 ~                    rst 0x20 ;set page "a" in 0x8000 ;spoils BC
 141+ 0000                      endm
 142+ 0000                      macro SETPG32KLOW ;don't use!
 143+ 0000 ~                    SETPG8000
 144+ 0000                      endm
 145+ 0000
 146+ 0000              ;*********************** SETPGC000 **********************
 147+ 0000              ;Устанавливает страницу номер A в области адресов 0xc000..0xffff.
 148+ 0000              ;Быстрая функция (не включает контекст ядра).
 149+ 0000              ;    Все аргументы в регистрах:
 150+ 0000              ;        A - номер страницы
 151+ 0000              ;    Возвращаемых значений нет (портится BC, остальные регистры не портятся)
 152+ 0000              ;
 153+ 0000              ;См. примечания к SETPG4000!
 154+ 0000                      macro SETPGC000
 155+ 0000 ~                    rst 0x28 ;set page "a" in 0xc000 ;spoils BC
 156+ 0000                      endm
 157+ 0000                      macro SETPG32KHIGH ;don't use!
 158+ 0000 ~                    SETPGC000
 159+ 0000                      endm
 160+ 0000
 161+ 0000              ;*********************** YIELD **********************
 162+ 0000              ;Отдаёт квант времени системе.
 163+ 0000              ;В текущем кванте 50 Гц этой задаче не будет возвращено управление. И её кастомный обработчик прерывания не вызовется, если есть другие активные задачи.
 164+ 0000              ;    Аргументы не используются.
 165+ 0000              ;    Возвращаемых значений нет.
 166+ 0000              ;
 167+ 0000              ;Пример использования смотрите в описании OS_GETKEY
 168+ 0000              ;
 169+ 0000              ;Примечание: обычно используется при ожидании какого-либо события, не критичного по времени отклика.
 170+ 0000              ;Использование этого вызова ускоряет общую работу системы.
 171+ 0000                      macro YIELD ;use instead of HALT
 172+ 0000 ~                    OS_YIELD
 173+ 0000                      endm
 174+ 0000
 175+ 0000              ;*********************** YIELDKEEP **********************
 176+ 0000              ;Отдаёт квант времени системе.
 177+ 0000              ;В текущем кванте 50 Гц этой задаче будет возвращено управление, если останется время.
 178+ 0000              ;    Аргументы не используются.
 179+ 0000              ;    Возвращаемых значений нет.
 180+ 0000              ;
 181+ 0000              ;Примечание: используется при записи в очередь, когда очередь переполнена (stdio.asm и term).
 182+ 0000              ;В остальных случаях замедляет общую работу системы.
 183+ 0000                      macro YIELDKEEP ;if you want reentry in this frame
 184+ 0000 ~                    OS_YIELDKEEP
 185+ 0000                      endm
 186+ 0000
 187+ 0000              ;*********************** YIELDGETKEY **********************
 188+ 0000              ;Отдаёт квант времени системе и опрашивает клавиатуру (не рекомендуется использовать для опроса мыши).
 189+ 0000              ;    Аргументы не используются.
 190+ 0000              ;    Возвращаемые значения в регистрах:
 191+ 0000              ;        A - код символа(кнопки). Допустимые коды смотри в 'sysdefs.asm' секция 'Usable key codes'
 192+ 0000              ;        C - код символа(кнопки) без учета текущего языкового модификатора. Как правило, используется дляи обработки "горячих кнопок"
 193+ 0000              ;        DE - позиция мыши (y,x) (возвращает 0 при отсутствии фокуса)
 194+ 0000              ;        L - кнопки мыши (bits 0(LMB),1(RMB),2(MMB): 0=pressed; bits 7..4=положение колёсика)
 195+ 0000              ;        Флаг Z - если 1(Z), то клавиша не нажата
 196+ 0000                      macro YIELDGETKEY ;out: nz=nokey, a=keylang, c=keynolang
 197+ 0000 ~            	YIELD ;halt ;если сделать просто di:rst 0x38, то 1.сдвинем таймер и 2.можем потерять кадровое прерывание, а если без ei, то будут глюки
 198+ 0000 ~                    OS_GETKEY
 199+ 0000 ~                    or a ;cp NOKEY ;keylang==0?
 200+ 0000 ~                    jr nz,$+3
 201+ 0000 ~                    cp c ;keynolang==0?
 202+ 0000                      endm
 203+ 0000
 204+ 0000              ;*********************** YIELDGETKEYLOOP **********************
 205+ 0000              ;Циклически опрашивает клавиатуру (не рекомендуется использовать для опроса мыши).
 206+ 0000              ;    Аргументы не используются.
 207+ 0000              ;    Возвращаемые значения в регистрах:
 208+ 0000              ;        A - код символа(кнопки). Допустимые коды смотри в 'sysdefs.asm' секция 'Usable key codes'
 209+ 0000              ;        C - код символа(кнопки) без учета текущего языкового модификатора. Как правило, используется дляи обработки "горячих кнопок"
 210+ 0000              ;        DE - позиция мыши (y,x) (возвращает 0 при отсутствии фокуса)
 211+ 0000              ;        L - кнопки мыши (bits 0(LMB),1(RMB),2(MMB): 0=pressed; bits 7..4=положение колёсика)
 212+ 0000                      macro YIELDGETKEYLOOP
 213+ 0000 ~            __1=$
 214+ 0000 ~                    YIELDGETKEY
 215+ 0000 ~                    jr z,__1
 216+ 0000                      endm
 217+ 0000
 218+ 0000              ;*********************** WAITPID **********************
 219+ 0000              ;Ожидание завершения дочернего процесса.
 220+ 0000              ;    Аргумент: E - PID
 221+ 0000              ;    Возвращаемые значения в регистрах:
 222+ 0000              ;        HL - результат, который вернул дочерний процесс
 223+ 0000              ;Как это работает:
 224+ 0000              ;OS_SETWAITING замораживает текущий процесс, а YIELD передаёт время системе.
 225+ 0000              ;Текущий процесс получит управление только тогда, когда дочерний процесс завершится или сделает OS_HIDEFROMPARENT
 226+ 0000              ;(он автоматически размораживает родителя и записывает childresult в структуру родителя).
 227+ 0000                      macro WAITPID
 228+ 0000 ~                    OS_SETWAITING ;не замораживает, если дочерний процесс уже завершился
 229+ 0000 ~                    YIELD
 230+ 0000 ~                    ld c,CMD_GETCHILDRESULT
 231+ 0000 ~            	CALLBDOS_NOPARAM_A ;hl=result
 232+ 0000                      endm
 233+ 0000
 234+ 0000              ;======================= from CP/M: =============================
 235+ 0000
 236+ 0000              ;*********************** OS_SETDTA **********************
 237+ 0000              ;Установить адрес передачи данных для следующей команды CP/M.
 238+ 0000              ;    Все аргументы в регистрах:
 239+ 0000              ;        DE - адрес передачи данных.
 240+ 0000              ;    Возвращаемых значений нет.
 241+ 0000                      macro OS_SETDTA ;DE = data transfer address (DTA)
 242+ 0000 ~                    ld c,CMD_SETDTA
 243+ 0000 ~                    CALLBDOS_NOPARAM_A
 244+ 0000                      endm
 245+ 0000              ;*********************** OS_FSEARCHFIRST **********************
 246+ 0000              ;Прочитать первый элемент текущей директории (файл или каталог).
 247+ 0000              ;Последующие элементы директории надо считывать командой OS_FSEARCHNEXT.
 248+ 0000              ;Вся информация о файле или каталоге будет записана в FCB по адресу, установленному командой SET_DTA (этот адрес меняется после выполнения команды!).
 249+ 0000              ;Полученную FCB можно будет открыть командой OS_FOPEN.
 250+ 0000              ;Если возвращена ошибка, то ничего не записывается и адрес не сдвигается.
 251+ 0000              ;    Все аргументы в регистрах:
 252+ 0000              ;        DE - адрес FCB с маской имени файла или каталога (знак '?' в ней означает любой символ в имени).
 253+ 0000              ;    Возвращаемые значения в регистрах:
 254+ 0000              ;        A - код ошибки (если 0, то ошибки нет). Окончание директории - это ошибка.
 255+ 0000              ;
 256+ 0000              ;Примечания:
 257+ 0000              ;NedoOS не проверяет номер экстента в FCB с маской.
 258+ 0000              ;В NedoOS атрибуты файла возвращаются в обычном месте (не в поле S1).
 259+ 0000              ;NedoOS не возвращает этой командой метку диска и date stamps.
 260+ 0000              ;NedoOS не пропускает скрытые и системные файлы.
 261+ 0000              ;NedoOS не возвращает коды ошибки в регистрах H,L,C.
 262+ 0000              ;В NedoOS выходное значение A = 1..3 считается ошибкой.
 263+ 0000                      macro OS_FSEARCHFIRST ;de = pointer to unopened FCB (filename with ????????), read matching FCB to DTA. DTA had to set every time
 264+ 0000 ~                    ld c,CMD_FSEARCHFIRST
 265+ 0000 ~                    CALLBDOS_NOPARAM_A
 266+ 0000                      endm
 267+ 0000
 268+ 0000              ;*********************** OS_FSEARCHNEXT **********************
 269+ 0000              ;Прочитать очередной (не первый) элемент текущей директории (файл или каталог).
 270+ 0000              ;Вся информация о файле или каталоге будет записана в FCB по адресу, установленному командой SET_DTA (этот адрес меняется после выполнения команды!).
 271+ 0000              ;Полученную FCB можно будет открыть командой OS_FOPEN.
 272+ 0000              ;Если возвращена ошибка, то ничего не записывается и адрес не сдвигается.
 273+ 0000              ;    Все аргументы в регистрах:
 274+ 0000              ;        DE - адрес FCB с маской имени файла или каталога (знак '?' в ней означает любой символ в имени).
 275+ 0000              ;    Возвращаемые значения в регистрах:
 276+ 0000              ;        A - код ошибки (если 0, то ошибки нет). Окончание директории - это ошибка.
 277+ 0000              ;
 278+ 0000              ;Примечание: в отличие от CP/M, нужно обязательно передавать адрес маски!
 279+ 0000              ;См. также примечания к OS_FSEARCHFIRST!
 280+ 0000                      macro OS_FSEARCHNEXT ;(NOT CP/M compatible!!!)de = pointer to unopened FCB (filename with ????????), read matching FCB to DTA. DTA had to set every time
 281+ 0000 ~                    ld c,CMD_FSEARCHNEXT
 282+ 0000 ~                    CALLBDOS_NOPARAM_A
 283+ 0000                      endm
 284+ 0000
 285+ 0000              ;Нижеследующие вызовы CP/M пользовать не рекомендуется!
 286+ 0000              ;from CP/M (try to avoid use!)
 287+ 0000                      ;macro OS_PRCHAR ;e=char
 288+ 0000                      ;ld c,CMD_PRCHAR
 289+ 0000                      ;CALLBDOS_NOPARAM_A
 290+ 0000                      ;endm
 291+ 0000                      macro OS_SETDRV ;e=drive ;out: a!=0 => not mounted, [l=number of drives]
 292+ 0000 ~                    ld c,CMD_SETDRV
 293+ 0000 ~                    CALLBDOS_NOPARAM_A
 294+ 0000                      endm
 295+ 0000                      macro OS_FOPEN ;de = pointer to unopened FCB
 296+ 0000 ~                    ld c,CMD_FOPEN
 297+ 0000 ~                    CALLBDOS_NOPARAM_A
 298+ 0000                      endm
 299+ 0000                      macro OS_FCLOSE ;de = pointer to opened FCB
 300+ 0000 ~                    ld c,CMD_FCLOSE
 301+ 0000 ~                    CALLBDOS_NOPARAM_A
 302+ 0000                      endm
 303+ 0000                      macro OS_FDEL ;DEPRECATED!!!!! ;DE = Pointer to unopened FCB
 304+ 0000 ~                    ld c,CMD_FDEL
 305+ 0000 ~                    CALLBDOS_NOPARAM_A
 306+ 0000                      endm
 307+ 0000                      macro OS_FREAD ;DE = Pointer to opened FCB, read 128 bytes in DTA, out: a=128^bytes actually read (not CP/M!)
 308+ 0000 ~                    ld c,CMD_FREAD
 309+ 0000 ~                    CALLBDOS_NOPARAM_A
 310+ 0000                      endm
 311+ 0000                      macro OS_FWRITE ;DE = Pointer to opened FCB, write 128 bytes from DTA
 312+ 0000 ~                    ld c,CMD_FWRITE
 313+ 0000 ~                    CALLBDOS_NOPARAM_A
 314+ 0000                      endm
 315+ 0000                      macro OS_FCREATE ;DE = Pointer to unopened FCB
 316+ 0000 ~                    ld c,CMD_FCREATE
 317+ 0000 ~                    CALLBDOS_NOPARAM_A
 318+ 0000                      endm
 319+ 0000
 320+ 0000              ;======================= from MSX-DOS: =============================
 321+ 0000
 322+ 0000              ;*********************** OS_OPENHANDLE **********************
 323+ 0000              ;Открывает существующий файл для чтения/записи.
 324+ 0000              ;    Все аргументы в регистрах:
 325+ 0000              ;        DE - строка с именем файла, может содержать относительный или абсолютный путь к файлу.
 326+ 0000              ;            в текущей реализации поддержан формат имен 8.3
 327+ 0000              ;    Возвращаемые значения в регистрах:
 328+ 0000              ;        А - ошибка. Если 0x00, то ошибки нет.
 329+ 0000              ;        B - хэндл файла, если нет ошибки.
 330+ 0000              ;
 331+ 0000              ;Пример открытия файла "pyraster.txt", расположенного в директории "../fu/ckco":
 332+ 0000              ;        ...
 333+ 0000              ;        LD DE,FILE_NAME
 334+ 0000              ;        OS_OPENHANDLE
 335+ 0000              ;        OR A
 336+ 0000              ;        JP NZ,ERR_EXIT    ;обработка ошибок
 337+ 0000              ;        LD A,B
 338+ 0000              ;        LD (FILE),A    ;сохраняем дескриптор
 339+ 0000              ;        ...
 340+ 0000              ;FILE_NAME:
 341+ 0000              ;        DEFB "../fu/ckco/pyraster.txt",0
 342+ 0000              ;        ...
 343+ 0000              ;
 344+ 0000              ;Примечания:
 345+ 0000              ;Необходимо закрывать все открытые файлы.
 346+ 0000              ;Также желательно закрыть файл, как только он становится не нужен для чтения/записи.
 347+ 0000              ;При открытии файла указатель чтения/записи этого файла устанавливается на первый байт в файле.
 348+ 0000                      macro OS_OPENHANDLE ;DE = Drive/path/file ASCIIZ string ;out: B = new file handle, A=error
 349+ 0000 ~                    ld c,CMD_OPENHANDLE
 350+ 0000 ~                    CALLBDOS_NOPARAM_A
 351+ 0000                      endm
 352+ 0000
 353+ 0000              ;*********************** OS_CREATEHANDLE **********************
 354+ 0000              ;Создать и открыть файл для чтения/записи.
 355+ 0000              ;    Все аргументы в регистрах:
 356+ 0000              ;        DE - строка с именем файла, может содержать относительный или абсолютный путь к файлу.
 357+ 0000              ;            в текущей реализации поддержан формат имен 8.3
 358+ 0000              ;    Возвращаемые значения в регистрах:
 359+ 0000              ;        А - ошибка. Если 0x00, то ошибки нет.
 360+ 0000              ;        B - хэндл файла, если нет ошибки.
 361+ 0000              ;
 362+ 0000              ;Пример создания файла "pyraster.txt", расположенного в директории "../fu/ckco":
 363+ 0000              ;        ...
 364+ 0000              ;        LD DE,FILE_NAME
 365+ 0000              ;        OS_CREATEHANDLE
 366+ 0000              ;        OR A
 367+ 0000              ;        JP NZ,ERR_EXIT    ;обработка ошибок
 368+ 0000              ;        LD A,B
 369+ 0000              ;        LD (FILE),A    ;сохраняем дескриптор
 370+ 0000              ;        ...
 371+ 0000              ;FILE_NAME:
 372+ 0000              ;        DEFB "../fu/ckco/pyraster.txt",0
 373+ 0000              ;        ...
 374+ 0000              ;
 375+ 0000              ;Примечания:
 376+ 0000              ;Необходимо закрывать все открытые файлы.
 377+ 0000              ;Также желательно закрыть файл, как только он становится не нужен для чтения/записи.
 378+ 0000              ;При создании файла указатель чтения/записи этого файла устанавливается на первый байт в файле.
 379+ 0000              ;Не рекомендуется читать файл, открытый через OS_CREATEHANDLE! Лучше закройте его и откройте через OS_OPENHANDLE.
 380+ 0000                      macro OS_CREATEHANDLE ;DE = Drive/path/file ASCIIZ string ;out: B = new file handle, A=error
 381+ 0000 ~                    ld c,CMD_CREATEHANDLE
 382+ 0000 ~                    CALLBDOS_NOPARAM_A
 383+ 0000                      endm
 384+ 0000
 385+ 0000              ;*********************** OS_CLOSEHANDLE **********************
 386+ 0000              ;Закрывает открытый файл.
 387+ 0000              ;    Все аргументы в регистрах:
 388+ 0000              ;        B - хэндл файла.
 389+ 0000              ;    Возвращаемые значения в регистрах:
 390+ 0000              ;        А - ошибка. Если 0x00, то ошибки нет.
 391+ 0000              ;
 392+ 0000              ;Пример закрытия файла:
 393+ 0000              ;        ...
 394+ 0000              ;        LD A,(FILE)
 395+ 0000              ;        LD B,A
 396+ 0000              ;        OS_CLOSEHANDLE
 397+ 0000              ;        OR A
 398+ 0000              ;        JP NZ,ERR_EXIT    ;обработка ошибок
 399+ 0000              ;        ...
 400+ 0000              ;
 401+ 0000              ;Примечания:
 402+ 0000              ;Необходимо закрывать все открытые файлы.
 403+ 0000              ;Также желательно закрыть файл, как только он становится не нужен для чтения/записи.
 404+ 0000                      macro OS_CLOSEHANDLE ;B = file handle, out: A=error
 405+ 0000 ~                    ld c,CMD_CLOSEHANDLE
 406+ 0000 ~                    CALLBDOS_NOPARAM_A
 407+ 0000                      endm
 408+ 0000
 409+ 0000              ;*********************** OS_READHANDLE **********************
 410+ 0000              ;Читает массив байтов из открытого файла.
 411+ 0000              ;    Все аргументы в регистрах:
 412+ 0000              ;        B - хэндл файла.
 413+ 0000              ;        DE - указатель на буфер, куда следует прочитать массив байтов.
 414+ 0000              ;        HL - количество байтов, которые следует прочитать.
 415+ 0000              ;    Возвращаемые значения в регистрах:
 416+ 0000              ;        А - ошибка. Если 0x00, то ошибки нет.
 417+ 0000              ;        HL - если ошибки нет, то содержит количество прочитанных байтов (если 0, то файл кончился).
 418+ 0000              ;
 419+ 0000              ;Пример чтения из открытого файла:
 420+ 0000              ;        ...
 421+ 0000              ;        LD A,(FILE)
 422+ 0000              ;        LD B,A
 423+ 0000              ;        LD DE,READ_BUF
 424+ 0000              ;        LD HL,150
 425+ 0000              ;        OS_READHANDLE
 426+ 0000              ;        OR A
 427+ 0000              ;        JP NZ,ERR_EXIT    ;обработка ошибок
 428+ 0000              ;        LD A,H
 429+ 0000              ;        OR L
 430+ 0000              ;        JP Z,END_READ    ;данных для чтения нет, либо указатель чтения\записи указывает на конец файла
 431+ 0000              ;        ...
 432+ 0000              ;READ_BUF
 433+ 0000              ;        DEFS 1000
 434+ 0000              ;Примечание: при чтении сдвигается (на количество прочитанных байт)
 435+ 0000              ;указатель на данные в файле, следующее чтение начнётся с позиции этого указателя.
 436+ 0000                      macro OS_READHANDLE ;B = file handle, DE = Buffer address, HL = Number of bytes to read, out: HL = Number of bytes actually read, A=error
 437+ 0000 ~                    ld c,CMD_READHANDLE
 438+ 0000 ~                    CALLBDOS_NOPARAM_A
 439+ 0000                      endm
 440+ 0000
 441+ 0000              ;*********************** OS_WRITEHANDLE **********************
 442+ 0000              ;Запись массива байтов в открытый файл.
 443+ 0000              ;    Все аргументы в регистрах:
 444+ 0000              ;        B - хэндл файла.
 445+ 0000              ;        DE - указатель на буфер, содержащий массив байтов, которые следует записать в файл
 446+ 0000              ;        HL - количество байтов, которые следует записать
 447+ 0000              ;    Возвращаемые значения в регистрах:
 448+ 0000              ;        А - ошибка. Если 0x00, то ошибки нет.
 449+ 0000              ;        HL - если ошибки нет, то содержит количество записанных байтов.
 450+ 0000              ;
 451+ 0000              ;Пример записи в открытый файл:
 452+ 0000              ;        ...
 453+ 0000              ;        LD A,(FILE)
 454+ 0000              ;        LD B,A
 455+ 0000              ;        LD DE,BUF
 456+ 0000              ;        LD HL,BUF_SIZE
 457+ 0000              ;        OS_WRITEHANDLE
 458+ 0000              ;        OR A
 459+ 0000              ;        JP NZ,ERR_EXIT    ;обработка ошибок
 460+ 0000              ;        ...
 461+ 0000              ;BUF        DEFB "Hello Work!"
 462+ 0000              ;BUF_SIZE EQU $-BUF
 463+ 0000              ;
 464+ 0000              ;Примечание: при записи сдвигается (на количество записанных байтов)
 465+ 0000              ;указатель на данные в файле, следующая запись начнётся с позиции этого указателя.
 466+ 0000                      macro OS_WRITEHANDLE ;B = file handle, DE = Buffer address, HL = Number of bytes to write, out: HL = Number of bytes actually written, A=error
 467+ 0000 ~                    ld c,CMD_WRITEHANDLE
 468+ 0000 ~                    CALLBDOS_NOPARAM_A
 469+ 0000                      endm
 470+ 0000
 471+ 0000              ;*********************** OS_SEEKHANDLE **********************
 472+ 0000              ;Перемещение указателя чтения/записи в файле.
 473+ 0000              ;    Все аргументы в регистрах:
 474+ 0000              ;        B - хэндл файла.
 475+ 0000              ;        DEHL - нужное смещение относительно начала файла.
 476+ 0000              ;    Возвращаемых значений нет.
 477+ 0000              ;
 478+ 0000              ;Примечание: в отличие от MSX-DOS, смещение всегда относительно начала файла (регистр A не влияет).
 479+ 0000              ;Для чтения положения указателя см. функцию OS_TELLHANDLE.
 480+ 0000              ;Для чтения размера файла см. функцию OS_GETFILESIZE.
 481+ 0000                      macro OS_SEEKHANDLE ;b=file handle, dehl=offset
 482+ 0000 ~                    ld c,CMD_SEEKHANDLE
 483+ 0000 ~                    CALLBDOS_NOPARAM_A
 484+ 0000                      endm
 485+ 0000
 486+ 0000              ;*********************** OS_CHDIR **********************
 487+ 0000              ;Сменить текущую директорию (в рамках текущего процесса).
 488+ 0000              ;    Все аргументы в регистрах:
 489+ 0000              ;        DE - указатель на строку с полным или относительным путём (можно без конечной косой черты).
 490+ 0000              ;    Возвращаемые значения в регистрах:
 491+ 0000              ;        А - ошибка. Если 0x00, то ошибки нет.
 492+ 0000              ;
 493+ 0000              ;Примечание: В отличие от MSX-DOS, в пути используются только прямые косые черты.
 494+ 0000              ;Например: "e:/bin/".
 495+ 0000                      macro OS_CHDIR ;DE = Pointer to ASCIIZ string. Out A=error
 496+ 0000 ~                    ld c,CMD_CHDIR
 497+ 0000 ~                    CALLBDOS_NOPARAM_A
 498+ 0000                      endm
 499+ 0000
 500+ 0000              ;*********************** OS_GETPATH **********************
 501+ 0000              ;Прочитать текущий путь (в рамках текущего процесса).
 502+ 0000              ;    Все аргументы в регистрах:
 503+ 0000              ;        DE - указатель на буфер размером MAXPATH_sz, куда будет помещён путь (ASCIIZ).
 504+ 0000              ;    Возвращаемые значения в регистрах:
 505+ 0000              ;        HL - указатель на последний элемент пути в этом буфере
 506+ 0000              ;
 507+ 0000              ;Примечания:
 508+ 0000              ;В MSX-DOS был буфер размером 64 байта, а в текущей реализации NedoOS MAXPATH_sz = 256.
 509+ 0000              ;Путь возвращается без конечной косой черты, кроме случая корня диска.
 510+ 0000              ;В отличие от MSX-DOS, в пути используются только прямые косые черты.
 511+ 0000                      macro OS_GETPATH ;DE = Pointer to MAXPATH_sz byte buffer ;out: DE = Filled in with whole path string (WITH DRIVE! Finished by slash only if root dir), HL = Pointer to start of last item
 512+ 0000 ~                    ld c,CMD_GETPATH
 513+ 0000 ~                    CALLBDOS_NOPARAM_A
 514+ 0000                      endm
 515+ 0000
 516+ 0000              ;*********************** OS_RENAME **********************
 517+ 0000              ;Переименовать файл или директорию.
 518+ 0000              ;    Все аргументы в регистрах:
 519+ 0000              ;        DE - старое имя, возможно с полным или относительным путём (ASCIIZ).
 520+ 0000              ;        HL - новое имя, пока что требуется такой же путь, как в DE.
 521+ 0000              ;    Возвращаемые значения в регистрах:
 522+ 0000              ;        HL - указатель на последний элемент пути в этом буфере
 523+ 0000              ;        A  - FRESULT error code (C unsigned char: only A; HL is not a return).
 524+ 0000              ;             0  = FR_OK (success)
 525+ 0000              ;             1  = FR_DISK_ERR
 526+ 0000              ;             2  = FR_INT_ERR
 527+ 0000              ;             3  = FR_NOT_READY
 528+ 0000              ;             4  = FR_NO_FILE      (old name missing)
 529+ 0000              ;             5  = FR_NO_PATH
 530+ 0000              ;             6  = FR_INVALID_NAME
 531+ 0000              ;             7  = FR_DENIED
 532+ 0000              ;             8  = FR_EXIST        (new name taken -- typical updater retry)
 533+ 0000              ;             9  = FR_INVALID_OBJECT
 534+ 0000              ;            10  = FR_WRITE_PROTECTED
 535+ 0000              ;            11  = FR_INVALID_DRIVE
 536+ 0000              ;            12  = FR_NOT_ENABLED
 537+ 0000              ;            13  = FR_NO_FILESYSTEM
 538+ 0000              ;            14..18 = FR_MKFS_ABORTED / FR_TIMEOUT / FR_LOCKED /
 539+ 0000              ;                     FR_NOT_ENOUGH_CORE / FR_TOO_MANY_OPEN_FILES
 540+ 0000              ;        Success: A=0. Not OS_GETPATH: HL is NOT a path pointer here.
 541+ 0000              ;        (Kernel FatFs leaves FRESULT in L; IAR wrapper: ld a,l, restore caller HL.)
 542+ 0000              ;Примечания:
 543+ 0000              ;В отличие от MSX-DOS, в новом имени пока что требуется такой же путь, как в DE (если там не было пути, то и в новом не надо).
 544+ 0000                      macro OS_RENAME ;DE = Drive/path/file ASCIIZ string, HL = New filename ASCIIZ string (NOT MSXDOS compatible! with Drive/path!) ;RENAME OR MOVE FILE
 545+ 0000 ~                    ld c,CMD_RENAME
 546+ 0000 ~                    CALLBDOS_NOPARAM_A
 547+ 0000                      endm
 548+ 0000
 549+ 0000              ;*********************** OS_DELETE **********************
 550+ 0000              ;Удалить файл.
 551+ 0000              ;    Все аргументы в регистрах:
 552+ 0000              ;        DE - имя файла, возможно с полным или относительным путём (ASCIIZ).
 553+ 0000              ;    Возвращаемые значения в регистрах:
 554+ 0000              ;        А - ошибка. Если 0x00, то ошибки нет.
 555+ 0000                      macro OS_DELETE ;DE = Drive/path/file ASCIIZ string, out: A = Error
 556+ 0000 ~                    ld c,CMD_DELETE
 557+ 0000 ~                    CALLBDOS_NOPARAM_A
 558+ 0000                      endm
 559+ 0000
 560+ 0000              ;*********************** OS_PARSEFNAME **********************
 561+ 0000              ;Перекодировать имя файла в формат CP/M (8 байт имени, 3 байта расширения).
 562+ 0000              ;    Все аргументы в регистрах:
 563+ 0000              ;        DE - имя файла в ASCIIZ.
 564+ 0000              ;        HL - указатель на буфер под имя файла в формате CP/M.
 565+ 0000              ;    Возвращаемые значения в регистрах:
 566+ 0000              ;        DE - указатель на терминатор имени файла
 567+ 0000              ;        HL - указатель на буфер под имя файла в формате CP/M.
 568+ 0000              ;        A - всегда 0.
 569+ 0000              ;
 570+ 0000              ;Примечание: в отличие от MSX-DOS, не возвращаются флаги результата в регистре B.
 571+ 0000                      macro OS_PARSEFNAME ;de(dotname) -> hl(cpmname) ;out: de=pointer to termination character, hl=buffer filled in
 572+ 0000 ~                    ld c,CMD_PARSEFNAME
 573+ 0000 ~                    CALLBDOS_NOPARAM_A
 574+ 0000                      endm
 575+ 0000
 576+ 0000              ;invented
 577+ 0000                      macro OS_SETTIME ;ix=date, hl=time
 578+ 0000 ~                    ld c,CMD_SETTIME
 579+ 0000 ~            	CALLBDOS_NOPARAM_A
 580+ 0000                      endm
 581+ 0000                      macro OS_OPENDIR ;de=path (must be empty ASCIIZ for now)
 582+ 0000 ~                    ld c,CMD_OPENDIR
 583+ 0000 ~            	CALLBDOS_NOPARAM_A
 584+ 0000                      endm
 585+ 0000                      macro OS_READDIR 	;de=buf for FILINFO (if no LNAME, use FNAME), 0x00 in FILINFO_FNAME = end dir
 586+ 0000 ~                    ld c,CMD_READDIR
 587+ 0000 ~            	CALLBDOS_NOPARAM_A		;out in A=error(0 - no error, 4 - no more files, other - critical error)
 588+ 0000                      endm
 589+ 0000                      macro OS_HIDEFROMPARENT ;for tasks with their own screen handling ;hl=результат программы (родитель его получает по WAITPID)
 590+ 0000 ~                    ld c,CMD_HIDEFROMPARENT
 591+ 0000 ~            	CALLBDOS_NOPARAM_A
 592+ 0000                      endm
 593+ 0000                      macro OS_SETSTDINOUT ;b=id, e=stdin, d=stdout, h=stderr
 594+ 0000 ~                    ld c,CMD_SETSTDINOUT
 595+ 0000 ~            	CALLBDOS_NOPARAM_A
 596+ 0000                      endm
 597+ 0000                      macro OS_GETSTDINOUT ;e=stdin, d=stdout, h=stderr, l=hgt of stdout
 598+ 0000 ~                    ld c,CMD_GETSTDINOUT
 599+ 0000 ~            	CALLBDOS_NOPARAM_A
 600+ 0000                      endm
 601+ 0000
 602+ 0000              ;*********************** OS_PLAYCOVOX **********************
 603+ 0000              ;Синхронно проигрывает 8-битный PCM-сэмпл через Covox (порт 0xFB, ?Pentagon CovoxFB?).
 604+ 0000              ;Работает на ATM2 и Evo (и других конфигурациях с Covox на порту 0xFB). На ATM3 и PE26
 605+ 0000              ;аппаратного Covox нет ? вызов не приведёт к ошибке, но звука не будет.
 606+ 0000              ;Вызов блокирующий: управление возвращается только после окончания сэмпла.
 607+ 0000              ;На время проигрывания прерывания запрещены (DI), турбо-режим EGA временно выключается
 608+ 0000              ;(бит 3 в порту 0xBD77 сбрасывается) и восстанавливается по завершении.
 609+ 0000              ;    Все аргументы в регистрах:
 610+ 0000              ;        HL - адрес начала сэмпла в области 0xC000..0xFFFF (старший байт адреса >= 0xC0).
 611+ 0000              ;             Сэмпл ? последовательность байтов без знака, центрированных около 0x80
 612+ 0000              ;             (тишина = 0x80, амплитуда 0..255). Конец сэмпла отмечается байтом 0x00.
 613+ 0000              ;             ВАЖНО: 0x00 ? одновременно и ?тишина?, и маркер конца! Значение 0x00
 614+ 0000              ;             внутри сэмпла обрывает проигрывание. При подготовке данных нулевые отсчёты
 615+ 0000              ;             заменяют на 0x01 (см. утилиту evoresc, makesample.h).
 616+ 0000              ;        DE - указатель на таблицу страниц (pagetable) в основной странице процесса
 617+ 0000              ;             (адреса 0x0000+). Таблица ? массив номеров страниц ОЗУ, по одному байту
 618+ 0000              ;             на каждые 16 КБ данных сэмпла. Первый байт ? страница для области 0xC000,
 619+ 0000              ;             второй ? для следующих 16 КБ (после переполнения HL за 0xFFFF), и т.д.
 620+ 0000              ;             Номера страниц ? те же, что возвращает OS_NEWPAGE / OS_GETMAINPAGES
 621+ 0000              ;             (с учётом модели памяти ATM2/ATM3/Evo).
 622+ 0000              ;             Ядро отображает основную страницу процесса в 0x8000 и читает таблицу по
 623+ 0000              ;             адресу DE|0x8000 (устанавливает бит 7 регистра D).
 624+ 0000              ;        HX - задержка между отсчётами (чем меньше ? тем выше частота дискретизации).
 625+ 0000              ;             Типичные значения (реальная частота при 14 МГц):
 626+ 0000              ;                 HX=27  ~  8 кГц
 627+ 0000              ;                 HX=18  ~ 11 кГц  (11025 Гц в WAV)
 628+ 0000              ;                 HX=11  ~ 16 кГц
 629+ 0000              ;                 HX=7   ~ 22 кГц  (22050 Гц в WAV)
 630+ 0000              ;                 HX=3   ~ 33 кГц
 631+ 0000              ;                 HX=1   ~ 44 кГц  (44100 Гц в WAV)
 632+ 0000              ;    Возвращаемых значений нет.
 633+ 0000              ;    Портит все регистры.
 634+ 0000              ;
 635+ 0000              ;Формат каталога сэмплов (как в играх на evosdk, страница SND_PAGE):
 636+ 0000              ;    SMP_COUNT  ? байт: количество сэмплов (до 256).
 637+ 0000              ;    SMP_LIST   ? таблица 4?256 байт, для сэмпла с индексом N (0..SMP_COUNT-1):
 638+ 0000              ;        [SMP_LIST + N + 0]   ? младший байт смещения данных внутри страницы
 639+ 0000              ;        [SMP_LIST + N + 256] ? старший байт смещения (к адресу добавляется 0xC000)
 640+ 0000              ;        [SMP_LIST + N + 512] ? индекс первой страницы в pagetable (~номер_страницы)
 641+ 0000              ;        [SMP_LIST + N + 768] ? значение HX (задержка / частота)
 642+ 0000              ;    Pagetable (массив tpags[256] в основной странице) заполняется при загрузке ресурсов:
 643+ 0000              ;    tpags[i] = номер страницы ОЗУ, куда загружен i-й блок данных (page_N.bin).
 644+ 0000              ;    Для сэмпла, занимающего несколько страниц, в pagetable подряд идут номера
 645+ 0000              ;    последовательных страниц, начиная с индекса из SMP_LIST+512.
 646+ 0000              ;
 647+ 0000              ;Пример проигрывания сэмпла по номеру (упрощённо, из games/_sdk/lib_sound.asm):
 648+ 0000              ;        LD A,SND_PAGE          ;страница со звуковыми данными
 649+ 0000              ;        SETPGC000
 650+ 0000              ;        LD A,(SMP_COUNT|0xC000)
 651+ 0000              ;        LD E,A
 652+ 0000              ;        LD A,L                 ;L = номер сэмпла
 653+ 0000              ;        CP E
 654+ 0000              ;        JR NC,.skip
 655+ 0000              ;        LD H,HIGH(SMP_LIST|0xC000)
 656+ 0000              ;        LD E,(HL)              ;смещение, младший байт
 657+ 0000              ;        INC H
 658+ 0000              ;        LD A,(HL)              ;смещение, старший байт
 659+ 0000              ;        OR 0xC0
 660+ 0000              ;        LD D,A
 661+ 0000              ;        INC H
 662+ 0000              ;        LD A,(HL)              ;индекс в pagetable
 663+ 0000              ;        CPL
 664+ 0000              ;        INC H
 665+ 0000              ;        LD H,(HL)              ;H = задержка
 666+ 0000              ;        EX DE,HL               ;HL = адрес сэмпла, D = задержка
 667+ 0000              ;        LD HX,D                ;HX = задержка
 668+ 0000              ;        LD E,A                 ;E = индекс в pagetable
 669+ 0000              ;        LD D,TPAGES/256        ;D = старший байт адреса pagetable
 670+ 0000              ;        OS_PLAYCOVOX
 671+ 0000              ;.skip
 672+ 0000              ;
 673+ 0000              ;Подготовка WAV-файлов: утилита src/games/_sdk/tools_src/evoresc (ключ -samplelist).
 674+ 0000              ;Конвертирует моно/стерео PCM 8/16 бит в формат Covox, упаковывает в page_*.bin
 675+ 0000              ;и заполняет SMP_LIST / tpags. Готовый sound.bin подключается к проекту как SND_PAGE.
 676+ 0000              ;
 677+ 0000              ;Примечание: во время проигрывания не вызывайте YIELD и не полагайтесь на прерывания.
 678+ 0000              ;Для фонового звука используйте OS_SETMUSIC (PT3) или AY-эффекты; OS_PLAYCOVOX ? для
 679+ 0000              ;коротких синхронных сэмплов (выстрел, взрыв, щелчок и т.п.).
 680+ 0000                      macro OS_PLAYCOVOX ;hl=data (0xc000+, 0x00=end), de=pagetable (0x0000+), hx=delay
 681+ 0000 ~                    ld c,CMD_PLAYCOVOX
 682+ 0000 ~            	CALLBDOS_NOPARAM_A
 683+ 0000                      endm
 684+ 0000                      macro OS_SETMUSIC ;hl=muzaddr (0x4000..0xffff, 0=killmuz), a=muzpg (pages in 0x8000, 0xc000 are taken from current user memory)
 685+ 0000 ~                    ld c,CMD_SETMUSIC
 686+ 0000 ~            	CALLBDOS
 687+ 0000                      endm
 688+ 0000                      macro OS_READSECTORS ;b=drive, de=buffer, ixhl=sector number, a=count ;out: a=error
 689+ 0000 ~                    ld c,CMD_READSECTORS
 690+ 0000 ~            	CALLBDOS
 691+ 0000                      endm
 692+ 0000                      macro OS_WRITESECTORS ;b=drive, de=buffer, ixhl=sector number, a=count ;out: a=error
 693+ 0000 ~                    ld c,CMD_WRITESECTORS
 694+ 0000 ~            	CALLBDOS
 695+ 0000                      endm
 696+ 0000                      macro OS_GETFILESIZE ;b=handle, out: dehl=file size
 697+ 0000 ~                    ld c,CMD_GETFILESIZE
 698+ 0000 ~            	CALLBDOS_NOPARAM_A
 699+ 0000                      endm
 700+ 0000                      macro OS_GETFILINFO ;de=filename, hl=buf[FILINFO_sz] to get FILINFO
 701+ 0000 ~                    ld c,CMD_GETFILINFO
 702+ 0000 ~            	CALLBDOS_NOPARAM_A
 703+ 0000                      endm
 704+ 0000                      macro OS_SETBORDER ;e=0..15
 705+ 0000 ~                    ld c,CMD_SETBORDER
 706+ 0000 ~            	CALLBDOS_NOPARAM_A
 707+ 0000                      endm
 708+ 0000                      macro OS_SETWAITING ;set WAITING state for current task ;don't use directly!
 709+ 0000 ~                    ld c,CMD_SETWAITING
 710+ 0000 ~            	CALLBDOS_NOPARAM_A
 711+ 0000                      endm
 712+ 0000                      macro OS_NETSOCKET ;D=address family (2=inet, 23=inet6), E=socket type (0x01 tcp/ip, 0x02 icmp, 0x03 udp/ip) ;out: L=SOCKET (if L < 0 then A=error)
 713+ 0000 ~            	ld l,0x01
 714+ 0000 ~                    ld c,CMD_WIZNETOPEN
 715+ 0000 ~            	CALLBDOS_NOPARAM_A
 716+ 0000                      endm
 717+ 0000                      macro OS_NETSHUTDOWN;A=SOCKET ; out: if HL < 0 then A=error
 718+ 0000 ~            	ld l,0x02
 719+ 0000 ~                    ld c,CMD_WIZNETOPEN
 720+ 0000 ~            	CALLBDOS
 721+ 0000                      endm
 722+ 0000                      macro OS_NETCONNECT;A=SOCKET, DE=sockaddr ptr {unsigned char sin_family /*net type*/; unsigned short sin_port; struct in_addr sin_addr /*4 bytes IP*/; char sin_zero[8];}; out: if HL < 0 then A=error
 723+ 0000 ~            	ld l,0x03
 724+ 0000 ~                    ld c,CMD_WIZNETOPEN
 725+ 0000 ~            	CALLBDOS
 726+ 0000                      endm
 727+ 0000                      macro OS_ACCEPT;A=SOCKET; out: HL
 728+ 0000 ~            	ld l,0x04
 729+ 0000 ~                    ld c,CMD_WIZNETOPEN
 730+ 0000 ~            	CALLBDOS
 731+ 0000                      endm
 732+ 0000                      macro OS_BIND;A=SOCKET, DE=sockaddr ptr {unsigned char sin_family /*net type*/; unsigned short sin_port; struct in_addr sin_addr /*4 bytes IP*/; char sin_zero[8];}
 733+ 0000 ~            	ld l,0x05
 734+ 0000 ~                    ld c,CMD_WIZNETOPEN
 735+ 0000 ~            	CALLBDOS
 736+ 0000                      endm
 737+ 0000                      macro OS_LISTEN;A=SOCKET
 738+ 0000 ~            	ld l,0x06
 739+ 0000 ~                    ld c,CMD_WIZNETOPEN
 740+ 0000 ~            	CALLBDOS
 741+ 0000                      endm
 742+ 0000                      macro OS_GETDNS;DE= ptr to DNS buffer(4 bytes)
 743+ 0000 ~            	ld l,0x08
 744+ 0000 ~                    ld c,CMD_WIZNETOPEN
 745+ 0000 ~            	CALLBDOS
 746+ 0000                      endm
 747+ 0000                      macro OS_WIZNETCLOSE;A=SOCKET
 748+ 0000 ~                    ld c,CMD_WIZNETCLOSE
 749+ 0000 ~            	CALLBDOS
 750+ 0000                      endm
 751+ 0000                      macro OS_WIZNETREAD;A=SOCKET, de=buffer_ptr, HL=sizeof(buffer) ; out: HL=count if HL < 0 then A=error
 752+ 0000 ~                    ld c,CMD_WIZNETREAD
 753+ 0000 ~            	CALLBDOS
 754+ 0000                      endm
 755+ 0000                      macro OS_WIZNETWRITE;A=SOCKET, de=buffer_ptr, HL=sizeof(buffer) ; out: HL=count if HL < 0 then A=error
 756+ 0000 ~                    ld c,CMD_WIZNETWRITE
 757+ 0000 ~            	CALLBDOS
 758+ 0000                      endm
 759+ 0000                      macro OS_DROPAPP ;e=id
 760+ 0000 ~                    ld c,CMD_DROPAPP
 761+ 0000 ~            	CALLBDOS_NOPARAM_A
 762+ 0000                      endm
 763+ 0000                      macro OS_GETAPPMAINPAGES ;e=id ;out: d,e,h,l=pages in 0000,4000,8000,c000, c=flags, b=id, a=error
 764+ 0000 ~                    ld c,CMD_GETAPPMAINPAGES
 765+ 0000 ~            	CALLBDOS_NOPARAM_A
 766+ 0000                      endm
 767+ 0000                      macro OS_GETMEMPORTS ;out: ix=memport0000, bc=memport4000, de=memport8000, hl=memportc000
 768+ 0000 ~                    ld c,CMD_GETMEMPORTS
 769+ 0000 ~            	CALLBDOS_NOPARAM_A
 770+ 0000                      endm
 771+ 0000                      macro OS_GETCONFIG  ;out: H=system drive, L= 1-Evo 2-ATM2 3-ATM3 6-p2.666 ;E=pgsys(system page) D= TR-DOS page
 772+ 0000 ~                    ld c,CMD_GETCONFIG
 773+ 0000 ~            	CALLBDOS_NOPARAM_A
 774+ 0000                      endm
 775+ 0000                      macro OS_GETXY ;out: de=yx ;GET CURSOR POSITION
 776+ 0000 ~                    ld c,CMD_GETXY
 777+ 0000 ~            	CALLBDOS_NOPARAM_A
 778+ 0000                      endm
 779+ 0000                      macro OS_GETTIME ;out: ix=date, hl=time
 780+ 0000 ~                    ld c,CMD_GETTIME
 781+ 0000 ~                    CALLBDOS_NOPARAM_A
 782+ 0000                      endm
 783+ 0000                      macro OS_GETFILETIME ;de=Drive/path/file ASCIIZ string, out: ix=date, hl=time
 784+ 0000 ~                    ld c,CMD_GETFILETIME
 785+ 0000 ~                    CALLBDOS_NOPARAM_A
 786+ 0000                      endm
 787+ 0000                      macro OS_SETFILETIME ;de=Drive/path/file ASCIIZ string, ix=date, hl=time
 788+ 0000 ~                    ld c,CMD_SETFILETIME
 789+ 0000 ~                    CALLBDOS_NOPARAM_A
 790+ 0000                      endm
 791+ 0000
 792+ 0000              ;*********************** OS_TELLHANDLE **********************
 793+ 0000              ;Чтение указателя чтения/записи в файле.
 794+ 0000              ;    Все аргументы в регистрах:
 795+ 0000              ;        B - хэндл файла.
 796+ 0000              ;    Возвращаемые значения в регистрах:
 797+ 0000              ;        DEHL - смещение относительно начала файла.
 798+ 0000              ;
 799+ 0000              ;Примечание: для чтения размера файла см. функцию OS_GETFILESIZE.
 800+ 0000                      macro OS_TELLHANDLE ;b=file handle, out: dehl=offset ;GET POSITION IN FILE
 801+ 0000 ~                    ld c,CMD_TELLHANDLE
 802+ 0000 ~                    CALLBDOS_NOPARAM_A
 803+ 0000                      endm
 804+ 0000
 805+ 0000                      macro OS_SCROLLUP ;de=topyx, hl=hgt,wid ;x, wid even ;TEXTMODE ONLY
 806+ 0000 ~                    ld c,CMD_SCROLLUP
 807+ 0000 ~                    CALLBDOS_NOPARAM_A
 808+ 0000                      endm
 809+ 0000                      macro OS_SCROLLDOWN ;de=topyx, hl=hgt,wid ;x, wid even ;TEXTMODE ONLY
 810+ 0000 ~                    ld c,CMD_SCROLLDOWN
 811+ 0000 ~                    CALLBDOS_NOPARAM_A
 812+ 0000                      endm
 813+ 0000                      macro OS_SETMAINPAGE ;e=page for 0x0000
 814+ 0000 ~                    ld c,CMD_SETMAINPAGE
 815+ 0000 ~                    CALLBDOS_NOPARAM_A
 816+ 0000                      endm
 817+ 0000
 818+ 0000              ;*********************** OS_SETSYSDRV ***********************
 819+ 0000              ; Устанавливает текущую директорию на *:/bin/ , где * - буква
 820+ 0000              ; системного диска (c которого загрузилась ОС)
 821+ 0000              ;
 822+ 0000              ; in: --none--
 823+ 0000              ;
 824+ 0000              ; out: A: A!=0 -- системный диск не примонтирован.
 825+ 0000              ;      L: -- общее количество примонтированных дисков.
 826+ 0000              ;
 827+ 0000                      macro OS_SETSYSDRV ;out: a!=0 => not mounted, l=number of drives
 828+ 0000 ~                    ld c,CMD_SETSYSDRV
 829+ 0000 ~                    CALLBDOS_NOPARAM_A
 830+ 0000                      endm
 831+ 0000                      macro OS_MKDIR ;DE = Pointer to ASCIIZ string, out: a
 832+ 0000 ~                    ld c,CMD_MKDIR
 833+ 0000 ~                    CALLBDOS_NOPARAM_A
 834+ 0000                      endm
 835+ 0000                      macro OS_CHECKPID ;e=id ;check if this child(!) app exists, out: a!=0 => OK, or else a=0
 836+ 0000 ~                    ld c,CMD_CHECKPID
 837+ 0000 ~                    CALLBDOS_NOPARAM_A
 838+ 0000                      endm
 839+ 0000                      macro OS_FREEZEAPP ;e=id ;disable app and make non-graphic ;сейчас делает то же, что OS_SETWAITING делает себе
 840+ 0000 ~                    ld c,CMD_FREEZEAPP
 841+ 0000 ~                    CALLBDOS_NOPARAM_A
 842+ 0000                      endm
 843+ 0000                      macro OS_GETATTR ;DEPRECATED!!! ;out: a ;READ ATTR AT CURSOR POSITION
 844+ 0000 ~                    ld c,CMD_GETATTR
 845+ 0000 ~                    CALLBDOS_NOPARAM_A
 846+ 0000                      endm
 847+ 0000                      macro OS_MOUNT ;e=drive, out: a
 848+ 0000 ~                    ld c,CMD_MOUNT
 849+ 0000 ~                    CALLBDOS_NOPARAM_A
 850+ 0000                      endm
 851+ 0000                      macro OS_GETKEYMATRIX ;out: bcdehlix = halfrows cs...space
 852+ 0000 ~                    ld c,CMD_GETKEYMATRIX
 853+ 0000 ~                    CALLBDOS_NOPARAM_A
 854+ 0000                      endm
 855+ 0000                      macro OS_GETTIMER ;out: dehl=timer
 856+ 0000 ~                    ld c,CMD_GETTIMER
 857+ 0000 ~            	CALLBDOS_NOPARAM_A
 858+ 0000                      endm
 859+ 0000                      macro OS_YIELD ;schedule to another app (use YIELD macro instead of HALT!!!)
 860+ 0000 ~                    ld c,CMD_YIELD
 861+ 0000 ~            	CALLBDOS_NOPARAM_A
 862+ 0000                      endm
 863+ 0000                      macro OS_RUNAPP ;e=id ;ACTIVATE DISABLED APP
 864+ 0000 ~                    ld c,CMD_RUNAPP
 865+ 0000 ~            	CALLBDOS_NOPARAM_A
 866+ 0000                      endm
 867+ 0000                      macro OS_NEWAPP ;out: b=id, a=error, dehl=newapp pages in 0000,4000,8000,c000 ;MAKE NEW DISABLED APP
 868+ 0000 ~                    ld c,CMD_NEWAPP
 869+ 0000 ~            	CALLBDOS_NOPARAM_A
 870+ 0000                      endm
 871+ 0000                      macro OS_PRATTR ;e=color byte ;DRAW ATTR AT CURSOR POSITION
 872+ 0000 ~                    ld c,CMD_PRATTR
 873+ 0000 ~            	CALLBDOS_NOPARAM_A
 874+ 0000                      endm
 875+ 0000                      macro OS_CLS ;e=color byte
 876+ 0000 ~                    ld c,CMD_CLS
 877+ 0000 ~            	CALLBDOS_NOPARAM_A
 878+ 0000                      endm
 879+ 0000                      macro OS_SETCOLOR ;e=color byte
 880+ 0000 ~                    ld c,CMD_SETCOLOR
 881+ 0000 ~            	CALLBDOS_NOPARAM_A
 882+ 0000                      endm
 883+ 0000                      macro OS_SETXY ;de=yx ;SET CURSOR POSITION
 884+ 0000 ~                    ld c,CMD_SETXY
 885+ 0000 ~            	CALLBDOS_NOPARAM_A
 886+ 0000                      endm
 887+ 0000
 888+ 0000              ;*********************** OS_SETGFX **********************
 889+ 0000              ;Устанавливает видеорежим и переключает фокус на текущий процесс.
 890+ 0000              ;При старте процесса вывод на экран, процессом, недоступен без установки видеорежима.
 891+ 0000              ;    Все аргументы в регистрах:
 892+ 0000              ;        E - видеорежим (+8, если нужно выключить турбо, +0x80, если нужно автоматически запоминать и восстанавливать экранные страницы), допустимы следующие значения:
 893+ 0000              ;            0 - EGA
 894+ 0000              ;            2 - Аппаратный мультиколор
 895+ 0000              ;            3 - 6912
 896+ 0000              ;            6 - текстовый видеорежим
 897+ 0000              ;            -1 - отключает видеовывод и переключает фокус на следующий процесс
 898+ 0000              ;    Возвращаемые значения в регистрах:
 899+ 0000              ;        E - видеорежим до вызова OS_SETGFX
 900+ 0000              ;
 901+ 0000              ;Пример установки текстового видеорежима:
 902+ 0000              ;        LD E,6
 903+ 0000              ;        OS_SETGFX
 904+ 0000                      macro OS_SETGFX ;e=0:EGA, e=2:MC, e=3:6912, e=6:text ;+SET FOCUS ;e=-1: disable gfx (out: e=old gfxmode)
 905+ 0000 ~                    ld c,CMD_SETGFX
 906+ 0000 ~            	CALLBDOS_NOPARAM_A
 907+ 0000                      endm
 908+ 0000
 909+ 0000                      macro OS_SETPAL ;de=palette (32 bytes)
 910+ 0000 ~                    ld c,CMD_SETPAL
 911+ 0000 ~            	CALLBDOS_NOPARAM_A
 912+ 0000                      endm
 913+ 0000                      macro OS_GETPAL ;de=palette (32 bytes)
 914+ 0000 ~                    ld c,CMD_GETPAL
 915+ 0000 ~            	CALLBDOS_NOPARAM_A
 916+ 0000                      endm
 917+ 0000                      macro OS_GETMAINPAGES ;out: d,e,h,l=pages in 0000,4000,8000,c000, c=flags, b=id
 918+ 0000 ~                    ld c,CMD_GETMAINPAGES
 919+ 0000 ~            	CALLBDOS_NOPARAM_A
 920+ 0000                      endm
 921+ 0000                      macro OS_NEWPAGE ;out: a=0 (OK)/!=0 (fail), e=page
 922+ 0000 ~                    ld c,CMD_NEWPAGE
 923+ 0000 ~            	CALLBDOS_NOPARAM_A
 924+ 0000                      endm
 925+ 0000                      macro OS_DELPAGE ;e=page ;GIVE SOME PAGE BACK TO THE OS
 926+ 0000 ~                    ld c,CMD_DELPAGE
 927+ 0000 ~            	CALLBDOS_NOPARAM_A
 928+ 0000                      endm
 929+ 0000                      macro OS_GETPAGEOWNER ;e=page ;out: e=owner id (0=free, 0xff=system)
 930+ 0000 ~                    ld c,CMD_GETPAGEOWNER
 931+ 0000 ~            	CALLBDOS_NOPARAM_A
 932+ 0000                      endm
 933+ 0000                      macro OS_SETSCREEN ;e=screen=0..1
 934+ 0000 ~                    ld c,CMD_SETSCREEN
 935+ 0000 ~            	CALLBDOS_NOPARAM_A
 936+ 0000                      endm
 937+ 0000                      macro OS_YIELDKEEP ;schedule to another app, can return in this frame
 938+ 0000 ~                    ld c,CMD_YIELDKEEP
 939+ 0000 ~            	CALLBDOS_NOPARAM_A
 940+ 0000                      endm
 941+ 0000
 942+ 0000              ;;;;;;;;;;;;;;;;;;;;;;;;;;;;;;;;;;;;;;;;;;;;;;;;;;;
 943+ 0000
 944+ 0000                      macro STANDARDPAL ;DDp palette: %grbG11RB(low),%grbG11RB(high), inverted
 945+ 0000 ~                    dw 0xffff,0xfefe,0xfdfd,0xfcfc,0xefef,0xeeee,0xeded,0xecec
 946+ 0000 ~                    dw 0xffff,0xdede,0xbdbd,0x9c9c,0x6f6f,0x4e4e,0x2d2d,0x0c0c
 947+ 0000                      endm
 948+ 0000
 949+ 0000              ;;;;;;;;;;;;;;;;;;;;;;;;;;;;;;;;;;;;;;;;;;;;;;
 950+ 0000              ;последующие макросы будут убраны (они временно для переделки программ под term)
 951+ 0000                      macro SETXY_ ;set cursor position (in: de=YX, top left is 0;0)
 952+ 0000 ~                    ;OS_SETXY
 953+ 0000 ~                    call setxy
 954+ 0000                      endm
 955+ 0000
 956+ 0000                      macro SETX_ ;set cursor X position (in: e=X, left is 0)
 957+ 0000 ~                    call setx
 958+ 0000                      endm
 959+ 0000
 960+ 0000                      macro CLS_ ;clear visible area of terminal
 961+ 0000 ~                    ;ld e,0
 962+ 0000 ~                    ;OS_CLS
 963+ 0000 ~                    call clearterm
 964+ 0000                      endm
 965+ 0000
 966+ 0000                      macro PRCHAR_ ;send char to stdout (in: A=char)
 967+ 0000 ~                    ;OS_PRCHAR
 968+ 0000 ~                    call sendchar
 969+ 0000                      endm
 970+ 0000
 971+ 0000                      macro GETCHAR_ ;read char from stdin (out: A=char, CY=error)
 972+ 0000 ~                    ;OS_GETKEY
 973+ 0000 ~                    call receivechar
 974+ 0000                      endm
 975+ 0000
 976+ 0000                      macro GETKEY_ ;read key from stdin (out: A=keylang, C=keynolang(???TODO), CY=error)
 977+ 0000 ~                    ;OS_GETKEY
 978+ 0000 ~                    call getkey;receivekey
 979+ 0000                      endm
 980+ 0000
 981+ 0000                      macro SETCOLOR_ ;setcolor (macro SETCOLOR_) - set color attribute (in: d=paper, e=ink)
 982+ 0000 ~                    ;ld a,d
 983+ 0000 ~                    ;add a,a
 984+ 0000 ~                    ;add a,a
 985+ 0000 ~                    ;add a,a
 986+ 0000 ~                    ;or e
 987+ 0000 ~                    ;ld e,a
 988+ 0000 ~                    ;OS_SETCOLOR
 989+ 0000 ~                    call setcolor
 990+ 0000                      endm
 991+ 0000
# file closed: ../_sdk/sys_h.asm
  10  0000              DEBUG=0
  11  0000
  12  0000              MAXCMDSZ=COMMANDLINE_sz-1;127 ;не считая терминатора
  13  0000              ;txtscrhgt=25
  14  0000              txtscrwid=80
  15  0000              CMDLINEY=24
  16  0000
  17  0000              _COLOR=0x0007;7
  18  0000              _ERRORCOLOR=0x0009;0x42
  19  0000
  20  0000                      org PROGSTART
  21  0100              cmd_begin
  22  0100 31 00 40             ld sp,0x4000 ;не должен опускаться ниже 0x3b00! иначе возможна порча OS
  23  0103 CD B2 2B             call initstdio
  24  0106
  25  0106                      OS_GETSTDINOUT ;e=stdin, d=stdout, h=stderr
  25  0106 0E D3       >        ld c,CMD_GETSTDINOUT
  25  0108             >	CALLBDOS_NOPARAM_A
  25  0108 CD 05 00    >        call BDOS ;c=CMD
  26  010B 7A                   ld a,d
  27  010C 32 A0 02             ld (stdouthandle_wasatstart),a
  28  010F 7B                   ld a,e
  29  0110 32 BD 02             ld (stdinhandle_wasatstart),a
  30  0113
  31  0113                      OS_GETMAINPAGES
  31  0113 0E FB       >        ld c,CMD_GETMAINPAGES
  31  0115             >	CALLBDOS_NOPARAM_A
  31  0115 CD 05 00    >        call BDOS ;c=CMD
  32  0118              ;dehl=номера страниц в 0000,4000,8000,c000
  33  0118 E5                   push hl
  34  0119                      OS_DELPAGE
  34  0119 0E FD       >        ld c,CMD_DELPAGE
  34  011B             >	CALLBDOS_NOPARAM_A
  34  011B CD 05 00    >        call BDOS ;c=CMD
  35  011E E1                   pop hl
  36  011F E5                   push hl
  37  0120 5C                   ld e,h
  38  0121                      OS_DELPAGE
  38  0121 0E FD       >        ld c,CMD_DELPAGE
  38  0123             >	CALLBDOS_NOPARAM_A
  38  0123 CD 05 00    >        call BDOS ;c=CMD
  39  0126 E1                   pop hl
  40  0127 5D                   ld e,l
  41  0128                      OS_DELPAGE
  41  0128 0E FD       >        ld c,CMD_DELPAGE
  41  012A             >	CALLBDOS_NOPARAM_A
  41  012A CD 05 00    >        call BDOS ;c=CMD
  42  012D
  43  012D 21 80 00             ld hl,COMMANDLINE ;command line
  44  0130 E5                   push hl
  45  0131 11 31 24             ld de,params
  46  0134 CD BB 08             call strcopy
  47  0137
  48  0137 21 31 24             ld hl,params
  49  013A CD 19 0C             call cmd_skip_cmdcom
  50  013D CD 8D 08             call skipspaces
  51  0140 22 8A 01             ld (cmdlineword2),hl
  52  0143 7E                   ld a,(hl)
  53  0144 B7                   or a
  54  0145 CA F3 01             jp z,cmd_interactive
  55  0148              ;command line = "cmd [/k|/p] <command>"
  56  0148 AF                   xor a
  57  0149 32 AF 13             ld (cmd_afterrun),a
  58  014C CD 94 08             call cmd_skipflags
  59  014F 3A AF 13             ld a,(cmd_afterrun)
  60  0152 32 B0 13             ld (cmd_afterrun_saved),a
  61  0155 7E                   ld a,(hl)
  62  0156 B7                   or a
  63  0157 28 14                jr z,cmd_onerun_nocmd
  64  0159 11 32 2B             ld de,cmdbuf
  65  015C CD BB 08             call strcopy
  66  015F
  67  015F CD 68 29             call makeprompt ;иначе запустится из неправильной директории
  68  0162
  69  0162 CD 33 02             call execcmd_maybepipes ;can show errors ;a!=0: no such internal command
  70  0165                      ;or a
  71  0165                      ;call nz,callcmd;strcpexec_tryrun ;запускает по фону
  72  0165                      YIELD ;чтобы запущенная задача успела захватить фокус ;???
  72  0165             >        OS_YIELD
  72  0165 0E F2       >        ld c,CMD_YIELD
  72  0167             >	CALLBDOS_NOPARAM_A
  72  0167 CD 05 00    >        call BDOS ;c=CMD
  73  016A C3 70 01             jp cmd_afterrun_done
  74  016D              cmd_onerun_nocmd
  75  016D C3 70 01             jp cmd_afterrun_done
  76  0170              cmd_afterrun_done
  77  0170 3A B0 13             ld a,(cmd_afterrun_saved)
  78  0173 B7                   or a
  79  0174 28 03                jr z,cmd_afterrun_use_live
  80  0176 32 AF 13             ld (cmd_afterrun),a
  81  0179              cmd_afterrun_use_live
  82  0179 3A AF 13             ld a,(cmd_afterrun)
  83  017C FE 01                cp 1
  84  017E CA F3 01             jp z,cmd_interactive ; /k
  85  0181 FE 02                cp 2
  86  0183 CA 95 01             jp z,cmd_press_exit ; /p
  87  0186              ;если командная строка была со словом autoexec.bat в параметре, то это начальный запуск autoexec.bat, из него надо входить в интерактивный режим
  88  0186 21 AC 01             ld hl,tautoexecbat
  89  0189              cmdlineword2=$+1
  90  0189 11 00 00             ld de,0
  91  018C CD 3C 29             call strcp ;z=yes
  92  018F 28 62                jr z,cmd_interactive
  93  0191              cmd_exit
  94  0191              lastresult=$+1
  95  0191 21 00 00            ld hl,0
  96  0194                      QUIT
  96  0194 C7          >        rst 0 ;close app
  97  0195
  98  0195              cmd_press_exit
  99  0195 CD A4 01             call cmd_flushstdin
 100  0198 21 B9 01             ld hl,tpresstoexit
 101  019B CD F0 29             call prtext
 102  019E              cmd_press_exit0
 103  019E CD 11 0C             call cmd_pause_infin
 104  01A1 C3 91 01             jp cmd_exit
 105  01A4
 106  01A4              cmd_flushstdin
 107  01A4 CD 51 2D             call receivechar
 108  01A7 D8                   ret c
 109  01A8 B7                   or a
 110  01A9 20 F9                jr nz,cmd_flushstdin
 111  01AB C9                   ret
 112  01AC
 113  01AC              tautoexecbat
 114  01AC 61 75 74 6F          db "autoexec.bat",0
 114  01B0 65 78 65 63
 114  01B4 2E 62 61 74
 114  01B8 00
 115  01B9
 116  01B9              tpresstoexit
 117  01B9 50 72 65 73          db "Press any key to exit...",0x0d,0x0a,0
 117  01BD 73 20 61 6E
 117  01C1 79 20 6B 65
 117  01C5 79 20 74 6F
 117  01C9 20 65 78 69
 117  01CD 74 2E 2E 2E
 117  01D1 0D 0A 00
 118  01D4              version_text
 119  01D4 43 6F 6D 6D  		defb "Command line interpreter. rev.",0
 119  01D8 61 6E 64 20
 119  01DC 6C 69 6E 65
 119  01E0 20 69 6E 74
 119  01E4 65 72 70 72
 119  01E8 65 74 65 72
 119  01EC 2E 20 72 65
 119  01F0 76 2E 00
 120  01F3
 121  01F3              cmd_interactive
 122  01F3 AF                   xor a
 123  01F4 32 AF 13             ld (cmd_afterrun),a ; /k|/p only for initial one-shot
 124  01F7 32 32 2B             ld (cmdbuf),a
 125  01FA 32 B1 13             ld (oldcmd),a
 126  01FD 32 30 2A             ld (curcmdscroll),a
 127  0200 21 D4 01     	ld hl,version_text
 128  0203 CD F0 29             call prtext
 129  0206                      ifdef SVNREVISION
 130  0206 11 00 00                     ld de,((2572+1) >> 16) & 0xffff
 131  0209 21 0D 0A                     ld hl,(2572+1) & 0xffff
 132  020C CD 86 26     	        call prdword_dehl
 133  020F CD 20 0B     		call prcrlf
 134  0212                      endif
 135  0212              cmdmainloop
 136  0212                     if DEBUG
 137  0212 ~                    call printcurdir
 138  0212                     endif
 139  0212 CD 68 29             call makeprompt
 140  0215 CD FA 03             call editcmd
 141  0218 CD 20 0B             call prcrlf
 142  021B
 143  021B 21 32 2B             ld hl,cmdbuf
 144  021E 11 B1 13             ld de,oldcmd
 145  0221 01 80 00             ld bc,MAXCMDSZ+1
 146  0224 ED B0                ldir
 147  0226
 148  0226 CD 33 02             call execcmd_maybepipes
 149  0229                      ;or a
 150  0229                      ;call nz,callcmd;strcpexec_tryrun ;запускает по фону
 151  0229 AF                   xor a
 152  022A 32 32 2B             ld (cmdbuf),a
 153  022D 32 30 2A             ld (curcmdscroll),a
 154  0230 C3 12 02             jp cmdmainloop
 155  0233
 156  0233              execcmd_maybepipes
 157  0233              ;out:a!=0: no such internal command
 158  0233              ;если command pars >file, то create file, перенаправить вывод в него, execcmd, close file, перенаправить вывод обратно
 159  0233 21 32 2B             ld hl,cmdbuf
 160  0236 3E 7C                ld a,'|'
 161  0238 01 7F 00             ld bc,MAXCMDSZ
 162  023B ED B1                cpir
 163  023D CA C5 02             jp z,execcmd_pipe
 164  0240
 165  0240 21 32 2B             ld hl,cmdbuf
 166  0243 3E 3C                ld a,'<'
 167  0245 01 7F 00             ld bc,MAXCMDSZ
 168  0248 ED B1                cpir
 169  024A 28 59                jr z,execcmd_changestdin ;jr nz,cmd_noexeccmdtofile
 170  024C
 171  024C 21 32 2B             ld hl,cmdbuf
 172  024F 3E 3E                ld a,'>'
 173  0251 01 7F 00             ld bc,MAXCMDSZ
 174  0254 ED B1                cpir
 175  0256 C2 C9 05             jp nz,callcmd ;exec or run ;execcmd_or_runprog ;jr nz,cmd_noexeccmdtofile
 176  0259 BE                    cp (hl)
 177  025A 20 03                 jr nz,redirect_noadd
 178  025C 36 20                 ld (hl),' '
 179  025E AF                    xor a
 180  025F              redirect_noadd
 181  025F 32 6B 02              ld (redirect_mode),a
 182  0262              ;change stdout
 183  0262 2B                   dec hl
 184  0263 36 00                ld (hl),0
 185  0265 23                   inc hl
 186  0266 CD 8D 08              call skipspaces
 187  0269 EB                   ex de,hl ;de=filename
 188  026A              redirect_mode=$+1
 189  026A 3E 00                 ld a,0 ;0=open, else create
 190  026C B7                    or a
 191  026D 20 1A                 jr nz,redirect_create
 192  026F D5                   push de
 193  0270                      OS_OPENHANDLE
 193  0270 0E 43       >        ld c,CMD_OPENHANDLE
 193  0272             >        CALLBDOS_NOPARAM_A
 193  0272 CD 05 00    >        call BDOS ;c=CMD
 194  0275 D1                   pop de
 195  0276 B7                   or a
 196  0277 20 10                jr nz,redirect_create
 197  0279 C5                   push bc
 198  027A                      OS_GETFILESIZE
 198  027A 0E DA       >        ld c,CMD_GETFILESIZE
 198  027C             >	CALLBDOS_NOPARAM_A
 198  027C CD 05 00    >        call BDOS ;c=CMD
 199  027F C1                   pop bc
 200  0280 C5                   push bc
 201  0281                      OS_SEEKHANDLE ;b=file handle, dehl=offset
 201  0281 0E 4A       >        ld c,CMD_SEEKHANDLE
 201  0283             >        CALLBDOS_NOPARAM_A
 201  0283 CD 05 00    >        call BDOS ;c=CMD
 202  0286 C1                   pop bc
 203  0287 18 05                jr redirect_openq
 204  0289              redirect_create
 205  0289                      OS_CREATEHANDLE
 205  0289 0E 44       >        ld c,CMD_CREATEHANDLE
 205  028B             >        CALLBDOS_NOPARAM_A
 205  028B CD 05 00    >        call BDOS ;c=CMD
 206  028E              redirect_openq
 207  028E 78                   ld a,b
 208  028F 32 99 02             ld (execcmdtofile_handle),a
 209  0292 CD C0 2B             call setstdouthandle
 210  0295              ;changestdin_stdout_execcmd
 211  0295                      ;call execcmd ;can show errors ;a!=0: no such internal command
 212  0295                      ; or a
 213  0295                      ; call nz,callcmd
 214  0295 CD C9 05              call callcmd ;exec or run
 215  0298                      ;push af
 216  0298              ;команда выполнилась в блокирующем режиме и вышла
 217  0298              execcmdtofile_handle=$+1
 218  0298 06 00                ld b,0
 219  029A                      OS_CLOSEHANDLE ;закрыли выходной файл
 219  029A 0E 45       >        ld c,CMD_CLOSEHANDLE
 219  029C             >        CALLBDOS_NOPARAM_A
 219  029C CD 05 00    >        call BDOS ;c=CMD
 220  029F              stdouthandle_wasatstart=$+1
 221  029F 3E 00                ld a,0
 222  02A1 CD C0 2B             call setstdouthandle
 223  02A4              ;stdinhandle_wasatstart=$+1
 224  02A4              ;        ld a,0
 225  02A4              ;        call setstdinhandle
 226  02A4
 227  02A4                      ;pop af
 228  02A4 C9                   ret
 229  02A5                      ;jr cmd_noexeccmdtofileq
 230  02A5              ;cmd_noexeccmdtofile
 231  02A5              ;        jp execcmd ;a!=0: no such internal command
 232  02A5              ;cmd_noexeccmdtofileq
 233  02A5              ;        ret
 234  02A5
 235  02A5              execcmd_changestdin
 236  02A5 2B                   dec hl
 237  02A6 36 00                ld (hl),0
 238  02A8 23                   inc hl
 239  02A9 CD 8D 08              call skipspaces
 240  02AC EB                   ex de,hl ;de=filename
 241  02AD                      OS_OPENHANDLE
 241  02AD 0E 43       >        ld c,CMD_OPENHANDLE
 241  02AF             >        CALLBDOS_NOPARAM_A
 241  02AF CD 05 00    >        call BDOS ;c=CMD
 242  02B2 78                   ld a,b
 243  02B3                      ;ld (execcmdtofile_changestdin_handle),a
 244  02B3 CD C4 2B             call setstdinhandle
 245  02B6 CD C8 2B             call setstdinout
 246  02B9                      ;jr changestdin_stdout_execcmd
 247  02B9                      ;call execcmd ;can show errors ;a!=0: no such internal command
 248  02B9                      ; or a
 249  02B9                      ; call nz,callcmd
 250  02B9 CD C9 05              call callcmd ;exec or run
 251  02BC                      ;push af
 252  02BC              ;команда выполнилась в блокирующем режиме и вышла (или запустилась программа по фону)
 253  02BC
 254  02BC              ;execcmdtofile_changestdin_handle=$+1
 255  02BC              ;        ld b,0
 256  02BC              ;        OS_CLOSEHANDLE ;закрыли входной файл программы
 257  02BC              ;stdouthandle_wasatstart=$+1
 258  02BC              ;        ld a,0
 259  02BC              ;        call setstdouthandle
 260  02BC              stdinhandle_wasatstart=$+1
 261  02BC 3E 00                ld a,0
 262  02BE CD C4 2B             call setstdinhandle
 263  02C1 CD C8 2B             call setstdinout
 264  02C4
 265  02C4                      ;pop af
 266  02C4 C9                   ret
 267  02C5                      ;jr cmd_noexeccmdtofileq
 268  02C5
 269  02C5              execcmd_pipe
 270  02C5              ;cmd |app
 271  02C5 2B                   dec hl
 272  02C6 36 00                ld (hl),0
 273  02C8 23                   inc hl
 274  02C9 CD 8D 08              call skipspaces
 275  02CC                      ;hl=right app filename
 276  02CC 22 03 03             ld (rightapp_filename),hl
 277  02CF E5                   push hl
 278  02D0 CD C1 06             call skipword
 279  02D3 22 FE 02             ld (rightapp_filename_end),hl
 280  02D6 7E                   ld a,(hl)
 281  02D7 32 01 03             ld (rightapp_filename_endchar),a
 282  02DA 36 00                ld (hl),0
 283  02DC E1                   pop hl
 284  02DD
 285  02DD                      ; Open right app: add .com if needed, then try cwd and SYSDIR (bin/)
 286  02DD                      ; (old code opened bare name only ? grep without .com always failed)
 287  02DD CD 4C 03             call pipe_open_right ;in: hl=name ;out: b=handle, a=error
 288  02E0 B7                   or a
 289  02E1 20 63                jr nz,execcmd_pipe_openfail
 290  02E3
 291  02E3 C5                   push bc ;b=right app file handle
 292  02E4 11 E8 03             ld de,tpipename
 293  02E7                      OS_CREATEHANDLE
 293  02E7 0E 44       >        ld c,CMD_CREATEHANDLE
 293  02E9             >        CALLBDOS_NOPARAM_A
 293  02E9 CD 05 00    >        call BDOS ;c=CMD
 294  02EC 78                   ld a,b
 295  02ED 32 10 03             ld (pipehandle),a
 296  02F0 CD C0 2B             call setstdouthandle
 297  02F3                      ; Also update cmd app.stdout ? external left apps (time2) inherit via NEWAPP
 298  02F3                      ; and strcpexec SETSTDINOUT; without this, left child can keep term stdout.
 299  02F3 CD C8 2B             call setstdinout
 300  02F6 C1                   pop bc ;b=right app file handle
 301  02F7
 302  02F7 CD 8C 06             call readapp ;out: dehl=pages, b=id, a=error ;does CLOSE
 303  02FA C5                   push bc ;b=id
 304  02FB              ;dehl=pages in 0000,4000,8000,c000, b=id, a=error
 305  02FB 7A                   ld a,d
 306  02FC                      SETPGC000
 306  02FC EF          >        rst 0x28 ;set page "a" in 0xc000 ;spoils BC
 307  02FD              rightapp_filename_end=$+1
 308  02FD 21 00 00             ld hl,0
 309  0300              rightapp_filename_endchar=$+1
 310  0300 36 00                ld (hl),0
 311  0302              rightapp_filename=$+1
 312  0302 21 00 00             ld hl,0
 313  0305 11 80 C0             ld de,0xc000+COMMANDLINE
 314  0308 01 80 00             ld bc,COMMANDLINE_sz
 315  030B ED B0                ldir ;command line
 316  030D C1                   pop bc ;b=id
 317  030E C5                   push bc
 318  030F              pipehandle=$+1
 319  030F 1E 00                ld e,0 ;stdin for right app
 320  0311 3A A0 02             ld a,(stdouthandle_wasatstart)
 321  0314 57                   ld d,a ;stdout for right app
 322  0315 26 FF                ld h,0xff ;rnd
 323  0317              ;b=id, e=stdin, d=stdout, h=stderr
 324  0317                      OS_SETSTDINOUT
 324  0317 0E D2       >        ld c,CMD_SETSTDINOUT
 324  0319             >	CALLBDOS_NOPARAM_A
 324  0319 CD 05 00    >        call BDOS ;c=CMD
 325  031C F1                   pop af ;id
 326  031D 5F                   ld e,a ;e=id
 327  031E D5                   push de ;e=id
 328  031F                      OS_RUNAPP
 328  031F 0E F3       >        ld c,CMD_RUNAPP
 328  0321             >	CALLBDOS_NOPARAM_A
 328  0321 CD 05 00    >        call BDOS ;c=CMD
 329  0324
 330  0324                      ; Ensure left side still sees pipe as stdout (defensive: some paths touch handles)
 331  0324 3A 10 03             ld a,(pipehandle)
 332  0327 CD C0 2B             call setstdouthandle
 333  032A CD C8 2B             call setstdinout
 334  032D
 335  032D CD C9 05              call callcmd ;exec or run
 336  0330 D1                   pop de ;e=id
 337  0331 D5                   push de ;e=id
 338  0332 3A 10 03             ld a,(pipehandle)
 339  0335 47                   ld b,a
 340  0336                      OS_CLOSEHANDLE ;закрыли источник данных
 340  0336 0E 45       >        ld c,CMD_CLOSEHANDLE
 340  0338             >        CALLBDOS_NOPARAM_A
 340  0338 CD 05 00    >        call BDOS ;c=CMD
 341  033B D1                   pop de ;e=id
 342  033C
 343  033C 3A A0 02             ld a,(stdouthandle_wasatstart)
 344  033F CD C0 2B             call setstdouthandle
 345  0342 CD C8 2B             call setstdinout
 346  0345              execcmd_pipe_error
 347  0345 C9                   ret
 348  0346
 349  0346              execcmd_pipe_openfail
 350  0346 21 75 0E             ld hl,tunknowncommand
 351  0349 C3 0F 0B             jp cmderror
 352  034C
 353  034C              ;in: hl=ASCIIZ program name (no spaces)
 354  034C              ;out: b=handle, a=error (0=ok)
 355  034C              pipe_open_right
 356  034C E5                   push hl
 357  034D 11 2B 0F             ld de,wordbuf
 358  0350 CD BB 08             call strcopy
 359  0353 E1                   pop hl
 360  0354                      ; append .com if no dot in name
 361  0354 21 2B 0F             ld hl,wordbuf
 362  0357              pipe_open_finddot
 363  0357 7E                   ld a,(hl)
 364  0358 B7                   or a
 365  0359 28 07                jr z,pipe_open_addcom
 366  035B FE 2E                cp '.'
 367  035D 28 11                jr z,pipe_open_hasdot
 368  035F 23                   inc hl
 369  0360 18 F5                jr pipe_open_finddot
 370  0362              pipe_open_addcom
 371  0362 36 2E                ld (hl),'.'
 372  0364 23                   inc hl
 373  0365 36 63                ld (hl),'c'
 374  0367 23                   inc hl
 375  0368 36 6F                ld (hl),'o'
 376  036A 23                   inc hl
 377  036B 36 6D                ld (hl),'m'
 378  036D 23                   inc hl
 379  036E 36 00                ld (hl),0
 380  0370              pipe_open_hasdot
 381  0370 11 2B 0F             ld de,wordbuf
 382  0373                      OS_OPENHANDLE
 382  0373 0E 43       >        ld c,CMD_OPENHANDLE
 382  0375             >        CALLBDOS_NOPARAM_A
 382  0375 CD 05 00    >        call BDOS ;c=CMD
 383  0378 B7                   or a
 384  0379 C8                   ret z ;ok in cwd
 385  037A                      ; try SYSDIR (usually bin/), then restore cwd
 386  037A C5                   push bc
 387  037B 11 AF 11             ld de,oldpath
 388  037E                      OS_GETPATH
 388  037E 0E 5E       >        ld c,CMD_GETPATH
 388  0380             >        CALLBDOS_NOPARAM_A
 388  0380 CD 05 00    >        call BDOS ;c=CMD
 389  0383                      OS_SETSYSDRV
 389  0383 0E EA       >        ld c,CMD_SETSYSDRV
 389  0385             >        CALLBDOS_NOPARAM_A
 389  0385 CD 05 00    >        call BDOS ;c=CMD
 390  0388 11 AF 12             ld de,sysdir
 391  038B                      OS_GETPATH
 391  038B 0E 5E       >        ld c,CMD_GETPATH
 391  038D             >        CALLBDOS_NOPARAM_A
 391  038D CD 05 00    >        call BDOS ;c=CMD
 392  0390 11 AF 11             ld de,oldpath
 393  0393                      OS_CHDIR
 393  0393 0E 5A       >        ld c,CMD_CHDIR
 393  0395             >        CALLBDOS_NOPARAM_A
 393  0395 CD 05 00    >        call BDOS ;c=CMD
 394  0398 C1                   pop bc
 395  0399 21 AF 12             ld hl,sysdir
 396  039C CD 98 29             call strlen
 397  039F 7D                   ld a,l
 398  03A0 B4                   or h
 399  03A1 28 42                jr z,pipe_open_sysfail
 400  03A3                      ; ensure trailing slash
 401  03A3 21 AF 12             ld hl,sysdir
 402  03A6 CD 98 29             call strlen
 403  03A9 5D                   ld e,l
 404  03AA 54                   ld d,h
 405  03AB 21 AF 12             ld hl,sysdir
 406  03AE 19                   add hl,de
 407  03AF 2B                   dec hl ; last char
 408  03B0 7E                   ld a,(hl)
 409  03B1 FE 2F                cp '/'
 410  03B3 28 0A                jr z,pipe_open_sysslashok
 411  03B5 FE 5C                cp '\'
 412  03B7 28 06                jr z,pipe_open_sysslashok
 413  03B9 23                   inc hl
 414  03BA 36 2F                ld (hl),'/'
 415  03BC 23                   inc hl
 416  03BD 36 00                ld (hl),0
 417  03BF              pipe_open_sysslashok
 418  03BF 21 AF 12             ld hl,sysdir
 419  03C2 11 AB 0F             ld de,wordbuf2
 420  03C5 CD BB 08             call strcopy
 421  03C8 21 AB 0F             ld hl,wordbuf2
 422  03CB CD 98 29             call strlen
 423  03CE 5D                   ld e,l
 424  03CF 54                   ld d,h
 425  03D0 21 AB 0F             ld hl,wordbuf2
 426  03D3 19                   add hl,de ; end of path
 427  03D4 EB                   ex de,hl
 428  03D5 21 2B 0F             ld hl,wordbuf
 429  03D8 CD BB 08             call strcopy
 430  03DB 11 AB 0F             ld de,wordbuf2
 431  03DE                      OS_OPENHANDLE
 431  03DE 0E 43       >        ld c,CMD_OPENHANDLE
 431  03E0             >        CALLBDOS_NOPARAM_A
 431  03E0 CD 05 00    >        call BDOS ;c=CMD
 432  03E3 B7                   or a
 433  03E4 C9                   ret
 434  03E5              pipe_open_sysfail
 435  03E5 3E 01                ld a,1
 436  03E7 C9                   ret
 437  03E8
 438  03E8              tpipename
 439  03E8 7A 3A 00             db "z:",0
 440  03EB
 441  03EB              ;;;;;;;;;;;;;;;;;;
 442  03EB
 443  03EB              editcmd_up
 444  03EB AF                   xor a
 445  03EC 32 30 2A             ld (curcmdscroll),a
 446  03EF 11 32 2B             ld de,cmdbuf
 447  03F2 21 B1 13             ld hl,oldcmd
 448  03F5 01 80 00             ld bc,MAXCMDSZ+1
 449  03F8 ED B0                ldir
 450  03FA                      ;jp editcmd
 451  03FA
 452  03FA              editcmd
 453  03FA 21 32 2B             ld hl,cmdbuf
 454  03FD CD 98 29             call strlen
 455  0400 7D                   ld a,l
 456  0401 32 31 2A             ld (curcmdx),a
 457  0404              editcmd0
 458  0404 CD A5 29             call fixscroll_prcmd
 459  0407 CD 89 29             call cmdcalccurxy
 460  040A                      SETX_;SETXY_
 460  040A CD E9 2C    >        call setx
 461  040D                      ;ld e,CURSORCOLOR;0x38
 462  040D                      ;OS_PRATTR ;нарисовать курсор
 463  040D CD F2 2B             call yieldgetkeyloop ;YIELDGETKEYLOOP
 464  0410                     ;push af
 465  0410                     ;ld a,r
 466  0410                     ;out (0xfe),a
 467  0410                     ;pop af
 468  0410                       ;ld a,c ;keynolang
 469  0410                      ;push af
 470  0410                      ;call cmdcalccurxy
 471  0410                      ;SETXY_
 472  0410                      ;ld e,COLOR;7
 473  0410                      ;OS_PRATTR ;стереть курсор
 474  0410                      ;pop af
 475  0410 FE 0D                cp key_enter
 476  0412 C8                   ret z
 477  0413 FE FA                cp key_up
 478  0415 28 D4                jr z,editcmd_up
 479  0417 21 04 04              ld hl,editcmd0
 480  041A E5                    push hl
 481  041B                      ;ld hl,cmdbuf
 482  041B FE 08                cp key_backspace
 483  041D 28 2F                jr z,editcmd_backspace
 484  041F FE F8                cp key_left
 485  0421 28 3E                jr z,editcmd_left
 486  0423 FE FB                cp key_right
 487  0425 28 50                jr z,editcmd_right
 488  0427 FE 1C                cp key_home
 489  0429 28 40                jr z,editcmd_home
 490  042B FE 1E                cp key_end
 491  042D 28 3F                jr z,editcmd_end
 492  042F FE FC                cp key_del
 493  0431 28 27                jr z,editcmd_del
 494  0433 FE 20                cp 0x20
 495  0435 D8                   ret c ;jr c,editcmdok ;прочие системные кнопки не нужны
 496  0436              ;type in
 497  0436              editcmdtypein
 498  0436 5F                   ld e,a
 499  0437 21 32 2B             ld hl,cmdbuf
 500  043A CD 98 29             call strlen ;hl=length
 501  043D 01 7F 00             ld bc,MAXCMDSZ
 502  0440 B7                   or a
 503  0441 ED 42                sbc hl,bc
 504  0443 D0                   ret nc ;jr nc,editcmdok ;некуда вводить
 505  0444 CD 75 29             call cmdcalctextaddr ;hl=addr, a=curcmdx
 506  0447 3C                   inc a
 507  0448 32 31 2A             ld (curcmdx),a
 508  044B C3 27 2A             jp strinsch ;e=ch
 509  044E
 510  044E              editcmd_backspace
 511  044E CD 75 29             call cmdcalctextaddr ;hl=addr, a=curcmdx
 512  0451 B7                   or a
 513  0452 C8                   ret z ;jr z,editcmdok ;нечего удалять
 514  0453 3D                   dec a
 515  0454 32 31 2A             ld (curcmdx),a
 516  0457 C3 1E 2A             jp strdelch ;удаляет предыдущий символ
 517  045A
 518  045A              editcmd_del
 519  045A CD 75 29             call cmdcalctextaddr ;hl=addr, a=curcmdx
 520  045D 23                   inc hl
 521  045E C3 1E 2A             jp strdelch ;удаляет предыдущий символ
 522  0461
 523  0461              editcmd_left
 524  0461 3A 31 2A             ld a,(curcmdx)
 525  0464 B7                   or a
 526  0465 C8                   ret z ;jr z,editcmdok ;некуда влево
 527  0466 3D                   dec a
 528  0467              editcmd_leftq
 529  0467 32 31 2A             ld (curcmdx),a
 530  046A C9                   ret
 531  046B              editcmd_home
 532  046B AF                   xor a
 533  046C 18 F9                jr editcmd_leftq
 534  046E              editcmd_end
 535  046E 21 32 2B             ld hl,cmdbuf
 536  0471 CD 98 29             call strlen ;hl=length
 537  0474 7D                   ld a,l
 538  0475 18 F0                jr editcmd_leftq
 539  0477
 540  0477              editcmd_right
 541  0477 CD 75 29             call cmdcalctextaddr ;hl=addr, a=curcmdx
 542  047A 34                   inc (hl)
 543  047B 35                   dec (hl)
 544  047C C8                   ret z ;jr z,editcmdok ;некуда право, стоим на терминаторе
 545  047D 3C                   inc a
 546  047E 32 31 2A             ld (curcmdx),a
 547  0481 C9                   ret
 548  0482
 549  0482              getword
 550  0482              ;hl=string
 551  0482              ;de=wordbuf
 552  0482              ;out: hl=terminator/space addr
 553  0482              getword0
 554  0482 7E                   ld a,(hl)
 555  0483 B7                   or a
 556  0484 28 09                jr z,getwordq
 557  0486 D6 20                sub ' '
 558  0488 28 05                jr z,getwordq
 559  048A ED A0                ldi
 560  048C C3 82 04             jp getword0
 561  048F              getwordq
 562  048F                      ;xor a
 563  048F 12                   ld (de),a
 564  0490 C9                   ret
 565  0491
 566  0491              execcmd
 567  0491              ;a=0: command executed
 568  0491              ;a!=0: no such internal command
 569  0491 21 32 2B             ld hl,cmdbuf
 570  0494 7E                   ld a,(hl)
 571  0495 B7                   or a
 572  0496 C8                   ret z
 573  0497              		;display $
 574  0497              		;display wordbuf
 575  0497 11 2B 0F             ld de,wordbuf
 576  049A CD 82 04             call getword ;hl=terminator/space addr
 577  049D CD 8D 08             call skipspaces
 578  04A0 22 C3 08             ld (execcmd_pars),hl
 579  04A3 23           		inc hl
 580  04A4 3A 2C 0F     		ld a,(wordbuf+1)
 581  04A7 FE 3A        		cp ':'
 582  04A9 C2 B3 04     		jp nz,execcmd0
 583  04AC 3A 2D 0F     		ld a,(wordbuf+2)
 584  04AF B7           		or a
 585  04B0 CA FD 0A     		jp z,cmd_t0
 586  04B3              execcmd0
 587  04B3 21 B0 0D             ld hl,commandslist ;list of internal commands
 588  04B6              strcpexec0
 589  04B6 4E                   ld c,(hl)
 590  04B7 23                   inc hl
 591  04B8 46                   ld b,(hl)
 592  04B9 23                   inc hl
 593  04BA 78                   ld a,b
 594  04BB FE FF                cp -1
 595  04BD C8                   ret z ;jr z,strcpexec_tryrun ;a!=0: no such internal command
 596  04BE 11 2B 0F             ld de,wordbuf
 597  04C1 E5                   push hl
 598  04C2 CD 3C 29             call strcp
 599  04C5 E1                   pop hl
 600  04C6 20 19                jr nz,strcpexec_fail
 601  04C8 C5                   push bc
 602  04C9 21 91 01             ld hl,cmd_exit
 603  04CC 78                   ld a,b
 604  04CD BC                   cp h
 605  04CE 20 08                jr nz,strcpexec_docall
 606  04D0 79                   ld a,c
 607  04D1 BD                   cp l
 608  04D2 20 04                jr nz,strcpexec_docall
 609  04D4 C1                   pop bc
 610  04D5 C3 91 01             jp cmd_exit
 611  04D8              strcpexec_docall
 612  04D8 C1                   pop bc
 613  04D9 60                   ld h,b
 614  04DA 69                   ld l,c
 615  04DB CD E0 04             call jphl ;execute command
 616  04DE AF                   xor a
 617  04DF C9                   ret ;a=0: command executed
 618  04E0              jphl
 619  04E0 E9                   jp (hl) ;run internal command
 620  04E1              strcpexec_fail
 621  04E1 06 FF                ld b,-1 ;чтобы точно найти терминатор
 622  04E3 AF                   xor a
 623  04E4 ED B1                cpir ;найдём обязательно
 624  04E6 18 CE                jr strcpexec0
 625  04E8
 626  04E8              cmd_start
 627  04E8              ;выполнить командную строку по фону (нужно из .bat)
 628  04E8 21 32 2B             ld hl,cmdbuf
 629  04EB 7E                   ld a,(hl)
 630  04EC B7                   or a
 631  04ED C8                   ret z
 632  04EE 11 2B 0F             ld de,wordbuf
 633  04F1 CD 82 04             call getword ;hl=terminator/space addr
 634  04F4 CD 8D 08             call skipspaces
 635  04F7 11 32 2B             ld de,cmdbuf
 636  04FA 01 80 00             ld bc,MAXCMDSZ+1
 637  04FD ED B0                ldir
 638  04FF CD 09 05             call strcpexec_tryrun ;выполнить файл с именем cmdbuf или SYSDIR/cmdbuf и параметрами там, e=id, nz=error, cy=end of .bat
 639  0502 C8                   ret z
 640  0503              execcmd_error
 641  0503 21 75 0E             ld hl,tunknowncommand
 642  0506 C3 0F 0B             jp cmderror
 643  0509
 644  0509              strcpexec_tryrun
 645  0509              ;выполнить файл с именем cmdbuf или SYSDIR/cmdbuf и параметрами там, e=id, nz=error, cy=end of .bat
 646  0509 CD 00 06             call loadapp ;загрузить файл с именем cmdbuf, e=id, nz=error, cy=end of .bat
 647  050C D8                   ret c ;cy=end of .bat
 648  050D 20 1C                jr nz,execcmd_tryrunerror
 649  050F              execcmd_tryrunok
 650  050F D8                   ret c ;cy=end of .bat
 651  0510                      if 1==1
 652  0510 D5                  push de
 653  0511 43                   ld b,e ;id
 654  0512 3A 6F 2D             ld a,(stdinhandle)
 655  0515 5F                   ld e,a
 656  0516 3A 19 2D             ld a,(stdouthandle)
 657  0519 57                   ld d,a
 658  051A 26 FF                ld h,0xff ;rnd
 659  051C              ;b=id, e=stdin, d=stdout, h=stderr
 660  051C                      OS_SETSTDINOUT
 660  051C 0E D2       >        ld c,CMD_SETSTDINOUT
 660  051E             >	CALLBDOS_NOPARAM_A
 660  051E CD 05 00    >        call BDOS ;c=CMD
 661  0521 D1                  pop de
 662  0522                      endif
 663  0522 D5                   push de
 664  0523                      OS_RUNAPP ;e=id
 664  0523 0E F3       >        ld c,CMD_RUNAPP
 664  0525             >	CALLBDOS_NOPARAM_A
 664  0525 CD 05 00    >        call BDOS ;c=CMD
 665  0528 D1                   pop de
 666  0529 AF                    xor a ;z
 667  052A C9                   ret
 668  052B
 669  052B              execcmd_tryrunerror
 670  052B              ;выполнить файл с именем SYSDIR/cmdbuf и параметрами там (через loadapp)
 671  052B CD E8 05             call loadapp_keeppath
 672  052E                      OS_SETSYSDRV
 672  052E 0E EA       >        ld c,CMD_SETSYSDRV
 672  0530             >        CALLBDOS_NOPARAM_A
 672  0530 CD 05 00    >        call BDOS ;c=CMD
 673  0533 11 AF 12             ld de,sysdir
 674  0536 D5                   push de
 675  0537                      OS_GETPATH
 675  0537 0E 5E       >        ld c,CMD_GETPATH
 675  0539             >        CALLBDOS_NOPARAM_A
 675  0539 CD 05 00    >        call BDOS ;c=CMD
 676  053C CD F4 05             call loadapp_setoldpath ;TODO из prompt
 677  053F                       ;OS_SETSYSDRV
 678  053F                       ;ld de,wordbuf2
 679  053F                       ;OS_GETPATH
 680  053F                      ;ld de,cmdprompt
 681  053F                      ;OS_CHDIR
 682  053F                      ;call makeprompt
 683  053F                      ;ld de,cmdprompt
 684  053F                      ;OS_CHDIR
 685  053F E1                   pop hl
 686  0540 E5                   push hl
 687  0541              ;если в конце нет слеша, то добавим:
 688  0541                      ;ld bc,0 ;чтобы точно найти терминатор
 689  0541 AF                   xor a
 690  0542 47                   ld b,a
 691  0543 4F                   ld c,a;0
 692  0544 ED B1                cpir ;найдём обязательно, если длина=0, то bc=-1 и т.д.
 693  0546 2B                   dec hl ;на терминаторе
 694  0547 2B                   dec hl ;перед терминатором
 695  0548 3E 2F                ld a,'/'
 696  054A BE                   cp (hl)
 697  054B 28 05                jr z,$+2+5
 698  054D 23                    inc hl
 699  054E 77                    ld (hl),a
 700  054F 23                    inc hl
 701  0550 36 00                 ld (hl),0
 702  0552 E1                   pop hl ;sysdir
 703  0553 CD 98 29             call strlen
 704  0556 44                   ld b,h
 705  0557 4D                   ld c,l ;bc=SYSDIR_size
 706  0558 C5                    push bc ;SYSDIR_size
 707  0559 21 80 00             ld hl,MAXCMDSZ+1
 708  055C B7                   or a
 709  055D ED 42                sbc hl,bc
 710  055F E5                   push hl ;MAXCMDSZ+1-SYSDIR_size
 711  0560              ;bc=SYSDIR_size
 712  0560 21 B1 2B             ld hl,cmdbuf+MAXCMDSZ;+1
 713  0563 B7                   or a
 714  0564 ED 42                sbc hl,bc
 715  0566 11 B1 2B             ld de,cmdbuf+MAXCMDSZ;+1
 716  0569 C1                   pop bc ;MAXCMDSZ+1-SYSDIR_size
 717  056A ED B8                lddr
 718  056C 21 AF 12             ld hl,sysdir
 719  056F 11 32 2B             ld de,cmdbuf
 720  0572 C1                    pop bc ;SYSDIR_size
 721  0573 ED B0                ldir ;нельзя strcopy, т.к. не нужен терминатор
 722  0575                       ;ld hl,sysdir
 723  0575                       ;ld de,oldpath
 724  0575                       ;ld bc,MAXPATH_sz;MAXCMDSZ+1
 725  0575                       ;ldir ;TODO рекурсивно (для .bat)
 726  0575                       ;jr $
 727  0575 CD 00 06             call loadapp ;загрузить файл с именем cmdbuf, e=id, nz=error, cy=end of .bat
 728  0578 28 95                jr z,execcmd_tryrunok
 729  057A C9                   ret ;nz=error
 730  057B
 731  057B              openparams
 732  057B              ;open %0 (progname), %1...
 733  057B 21 32 2B             ld hl,cmdbuf
 734  057E CD 98 29             call strlen
 735  0581 44                   ld b,h
 736  0582 4D                   ld c,l ;bc=len (without terminator)
 737  0583 21 32 2B             ld hl,cmdbuf
 738  0586 09                   add hl,bc ;at terminator
 739  0587 11 B1 2B             ld de,cmdbuf+MAXCMDSZ ;at last byte of buffer
 740  058A 03                   inc bc ;bc=len (with terminator)
 741  058B ED B8                lddr
 742  058D EB                   ex de,hl
 743  058E 23                   inc hl
 744  058F 11 32 2B             ld de,cmdbuf
 745  0592              chgparams0
 746  0592 7E                   ld a,(hl)
 747  0593 12                   ld (de),a
 748  0594 B7                   or a
 749  0595 28 31                jr z,chgparams0q
 750  0597 23                   inc hl
 751  0598 FE 25                cp '%'
 752  059A 20 29                jr nz,chgparams0skip
 753  059C 7E                   ld a,(hl)
 754  059D 12                   ld (de),a
 755  059E B7                   or a
 756  059F 28 27                jr z,chgparams0q
 757  05A1 23                   inc hl
 758  05A2 D6 30                sub '0' ;a=param
 759  05A4 FE 0A                cp 10
 760  05A6 30 1D                jr nc,chgparams0skip ;%%
 761  05A8 E5                   push hl
 762  05A9 21 31 24             ld hl,params
 763  05AC 3C                   inc a
 764  05AD 47                   ld b,a
 765  05AE              chgparams1
 766  05AE CD C1 06             call skipword ;doesn't move at terminator
 767  05B1 CD 8D 08             call skipspaces ;doesn't move at terminator
 768  05B4 10 F8                djnz chgparams1
 769  05B6              ;hl=param text (end=space or terminator)
 770  05B6              chgparams2
 771  05B6 7E                   ld a,(hl)
 772  05B7 B7                   or a
 773  05B8 28 09                jr z,chgparams2q
 774  05BA FE 20                cp ' '
 775  05BC 28 05                jr z,chgparams2q
 776  05BE 12                   ld (de),a
 777  05BF 23                   inc hl
 778  05C0 13                   inc de
 779  05C1 10 F3                djnz chgparams2
 780  05C3              chgparams2q
 781  05C3 E1                   pop hl
 782  05C4 1B                   dec de
 783  05C5              chgparams0skip
 784  05C5 13                   inc de
 785  05C6 18 CA                jr chgparams0
 786  05C8              chgparams0q
 787  05C8 C9                   ret
 788  05C9
 789  05C9              ;execcmd_or_runprog
 790  05C9              ;        call execcmd
 791  05C9              ;        or a
 792  05C9              ;        ret z
 793  05C9              ;        jp callcmd;strcpexec_tryrun ;запускает по фону
 794  05C9
 795  05C9              callcmd
 796  05C9              ;call command (cmdbuf) with waiting
 797  05C9 CD 91 04             call execcmd ;a!=0: no such internal command
 798  05CC B7                   or a
 799  05CD C8                   ret z ;command executed
 800  05CE                      ;call loadapp ;загрузить файл с именем cmdbuf, e=id
 801  05CE CD 09 05             call strcpexec_tryrun ;загрузить файл с именем cmdbuf или SYSDIR/cmdbuf, e=id, nz=error, CY=end of .bat
 802  05D1 D8                   ret c
 803  05D2 C2 03 05             jp nz,execcmd_error
 804  05D5                      ;push de
 805  05D5                      ;OS_RUNAPP
 806  05D5                      ;pop de
 807  05D5              waitpid_keepresult
 808  05D5                      WAITPID ;не должно быть, если команда была .bat!
 808  05D5             >        OS_SETWAITING ;не замораживает, если дочерний процесс уже завершился
 808  05D5 0E D9       >        ld c,CMD_SETWAITING
 808  05D7             >	CALLBDOS_NOPARAM_A
 808  05D7 CD 05 00    >        call BDOS ;c=CMD
 808  05DA             >        YIELD
 808  05DA             >        OS_YIELD
 808  05DA 0E F2       >        ld c,CMD_YIELD
 808  05DC             >	CALLBDOS_NOPARAM_A
 808  05DC CD 05 00    >        call BDOS ;c=CMD
 808  05DF 0E CD       >        ld c,CMD_GETCHILDRESULT
 808  05E1             >	CALLBDOS_NOPARAM_A ;hl=result
 808  05E1 CD 05 00    >        call BDOS ;c=CMD
 809  05E4 22 92 01            ld (lastresult),hl
 810  05E7              ;hl=result
 811  05E7 C9                   ret
 812  05E8                      ;jp prword_hl_crlf
 813  05E8
 814  05E8              loadapp_keeppath
 815  05E8 21 32 2A             ld hl,cmdprompt
 816  05EB 11 AF 11             ld de,oldpath
 817  05EE 01 00 01             ld bc,MAXPATH_sz;MAXCMDSZ+1
 818  05F1 ED B0                ldir ;TODO рекурсивно (для .bat)
 819  05F3 C9                   ret
 820  05F4
 821  05F4              loadapp_setoldpath
 822  05F4 D5                   push de
 823  05F5 11 AF 11             ld de,oldpath ;TODO рекурсивно (для .bat)
 824  05F8                      OS_CHDIR
 824  05F8 0E 5A       >        ld c,CMD_CHDIR
 824  05FA             >        CALLBDOS_NOPARAM_A
 824  05FA CD 05 00    >        call BDOS ;c=CMD
 825  05FD D1                   pop de
 826  05FE AF                   xor a
 827  05FF C9                   ret ;Z
 828  0600
 829  0600              loadapp
 830  0600              ;out: nz=error, cy=end of .bat, or else e=id
 831  0600 21 32 2B             ld hl,cmdbuf
 832  0603 11 2B 0F             ld de,wordbuf
 833  0606 D5                   push de
 834  0607 CD 82 04             call getword
 835  060A              ;учесть путь в имени (TODO использовать OS_OPENHANDLE)
 836  060A E1                   pop hl ;ld hl,wordbuf
 837  060B E5                   push hl
 838  060C CD 98 0D             call findlastslash. ;de=after last slash or beginning of path
 839  060F E1                   pop hl
 840  0610
 841  0610                      ;push hl
 842  0610              ;ищем точку, проверяем, что после неё стоит .com или .bat
 843  0610              loadapp_finddot0
 844  0610 7E                   ld a,(hl)
 845  0611 B7                   or a
 846  0612 28 12                jr z,loadapp_nodot
 847  0614 FE 2E                cp '.'
 848  0616 23                   inc hl
 849  0617 20 F7                jr nz,loadapp_finddot0
 850  0619              ;проверяем, что после неё стоит .com или .bat
 851  0619 22 8A 06             ld (exthlpointer),hl
 852  061C 7E                   ld a,(hl)
 853  061D F6 20                or 0x20
 854  061F FE 62                cp 'b'
 855  0621              ; TODO где проверка на остальные буквы?
 856  0621 CA F3 06             jp z,strcpexec_tryrun_bat
 857  0624              ;считаем, что написано .com (в принципе расширение безразлично - просто запускаем)
 858  0624 18 27                jr loadapp_finddotok1
 859  0626
 860  0626              loadapp_nodot
 861  0626              ;TODO или сначала проверять bat, потом com?
 862  0626              ;a=0
 863  0626 36 2E                ld (hl),'.'
 864  0628 23                   inc hl
 865  0629 22 8A 06             ld (exthlpointer),hl
 866  062C 36 63                ld (hl),'c'
 867  062E 23                   inc hl
 868  062F 36 6F                ld (hl),'o'
 869  0631 23                   inc hl
 870  0632 36 6D                ld (hl),'m'
 871  0634 23                   inc hl
 872  0635 77                   ld (hl),a ;0
 873  0636              loadapp_finddotok
 874  0636 CD 7A 06             call open_file_exec
 875  0639 CA 51 06             jp z,fileopenok
 876  063C 2A 8A 06             ld hl,(exthlpointer)
 877  063F 36 62                ld (hl),'b'
 878  0641 23                   inc hl
 879  0642 36 61                ld (hl),'a'
 880  0644 23                   inc hl
 881  0645 36 74                ld (hl),'t'
 882  0647 23                   inc hl
 883  0648 AF                   xor a
 884  0649 77                   ld (hl),a ;0
 885  064A                      ;ret nz ;jr nz,execcmd_error ;NC!
 886  064A C3 F3 06             jp strcpexec_tryrun_bat
 887  064D
 888  064D              loadapp_finddotok1
 889  064D CD 7A 06             call open_file_exec
 890  0650 C0                   ret nz ;jr nz,execcmd_error ;NC!
 891  0651              fileopenok
 892  0651                      OS_NEWAPP ;на момент создания должна быть включена текущая директория!!!
 892  0651 0E F4       >        ld c,CMD_NEWAPP
 892  0653             >	CALLBDOS_NOPARAM_A
 892  0653 CD 05 00    >        call BDOS ;c=CMD
 893  0656 B7                   or a
 894  0657 C0                   ret nz ;error ;NC!
 895  0658              ;dehl=номера страниц в 0000,4000,8000,c000 нового приложения, b=id, a=error
 896  0658 C5                   push bc ;b=id
 897  0659 7A                   ld a,d
 898  065A                      SETPGC000
 898  065A EF          >        rst 0x28 ;set page "a" in 0xc000 ;spoils BC
 899  065B D5                   push de
 900  065C E5                   push hl
 901  065D 21 32 2B             ld hl,cmdbuf
 902  0660 11 80 C0             ld de,0xc000+COMMANDLINE
 903  0663 01 80 00             ld bc,COMMANDLINE_sz
 904  0666 ED B0                ldir ;command line
 905  0668 E1                   pop hl
 906  0669 D1                   pop de
 907  066A CD CA 06             call readfile_pages_dehl
 908  066D
 909  066D 3A E9 06             ld a,(curhandle)
 910  0670 47                   ld b,a
 911  0671                      OS_CLOSEHANDLE
 911  0671 0E 45       >        ld c,CMD_CLOSEHANDLE
 911  0673             >        CALLBDOS_NOPARAM_A
 911  0673 CD 05 00    >        call BDOS ;c=CMD
 912  0676 D1                   pop de
 913  0677 5A                   ld e,d ;e=id
 914  0678 AF                   xor a
 915  0679 C9                   ret ;Z
 916  067A              open_file_exec
 917  067A 11 2B 0F             ld de,wordbuf ;pop de
 918  067D                      OS_OPENHANDLE
 918  067D 0E 43       >        ld c,CMD_OPENHANDLE
 918  067F             >        CALLBDOS_NOPARAM_A
 918  067F CD 05 00    >        call BDOS ;c=CMD
 919  0682 B7                   or a
 920  0683 F5                   push af
 921  0684 78                   ld a,b
 922  0685 32 E9 06             ld (curhandle),a
 923  0688                       ;call loadapp_setoldpath
 924  0688                     if DEBUG
 925  0688 ~                     call printcurdir
 926  0688 ~                     ;call yieldgetkeyloop
 927  0688                     endif
 928  0688 F1                   pop af
 929  0689 C9                   ret
 930  068A              exthlpointer
 931  068A 00 00                dw 0000
 932  068C                      ;dw 0000
 933  068C
 934  068C              readapp
 935  068C 78                   ld a,b
 936  068D 32 E9 06             ld (curhandle),a
 937  0690
 938  0690                      OS_NEWAPP ;для первой создаваемой задачи будут созданы первые два пайпа и подключены
 938  0690 0E F4       >        ld c,CMD_NEWAPP
 938  0692             >	CALLBDOS_NOPARAM_A
 938  0692 CD 05 00    >        call BDOS ;c=CMD
 939  0695              ;dehl=номера страниц в 0000,4000,8000,c000 нового приложения, b=id, a=error
 940  0695 C5                   push bc ;b=id
 941  0696
 942  0696 7A                   ld a,d
 943  0697                      SETPGC000
 943  0697 EF          >        rst 0x28 ;set page "a" in 0xc000 ;spoils BC
 944  0698 D5                   push de
 945  0699 E5                   push hl
 946  069A 21 80 00             ld hl,COMMANDLINE ;command line
 947  069D CD C1 06             call skipword
 948  06A0 CD 8D 08             call skipspaces ;пропустили первое слово (там было term.com, а дальше, например, cmd.com autoexec.bat)
 949  06A3 11 80 C0             ld de,0xc080
 950  06A6 01 80 00             ld bc,128
 951  06A9 ED B0                ldir ;command line
 952  06AB E1                   pop hl
 953  06AC D1                   pop de
 954  06AD
 955  06AD D5                   push de
 956  06AE E5                   push hl
 957  06AF CD CA 06             call readfile_pages_dehl
 958  06B2 F5                  push af
 959  06B3 3A E9 06             ld a,(curhandle)
 960  06B6 47                   ld b,a
 961  06B7                      OS_CLOSEHANDLE
 961  06B7 0E 45       >        ld c,CMD_CLOSEHANDLE
 961  06B9             >        CALLBDOS_NOPARAM_A
 961  06B9 CD 05 00    >        call BDOS ;c=CMD
 962  06BC F1                  pop af ;error
 963  06BD E1                   pop hl
 964  06BE D1                   pop de
 965  06BF
 966  06BF C1                   pop bc ;id
 967  06C0 C9                   ret
 968  06C1
 969  06C1              skipword
 970  06C1              ;hl=string
 971  06C1              ;out: hl=terminator/space addr
 972  06C1              skipword0
 973  06C1 7E                   ld a,(hl)
 974  06C2 B7                   or a
 975  06C3 C8                   ret z ;jr z,skipwordq
 976  06C4 D6 20                sub ' '
 977  06C6 C8                   ret z ;jr z,skipwordq
 978  06C7 23                   inc hl ;ldi
 979  06C8 18 F7                jr skipword0
 980  06CA
 981  06CA              readfile_pages_dehl
 982  06CA 7A                   ld a,d
 983  06CB                      SETPGC000
 983  06CB EF          >        rst 0x28 ;set page "a" in 0xc000 ;spoils BC
 984  06CC 3E C1                ld a,0xc100/256
 985  06CE CD E0 06             call cmd_loadpage
 986  06D1 C0                   ret nz
 987  06D2 7B                   ld a,e
 988  06D3 CD DD 06             call cmd_loadfullpage
 989  06D6 C0                   ret nz
 990  06D7 7C                   ld a,h
 991  06D8 CD DD 06             call cmd_loadfullpage
 992  06DB C0                   ret nz
 993  06DC 7D                   ld a,l
 994  06DD              cmd_loadfullpage
 995  06DD                      SETPGC000
 995  06DD EF          >        rst 0x28 ;set page "a" in 0xc000 ;spoils BC
 996  06DE 3E C0                ld a,0xc000/256
 997  06E0              cmd_loadpage
 998  06E0              ;out: a=error
 999  06E0              ;keeps hl,de
1000  06E0 D5                   push de
1001  06E1 E5                   push hl
1002  06E2 57                   ld d,a
1003  06E3 AF                   xor a
1004  06E4 6F                   ld l,a
1005  06E5 5F                   ld e,a
1006  06E6 92                   sub d
1007  06E7 67                   ld h,a ;de=buffer, hl=size
1008  06E8              curhandle=$+1
1009  06E8 06 00                ld b,0
1010  06EA                      OS_READHANDLE
1010  06EA 0E 48       >        ld c,CMD_READHANDLE
1010  06EC             >        CALLBDOS_NOPARAM_A
1010  06EC CD 05 00    >        call BDOS ;c=CMD
1011  06EF E1                   pop hl
1012  06F0 D1                   pop de
1013  06F1 B7                   or a
1014  06F2 C9                   ret
1015  06F3
1016  06F3              strcpexec_tryrun_bat
1017  06F3              	;display "strcpexec_tryrun_bat",strcpexec_tryrun_bat
1018  06F3              ;out: nz=error, cy=end of .bat
1019  06F3              ;open .bat
1020  06F3              ;filename in wordbuf
1021  06F3 11 2B 0F             ld de,wordbuf ;pop de
1022  06F6                      OS_OPENHANDLE
1022  06F6 0E 43       >        ld c,CMD_OPENHANDLE
1022  06F8             >        CALLBDOS_NOPARAM_A
1022  06F8 CD 05 00    >        call BDOS ;c=CMD
1023  06FB B7                   or a
1024  06FC 28 0E                jr z,strcpexec_tryrun_bat_opened
1025  06FE              ;retry basename only (nv passes m:/path/file.bat; cwd may already be that dir)
1026  06FE 21 2B 0F             ld hl,wordbuf
1027  0701 CD 98 0D             call findlastslash.
1028  0704 EB                   ex de,hl
1029  0705                      OS_OPENHANDLE
1029  0705 0E 43       >        ld c,CMD_OPENHANDLE
1029  0707             >        CALLBDOS_NOPARAM_A
1029  0707 CD 05 00    >        call BDOS ;c=CMD
1030  070A B7                   or a
1031  070B C0                   ret nz ;jp nz,execcmd_error ;NC!
1032  070C              strcpexec_tryrun_bat_opened
1033  070C 78                   ld a,b
1034  070D 32 87 07             ld (curbathandle),a
1035  0710
1036  0710 3E 3C                 ld a,0x3c ;"inc a"
1037  0712 32 83 07              ld (readbyte_readbuf_last),a
1038  0715 FD 21 7F 26          ld iy,file_buf_end
1039  0719              strcpexec_tryrun_bat0
1040  0719              ;load line to cmdbuf
1041  0719 21 32 2B             ld hl,cmdbuf
1042  071C 36 00                LD (hl),0
1043  071E CD 48 07             call readstr ;nz=EOF
1044  0721 F5                   push af ;jr nz,strcpexec_tryrun_batq ;чтобы последнюю строку всё-таки выполнить
1045  0722
1046  0722 FD E5                push iy
1047  0724 21 32 2B             ld hl,cmdbuf
1048  0727 CD F0 29             call prtext
1049  072A CD 20 0B             call prcrlf
1050  072D FD E1                pop iy
1051  072F
1052  072F              ;call command in cmdbuf
1053  072F FD E5                push iy
1054  0731 CD 7B 05             call openparams
1055  0734 CD 33 02             call execcmd_maybepipes ;callcmd
1056  0737 FD E1                pop iy
1057  0739
1058  0739 F1                   pop af
1059  073A 28 DD                jr z,strcpexec_tryrun_bat0 ;nz=EOF
1060  073C              strcpexec_tryrun_batq
1061  073C              ;close .bat
1062  073C 3A 87 07             ld a,(curbathandle)
1063  073F 47                   ld b,a
1064  0740                      OS_CLOSEHANDLE
1064  0740 0E 45       >        ld c,CMD_CLOSEHANDLE
1064  0742             >        CALLBDOS_NOPARAM_A
1064  0742 CD 05 00    >        call BDOS ;c=CMD
1065  0745 AF                   xor a
1066  0746 37                    scf ;чтобы на выходе не делать RUNAPP
1067  0747 C9                   ret ;Z
1068  0748
1069  0748                      macro READBYTE_A
1070  0748 ~            ;out: z=EOF
1071  0748 ~                    inc ly
1072  0748 ~                    call m,readbyte_readbuf
1073  0748 ~                    ld a,(iy)
1074  0748                      endm
1075  0748
1076  0748              readstr
1077  0748              ;out: nz=EOF
1078  0748              ;skips empty lines!
1079  0748                      READBYTE_A ;z=EOF
1079  0748             >;out: z=EOF
1079  0748 FD 2C       >        inc ly
1079  074A FC 7D 07    >        call m,readbyte_readbuf
1079  074D FD 7E 00    >        ld a,(iy)
1080  0750 28 26                jr z,readstrEOF
1081  0752 FE 0D                cp 0x0d
1082  0754 28 F2                jr z,readstr ;empty string - retry
1083  0756 FE 0A                cp 0x0a
1084  0758 28 EE                jr z,readstr ;empty string - retry
1085  075A 06 7F                ld b,MAXCMDSZ
1086  075C 18 12                jr readstr0go
1087  075E              readstr0
1088  075E                      READBYTE_A ;z=EOF
1088  075E             >;out: z=EOF
1088  075E FD 2C       >        inc ly
1088  0760 FC 7D 07    >        call m,readbyte_readbuf
1088  0763 FD 7E 00    >        ld a,(iy)
1089  0766 28 10                jr z,readstrEOF ;возвращает NZ
1090  0768              	;jr z,readstrq ;возвращает Z
1091  0768 FE 0D                cp 0x0d
1092  076A 28 08                jr z,readstrq
1093  076C FE 0A                cp 0x0a
1094  076E 28 04                jr z,readstrq
1095  0770              readstr0go
1096  0770 77                   ld (hl),a
1097  0771 23                   inc hl
1098  0772 10 EA                djnz readstr0
1099  0774              readstrq
1100  0774 AF                   xor a ;Z
1101  0775 77                   ld (hl),a
1102  0776 23                   inc hl
1103  0777 C9                   ret ;Z
1104  0778              readstrEOF
1105  0778 AF                   xor a
1106  0779 77                   ld (hl),a
1107  077A 23                   inc hl
1108  077B 3D                   dec a
1109  077C C9                   ret ;NZ
1110  077D
1111  077D              readbyte_readbuf
1112  077D              ;out: z=EOF
1113  077D C5                   push bc
1114  077E D5                   push de
1115  077F E5                   push hl
1116  0780 DD E5                push ix
1117  0782                       ;jr $
1118  0782 AF                   xor a
1119  0783              readbyte_readbuf_last=$ ;TODO keep if recursive!
1120  0783 3C                   inc a ;/nop(z)=last, inc a(nz)=not last
1121  0784 28 2C                jr z,readbyte_readbufq
1122  0786
1123  0786                      if 1==1
1124  0786              ;B = file handle, DE = Buffer address, HL = Number of bytes to read
1125  0786              curbathandle=$+1
1126  0786 06 00                ld b,0
1127  0788 11 00 26             ld de,file_buf
1128  078B D5                   push de
1129  078C 21 80 00             ld hl,128
1130  078F                      OS_READHANDLE
1130  078F 0E 48       >        ld c,CMD_READHANDLE
1130  0791             >        CALLBDOS_NOPARAM_A
1130  0791 CD 05 00    >        call BDOS ;c=CMD
1131  0794                      ;jr $
1132  0794 FD E1                pop iy
1133  0796              ;HL = Number of bytes actually read, A=error
1134  0796                      ;sub 1
1135  0796                      ;sbc a,a ;error=0 => a=255, else a=0 (Z)
1136  0796                      ;jr z,readbyte_readbufq ;error (=>EOF)
1137  0796                       ;jr $
1138  0796 7D                   ld a,l
1139  0797 B7                   or a
1140  0798 28 18                jr z,readbyte_readbufq ;0 bytes (=>EOF)
1141  079A FA B2 07             jp m,readbyte_readbufq ;128 bytes (NZ no EOF) (not last block)
1142  079D
1143  079D                      else ;CP/M-like
1144  079D ~
1145  079D ~                    ld de,file_buf
1146  079D ~                    push de
1147  079D ~                    OS_SETDTA ;set disk transfer address = de
1148  079D ~                    ld de,fcb_bat
1149  079D ~                    OS_FREAD
1150  079D ~                    pop iy
1151  079D ~                    xor 128 ;a = bytes read
1152  079D ~                    jr z,readbyte_readbufq
1153  079D ~                    jp m,readbyte_readbufq ;full block = not last block
1154  079D ~
1155  079D                      endif
1156  079D
1157  079D              ;last block: shift data to the end of buf, mark last
1158  079D 4F           	ld c,a ;1..128
1159  079E 06 00        	ld b,0 ;nz!
1160  07A0 78                   ld a,b
1161  07A1 32 83 07             ld (readbyte_readbuf_last),a ;last block
1162  07A4 21 00 26             ld hl,file_buf
1163  07A7 09                   add hl,bc
1164  07A8 2B                   dec hl ;end of data
1165  07A9 11 7F 26     	ld de,file_buf+127
1166  07AC ED B8        	lddr
1167  07AE 13                   inc de
1168  07AF D5                   push de
1169  07B0 FD E1                pop iy
1170  07B2                      ;nz!
1171  07B2              readbyte_readbufq
1172  07B2              ;iy=addr
1173  07B2              ;z=EOF
1174  07B2 DD E1                pop ix
1175  07B4 E1                   pop hl
1176  07B5 D1                   pop de
1177  07B6 C1                   pop bc
1178  07B7 C9                   ret
1179  07B8
1180  07B8              cmd_dir
1181  07B8 ED 5B C3 08          ld de,(execcmd_pars)
1182  07BC                      ;ld de,emptypath
1183  07BC                      OS_OPENDIR
1183  07BC 0E CF       >        ld c,CMD_OPENDIR
1183  07BE             >	CALLBDOS_NOPARAM_A
1183  07BE CD 05 00    >        call BDOS ;c=CMD
1184  07C1 B7                   or a
1185  07C2 01 00 00             ld bc,0 ;nfiles
1186  07C5 C2 0F 08             jp nz,loaddir2_error
1187  07C8              cmd_dir2_0
1188  07C8 C5                  push bc
1189  07C9 11 B1 24             ld de,filinfo
1190  07CC                      OS_READDIR
1190  07CC 0E D0       >        ld c,CMD_READDIR
1190  07CE             >	CALLBDOS_NOPARAM_A		;out in A=error(0 - no error, 4 - no more files, other - critical error)
1190  07CE CD 05 00    >        call BDOS ;c=CMD
1191  07D1 C1                  pop bc
1192  07D2 B7                   or a
1193  07D3 20 3A                jr nz,loaddir2q
1194  07D5 3A BA 24             ld a,(filinfo+FILINFO_FNAME)
1195  07D8 B7                   or a
1196  07D9 28 34                jr z,loaddir2q
1197  07DB C5                  push bc
1198  07DC DD 2A B5 24          ld ix,(filinfo+FILINFO_FDATE)
1199  07E0 2A B7 24             ld hl,(filinfo+FILINFO_FTIME)
1200  07E3 CD 1A 08             call prdate_time
1201  07E6
1202  07E6 3E 20                ld a,' '
1203  07E8                      PRCHAR_
1203  07E8             >        ;OS_PRCHAR
1203  07E8 CD 0D 2D    >        call sendchar
1204  07EB
1205  07EB 2A B1 24             ld hl,(filinfo+FILINFO_FSIZE)
1206  07EE ED 5B B3 24          ld de,(filinfo+FILINFO_FSIZE+2)
1207  07F2 CD 86 26             call prdword_dehl
1208  07F5 3E 20                ld a,' '
1209  07F7                      PRCHAR_
1209  07F7             >        ;OS_PRCHAR
1209  07F7 CD 0D 2D    >        call sendchar
1210  07FA
1211  07FA 21 C7 24             ld hl,filinfo+FILINFO_LNAME
1212  07FD 7E                   ld a,(hl)
1213  07FE B7                   or a
1214  07FF 20 03                jr nz,$+5
1215  0801 21 BA 24             ld hl,filinfo+FILINFO_FNAME
1216  0804                      ;ld c,0 ;c=x???
1217  0804 CD F0 29             call prtext
1218  0807              ;c=x???
1219  0807 CD 20 0B             call prcrlf
1220  080A C1                  pop bc ;nfiles
1221  080B 03                   inc bc ;nfiles
1222  080C B7                   or a
1223  080D 18 B9                jr cmd_dir2_0
1224  080F              loaddir2_error
1225  080F              loaddir2q
1226  080F              ;bc=nfiles
1227  080F 60                   ld h,b
1228  0810 69                   ld l,c
1229  0811 CD 80 26             call prword
1230  0814 21 0C 0F             ld hl,t_files_crlf
1231  0817 C3 F0 29             jp prtext
1232  081A
1233  081A              prdate_time
1234  081A              ;ix=date, hl=time
1235  081A 11 7C 08             ld de,datetimebuf
1236  081D D5                  push de
1237  081E E5                  push hl ;time
1238  081F                      ;push ix ;date
1239  081F DD 7C                ld a,hx
1240  0821 CB 3F                srl a
1241  0823 D6 14                sub 20
1242  0825 30 02                jr nc,$+4
1243  0827 C6 64                add a,100 ;XX century
1244  0829 CD 6C 08             call prNNcmd ;year
1245  082C                      ;ld a,'-'
1246  082C                      ;PRCHAR_
1247  082C 13                    inc de
1248  082D                      ;pop hl
1249  082D DD 7D                ld a,lx
1250  082F F5                   push af
1251  0830 DD 29                add ix,ix
1252  0832 DD 29                add ix,ix
1253  0834 DD 29                add ix,ix
1254  0836 DD 7C                ld a,hx
1255  0838 E6 0F                and 0x0f
1256  083A CD 6C 08             call prNNcmd ;month
1257  083D                      ;ld a,'-'
1258  083D                      ;PRCHAR_
1259  083D 13                    inc de
1260  083E F1                   pop af
1261  083F E6 1F                and 0x1f
1262  0841 CD 6C 08             call prNNcmd ;day
1263  0844
1264  0844                      ;ld a,' '
1265  0844                      ;PRCHAR_
1266  0844 13                    inc de
1267  0845 E1                  pop hl ;time
1268  0846 E5                   push hl
1269  0847 7C                   ld a,h
1270  0848 1F                   rra
1271  0849 1F                   rra
1272  084A 1F                   rra
1273  084B E6 1F                and 0x1f
1274  084D CD 6C 08             call prNNcmd ;hour
1275  0850                      ;ld a,':'
1276  0850                      ;PRCHAR_
1277  0850 13                    inc de
1278  0851 E1                   pop hl
1279  0852 7D                   ld a,l
1280  0853 F5                   push af
1281  0854 29                   add hl,hl
1282  0855 29                   add hl,hl
1283  0856 29                   add hl,hl
1284  0857 7C                   ld a,h
1285  0858 E6 3F                and 0x3f
1286  085A CD 6C 08             call prNNcmd ;minute
1287  085D                      ;ld a,':'
1288  085D                      ;PRCHAR_
1289  085D 13                    inc de
1290  085E F1                   pop af
1291  085F 87                   add a,a
1292  0860 E6 3F                and 0x3f
1293  0862 CD 6C 08             call prNNcmd ;second
1294  0865 E1                  pop hl
1295  0866 11 11 00             ld de,8+1+8
1296  0869 C3 E6 29             jp cmdprNchars
1297  086C
1298  086C              prNNcmd
1299  086C              ;a=NN
1300  086C              ;de=buf
1301  086C 01 0A 2F             ld bc,10+(256*('0'-1))
1302  086F 91                   sub c
1303  0870 04                   inc b
1304  0871 30 FC                jr nc,$-2
1305  0873 EB                    ex de,hl
1306  0874 70                    ld (hl),b
1307  0875 EB                    ex de,hl
1308  0876 13                    inc de
1309  0877 C6 3A                add a,'0'+10
1310  0879 12                    ld (de),a
1311  087A 13                    inc de
1312  087B C9                   ret
1313  087C
1314  087C              datetimebuf
1315  087C 30 30 2D 30          db "00-00-00 00:00:00"
1315  0880 30 2D 30 30
1315  0884 20 30 30 3A
1315  0888 30 30 3A 30
1315  088C 30
1316  088D
1317  088D              skipspaces
1318  088D              ;hl=string
1319  088D              ;out: hl=after last space
1320  088D 7E                   ld a,(hl)
1321  088E FE 20                cp ' '
1322  0890 C0                   ret nz
1323  0891 23                   inc hl
1324  0892 18 F9                jr skipspaces
1325  0894
1326  0894              cmd_skipflags
1327  0894              ;hl=after "cmd.com", skip optional /k /p
1328  0894 7E                   ld a,(hl)
1329  0895 B7                   or a
1330  0896 C8                   ret z
1331  0897 FE 2F                cp '/'
1332  0899 C0                   ret nz
1333  089A 23                   inc hl
1334  089B 7E                   ld a,(hl)
1335  089C F6 20                or 0x20
1336  089E 2B                   dec hl
1337  089F FE 6B                cp 'k'
1338  08A1 28 05                jr z,cmd_skipflags_k
1339  08A3 FE 70                cp 'p'
1340  08A5 28 05                jr z,cmd_skipflags_p
1341  08A7 C9                   ret
1342  08A8              cmd_skipflags_k
1343  08A8 06 01                ld b,1
1344  08AA 18 04                jr cmd_skipflags_set
1345  08AC              cmd_skipflags_p
1346  08AC 06 02                ld b,2
1347  08AE 18 00                jr cmd_skipflags_set
1348  08B0              cmd_skipflags_set
1349  08B0 23                   inc hl
1350  08B1 23                   inc hl
1351  08B2 78                   ld a,b
1352  08B3 32 AF 13             ld (cmd_afterrun),a
1353  08B6 CD 8D 08             call skipspaces
1354  08B9 18 D9                jr cmd_skipflags
1355  08BB
1356  08BB              strcopy
1357  08BB              ;hl->de
1358  08BB              strcopy0
1359  08BB 7E                   ld a,(hl)
1360  08BC ED A0                ldi
1361  08BE B7                   or a
1362  08BF 20 FA                jr nz,strcopy0
1363  08C1 C9                   ret
1364  08C2
1365  08C2              cmd_cd
1366  08C2              execcmd_pars=$+1
1367  08C2 21 00 00             ld hl,0
1368  08C5 7E                   ld a,(hl)
1369  08C6 B7                   or a
1370  08C7 28 0E                jr z,cmd_error_nopars
1371  08C9 EB                   ex de,hl ;de=path
1372  08CA                      OS_CHDIR
1372  08CA 0E 5A       >        ld c,CMD_CHDIR
1372  08CC             >        CALLBDOS_NOPARAM_A
1372  08CC CD 05 00    >        call BDOS ;c=CMD
1373  08CF B7                   or a
1374  08D0 C8                   ret z
1375  08D1 21 D0 0E             ld hl,twrongpath
1376  08D4 C3 0F 0B             jp cmderror
1377  08D7
1378  08D7              cmd_error_nopars
1379  08D7 21 95 0E             ld hl,tnopars
1380  08DA C3 0F 0B             jp cmderror
1381  08DD              cmd_error_notenoughpars
1382  08DD 21 A3 0E             ld hl,tnotenoughpars
1383  08E0 C3 0F 0B             jp cmderror
1384  08E3
1385  08E3              cmd_md
1386  08E3 2A C3 08             ld hl,(execcmd_pars)
1387  08E6 7E                   ld a,(hl)
1388  08E7 B7                   or a
1389  08E8 28 ED                jr z,cmd_error_nopars
1390  08EA EB                   ex de,hl ;de=dirname
1391  08EB                      OS_MKDIR
1391  08EB 0E EB       >        ld c,CMD_MKDIR
1391  08ED             >        CALLBDOS_NOPARAM_A
1391  08ED CD 05 00    >        call BDOS ;c=CMD
1392  08F0 B7                   or a
1393  08F1 C8                   ret z
1394  08F2              cmd_error_cantmakedir
1395  08F2 21 E6 0E             ld hl,tcantmakedir
1396  08F5 C3 0F 0B             jp cmderror
1397  08F8
1398  08F8              cmd_del
1399  08F8 2A C3 08             ld hl,(execcmd_pars)
1400  08FB 7E                   ld a,(hl)
1401  08FC B7                   or a
1402  08FD 28 D8                jr z,cmd_error_nopars
1403  08FF EB                   ex de,hl
1404  0900                      OS_DELETE
1404  0900 0E 4D       >        ld c,CMD_DELETE
1404  0902             >        CALLBDOS_NOPARAM_A
1404  0902 CD 05 00    >        call BDOS ;c=CMD
1405  0905 B7                   or a
1406  0906 C8                   ret z
1407  0907              cmd_error_wrongfile
1408  0907 21 DB 0E             ld hl,twrongfile
1409  090A C3 0F 0B             jp cmderror
1410  090D
1411  090D              cmd_ren
1412  090D 2A C3 08             ld hl,(execcmd_pars)
1413  0910 7E                   ld a,(hl)
1414  0911 B7                   or a
1415  0912 28 C3                jr z,cmd_error_nopars
1416  0914 11 2B 0F             ld de,wordbuf
1417  0917 CD 82 04             call getword ;hl=terminator/space addr
1418  091A CD 8D 08             call skipspaces
1419  091D 7E                   ld a,(hl)
1420  091E B7                   or a
1421  091F 28 BC                jr z,cmd_error_notenoughpars
1422  0921 11 AB 0F             ld de,wordbuf2
1423  0924 CD 82 04             call getword ;hl=terminator/space addr
1424  0927 11 2B 0F             ld de,wordbuf
1425  092A 21 AB 0F             ld hl,wordbuf2
1426  092D 1A                  ld a,(de)
1427  092E FE 2A               cp '*'
1428  0930 28 0D               jr z,cmd_ren_star
1429  0932                      OS_RENAME
1429  0932 0E 4E       >        ld c,CMD_RENAME
1429  0934             >        CALLBDOS_NOPARAM_A
1429  0934 CD 05 00    >        call BDOS ;c=CMD
1430  0937 B7                   or a
1431  0938 C8                   ret z
1432  0939              cmd_ren_star_error
1433  0939 21 FF 0E             ld hl,tcantrename
1434  093C C3 0F 0B             jp cmderror
1435  093F              cmd_ren_star
1436  093F BE                  cp (hl)
1437  0940 20 F7               jr nz,cmd_ren_star_error
1438  0942              ;поддерживаем только переименование вида ren *.ext1 *.ext2
1439  0942 23                   inc hl
1440  0943 13                   inc de
1441  0944 1A                   ld a,(de)
1442  0945 FE 2E               cp '.'
1443  0947 20 F0               jr nz,cmd_ren_star_error
1444  0949 BE                  cp (hl)
1445  094A 20 ED               jr nz,cmd_ren_star_error
1446  094C 23                   inc hl
1447  094D 13                   inc de
1448  094E              ;de,hl указывают на ext1, ext2
1449  094E ED 53 76 09          ld (cmd_ren_star_ext1),de
1450  0952 22 8C 09             ld (cmd_ren_star_ext2),hl
1451  0955 11 07 25             ld de,emptypath
1452  0958                      OS_OPENDIR
1452  0958 0E CF       >        ld c,CMD_OPENDIR
1452  095A             >	CALLBDOS_NOPARAM_A
1452  095A CD 05 00    >        call BDOS ;c=CMD
1453  095D              ;проверяем все файлы в текущей директории на соответствие filename.ext1
1454  095D              ;если совпало, то переименовываем в filename.ext2
1455  095D              cmd_ren_star0
1456  095D 11 B1 24             ld de,filinfo
1457  0960              ;de=buf for FILINFO (if no LNAME, use FNAME), 0x00 in FILINFO_FNAME = end dir
1458  0960                      OS_READDIR
1458  0960 0E D0       >        ld c,CMD_READDIR
1458  0962             >	CALLBDOS_NOPARAM_A		;out in A=error(0 - no error, 4 - no more files, other - critical error)
1458  0962 CD 05 00    >        call BDOS ;c=CMD
1459  0965              ;out in A=error(0 - no error, 4 - no more files, other - critical error)
1460  0965 B7                   or a
1461  0966 C0                   ret nz ;todo show N files renamed
1462  0967 21 C7 24             ld hl,filinfo+FILINFO_LNAME ;длинного имени может не быть
1463  096A 7E                   ld a,(hl)
1464  096B B7                   or a
1465  096C 20 03                jr nz,$+5
1466  096E 21 BA 24              ld hl,filinfo+FILINFO_FNAME
1467  0971 E5                  push hl ;from name
1468  0972 CD A4 0D             call findlastdot
1469  0975              ;de=after last dot
1470  0975              cmd_ren_star_ext1=$+1
1471  0975 21 00 00             ld hl,0
1472  0978 CD 3C 29             call strcp ;z=yes
1473  097B E1                  pop hl ;from name
1474  097C 20 DF                jr nz,cmd_ren_star0
1475  097E
1476  097E                      ;ld hl,filinfo+FILINFO_LNAME
1477  097E E5                  push hl ;from name
1478  097F 11 2B 10             ld de,filenamebuf
1479  0982 D5                  push de
1480  0983 CD BB 08             call strcopy
1481  0986 E1                  pop hl ;to name
1482  0987 E5                  push hl
1483  0988 CD A4 0D             call findlastdot
1484  098B              ;de=after last dot in toname
1485  098B              cmd_ren_star_ext2=$+1
1486  098B 21 00 00             ld hl,0
1487  098E CD BB 08             call strcopy ;z=yes ;возможное переполнение уходит в filenamebuf2
1488  0991 E1                  pop hl ;to name
1489  0992 D1                  pop de ;from name
1490  0993                      ;ld hl,filenamebuf2 ;to name
1491  0993                      OS_RENAME
1491  0993 0E 4E       >        ld c,CMD_RENAME
1491  0995             >        CALLBDOS_NOPARAM_A
1491  0995 CD 05 00    >        call BDOS ;c=CMD
1492  0998              ;TODO inc count
1493  0998 18 C3                jr cmd_ren_star0
1494  099A
1495  099A              cmd_copy
1496  099A 2A C3 08             ld hl,(execcmd_pars)
1497  099D 7E                   ld a,(hl)
1498  099E B7                   or a
1499  099F CA D7 08             jp z,cmd_error_nopars
1500  09A2 11 2B 10             ld de,filenamebuf;wordbuf
1501  09A5 CD 82 04             call getword ;hl=terminator/space addr
1502  09A8 CD 8D 08             call skipspaces
1503  09AB 7E                   ld a,(hl)
1504  09AC B7                   or a
1505  09AD CA DD 08             jp z,cmd_error_notenoughpars
1506  09B0 11 AB 10             ld de,filenamebuf2;wordbuf2
1507  09B3 CD 82 04             call getword ;hl=terminator/space addr
1508  09B6
1509  09B6 11 2B 10             ld de,filenamebuf;wordbuf ;de=drive/path/file
1510  09B9                      OS_OPENHANDLE
1510  09B9 0E 43       >        ld c,CMD_OPENHANDLE
1510  09BB             >        CALLBDOS_NOPARAM_A
1510  09BB CD 05 00    >        call BDOS ;c=CMD
1511  09BE B7                   or a
1512  09BF C2 07 09             jp nz,cmd_error_wrongfile
1513  09C2 78                   ld a,b
1514  09C3 32 FE 09             ld (close_file1_handle),a
1515  09C6 21 FD 09             ld hl,close_file1
1516  09C9 E5                   push hl
1517  09CA
1518  09CA 11 AB 10             ld de,filenamebuf2;wordbuf2 ;de=drive/path/file
1519  09CD                      OS_CREATEHANDLE
1519  09CD 0E 44       >        ld c,CMD_CREATEHANDLE
1519  09CF             >        CALLBDOS_NOPARAM_A
1519  09CF CD 05 00    >        call BDOS ;c=CMD
1520  09D2 B7                   or a
1521  09D3 C2 1D 0A             jp nz,cmd_error_cant_copy
1522  09D6 78                   ld a,b
1523  09D7 32 06 0A             ld (cmd_copy_close_file2_handle),a
1524  09DA 21 05 0A             ld hl,cmd_copy_close_file2
1525  09DD E5                   push hl
1526  09DE              cmd_copy0
1527  09DE 21 00 10             ld hl,copybuf_sz
1528  09E1 11 31 14             ld de,copybuf
1529  09E4 3A FE 09             ld a,(close_file1_handle)
1530  09E7 47                   ld b,a
1531  09E8              ;B = file handle, DE = Buffer address, HL = Number of bytes to read
1532  09E8 D5                   push de
1533  09E9                      OS_READHANDLE
1533  09E9 0E 48       >        ld c,CMD_READHANDLE
1533  09EB             >        CALLBDOS_NOPARAM_A
1533  09EB CD 05 00    >        call BDOS ;c=CMD
1534  09EE              ;HL = Number of bytes actually read, A=error
1535  09EE D1                   pop de
1536  09EF 7C                   ld a,h
1537  09F0 B5                   or l
1538  09F1 C8                   ret z ;0 bytes remain
1539  09F2 3A 06 0A             ld a,(cmd_copy_close_file2_handle)
1540  09F5 47                   ld b,a
1541  09F6              ;B = file handle, DE = Buffer address, HL = Number of bytes to write
1542  09F6                      OS_WRITEHANDLE
1542  09F6 0E 49       >        ld c,CMD_WRITEHANDLE
1542  09F8             >        CALLBDOS_NOPARAM_A
1542  09F8 CD 05 00    >        call BDOS ;c=CMD
1543  09FB 18 E1                jr cmd_copy0
1544  09FD
1545  09FD              close_file1
1546  09FD              close_file1_handle=$+1
1547  09FD 06 00                ld b,0
1548  09FF                      OS_CLOSEHANDLE
1548  09FF 0E 45       >        ld c,CMD_CLOSEHANDLE
1548  0A01             >        CALLBDOS_NOPARAM_A
1548  0A01 CD 05 00    >        call BDOS ;c=CMD
1549  0A04 C9                   ret
1550  0A05
1551  0A05              cmd_copy_close_file2
1552  0A05              cmd_copy_close_file2_handle=$+1
1553  0A05 06 00                ld b,0
1554  0A07                      OS_CLOSEHANDLE
1554  0A07 0E 45       >        ld c,CMD_CLOSEHANDLE
1554  0A09             >        CALLBDOS_NOPARAM_A
1554  0A09 CD 05 00    >        call BDOS ;c=CMD
1555  0A0C 11 2B 10             ld de,filenamebuf;wordbuf;filenametext
1556  0A0F                      OS_GETFILETIME ;ix=date, hl=time
1556  0A0F 0E E3       >        ld c,CMD_GETFILETIME
1556  0A11             >        CALLBDOS_NOPARAM_A
1556  0A11 CD 05 00    >        call BDOS ;c=CMD
1557  0A14 11 AB 10             ld de,filenamebuf2;wordbuf2
1558  0A17                      OS_SETFILETIME
1558  0A17 0E E4       >        ld c,CMD_SETFILETIME
1558  0A19             >        CALLBDOS_NOPARAM_A
1558  0A19 CD 05 00    >        call BDOS ;c=CMD
1559  0A1C C9                   ret
1560  0A1D
1561  0A1D              cmd_error_cant_copy
1562  0A1D 21 B9 0E             ld hl,tcantcopy
1563  0A20 C3 0F 0B             jp cmderror
1564  0A23
1565  0A23              cmd_rem
1566  0A23 C9                   ret
1567  0A24
1568  0A24              cmd_mem
1569  0A24 21 15 0F             ld hl,tfree
1570  0A27 CD F0 29             call prtext
1571  0A2A 06 00                ld b,0
1572  0A2C              cmd_mem0
1573  0A2C C5                   push bc
1574  0A2D                      OS_NEWPAGE
1574  0A2D 0E FC       >        ld c,CMD_NEWPAGE
1574  0A2F             >	CALLBDOS_NOPARAM_A
1574  0A2F CD 05 00    >        call BDOS ;c=CMD
1575  0A32 C1                   pop bc
1576  0A33 B7                   or a
1577  0A34 20 04                jr nz,cmd_mem_del
1578  0A36 04                   inc b
1579  0A37 D5                   push de
1580  0A38 18 F2                jr cmd_mem0
1581  0A3A              cmd_mem_del
1582  0A3A 48                   ld c,b
1583  0A3B 04                   inc b
1584  0A3C 05                   dec b
1585  0A3D 28 0A                jr z,cmd_mem_q
1586  0A3F              cmd_mem_del0
1587  0A3F D1                   pop de
1588  0A40 C5                   push bc
1589  0A41                      OS_DELPAGE
1589  0A41 0E FD       >        ld c,CMD_DELPAGE
1589  0A43             >	CALLBDOS_NOPARAM_A
1589  0A43 CD 05 00    >        call BDOS ;c=CMD
1590  0A46 C1                   pop bc
1591  0A47 10 F6                djnz cmd_mem_del0
1592  0A49              cmd_mem_q
1593  0A49              ;c=free pages
1594  0A49 69                   ld l,c
1595  0A4A 26 00                ld h,0
1596  0A4C              prword_hl_crlf
1597  0A4C CD 80 26             call prword
1598  0A4F C3 20 0B             jp prcrlf
1599  0A52
1600  0A52              cmd_drop
1601  0A52 2A C3 08             ld hl,(execcmd_pars)
1602  0A55 7E                   ld a,(hl)
1603  0A56 B7                   or a
1604  0A57 CA D7 08             jp z,cmd_error_nopars
1605  0A5A AF                   xor a
1606  0A5B 57                   ld d,a
1607  0A5C              cmd_drop_par0
1608  0A5C 82                   add a,d
1609  0A5D 5F                   ld e,a ;id
1610  0A5E 87                   add a,a
1611  0A5F 87                   add a,a
1612  0A60 83                   add a,e
1613  0A61 87                   add a,a
1614  0A62 57                   ld d,a ;d=e*10
1615  0A63 7E                   ld a,(hl)
1616  0A64 23                   inc hl
1617  0A65 D6 30                sub '0'
1618  0A67 FE 0A                cp 10
1619  0A69 38 F1                jr c,cmd_drop_par0
1620  0A6B                      ;e=id
1621  0A6B                      OS_DROPAPP
1621  0A6B 0E DF       >        ld c,CMD_DROPAPP
1621  0A6D             >	CALLBDOS_NOPARAM_A
1621  0A6D CD 05 00    >        call BDOS ;c=CMD
1622  0A70 B7                   or a
1623  0A71 C8                   ret z
1624  0A72 21 21 0F             ld hl,twrongid
1625  0A75 C3 0F 0B             jp cmderror
1626  0A78
1627  0A78              cmd_proc
1628  0A78 1E 01                ld e,1 ;no id 0
1629  0A7A              cmd_proc0
1630  0A7A 7B                  ld a,e
1631  0A7B 32 D0 0A            ld (cmd_proc_id),a
1632  0A7E D5                   push de
1633  0A7F                      OS_GETAPPMAINPAGES ;d,e,h,l=pages in 0000,4000,8000,c000, c=flags
1633  0A7F 0E E0       >        ld c,CMD_GETAPPMAINPAGES
1633  0A81             >	CALLBDOS_NOPARAM_A
1633  0A81 CD 05 00    >        call BDOS ;c=CMD
1634  0A84 B7                   or a
1635  0A85 20 64                jr nz,cmd_proc_skip
1636  0A87 7A                   ld a,d
1637  0A88 D1                   pop de ;e=id
1638  0A89 D5                   push de ;e=id
1639  0A8A C5                    push bc
1640  0A8B F5                   push af ;main page
1641  0A8C EB                   ex de,hl ;l=id
1642  0A8D 26 00                ld h,0
1643  0A8F CD 80 26             call prword
1644  0A92 3E 20                ld a,' '
1645  0A94                      PRCHAR_
1645  0A94             >        ;OS_PRCHAR
1645  0A94 CD 0D 2D    >        call sendchar
1646  0A97 F1                   pop af ;main page
1647  0A98                      SETPGC000
1647  0A98 EF          >        rst 0x28 ;set page "a" in 0xc000 ;spoils BC
1648  0A99 C1                    pop bc ;c=flags
1649  0A9A C5                    push bc
1650  0A9B CB 41                 bit factive,c
1651  0A9D 3E 2D                 ld a,'-'
1652  0A9F 28 02                 jr z,$+4
1653  0AA1 3E 2B                 ld a,'+'
1654  0AA3                       PRCHAR_
1654  0AA3             >        ;OS_PRCHAR
1654  0AA3 CD 0D 2D    >        call sendchar
1655  0AA6 C1                    pop bc
1656  0AA7 C5                    push bc
1657  0AA8 CB 69                 bit fgfx,c
1658  0AAA 3E 20                 ld a,' '
1659  0AAC 28 02                 jr z,$+4
1660  0AAE 3E 67                 ld a,'g'
1661  0AB0                       PRCHAR_
1661  0AB0             >        ;OS_PRCHAR
1661  0AB0 CD 0D 2D    >        call sendchar
1662  0AB3 C1                    pop bc
1663  0AB4 CB 79                  bit fwaiting,c
1664  0AB6 3E 20                  ld a,' '
1665  0AB8 28 02                  jr z,$+4
1666  0ABA 3E 77                  ld a,'w'
1667  0ABC                        PRCHAR_
1667  0ABC             >        ;OS_PRCHAR
1667  0ABC CD 0D 2D    >        call sendchar
1668  0ABF 3E 20                 ld a,' '
1669  0AC1                       PRCHAR_
1669  0AC1             >        ;OS_PRCHAR
1669  0AC1 CD 0D 2D    >        call sendchar
1670  0AC4
1671  0AC4 11 00 00             ld de,0 ;e=page, d=number of pages for this id
1672  0AC7              cmd_proc_countmem0
1673  0AC7 D5                  push de
1674  0AC8                      OS_GETPAGEOWNER
1674  0AC8 0E CB       >        ld c,CMD_GETPAGEOWNER
1674  0ACA             >	CALLBDOS_NOPARAM_A
1674  0ACA CD 05 00    >        call BDOS ;c=CMD
1675  0ACD 7B                   ld a,e
1676  0ACE D1                  pop de
1677  0ACF              cmd_proc_id=$+1
1678  0ACF FE 00                cp 0
1679  0AD1 20 01                jr nz,$+3
1680  0AD3 14                    inc d
1681  0AD4 1C                   inc e
1682  0AD5 20 F0                jr nz,cmd_proc_countmem0
1683  0AD7 6A                   ld l,d ;print number of used pages
1684  0AD8 26 00                ld h,0
1685  0ADA CD 80 26             call prword
1686  0ADD
1687  0ADD 3E 20                 ld a,' '
1688  0ADF                       PRCHAR_
1688  0ADF             >        ;OS_PRCHAR
1688  0ADF CD 0D 2D    >        call sendchar
1689  0AE2
1690  0AE2 21 80 C0             ld hl,0xc000+COMMANDLINE
1691  0AE5 CD F0 29             call prtext
1692  0AE8 CD 20 0B             call prcrlf
1693  0AEB              cmd_proc_skip
1694  0AEB D1                   pop de
1695  0AEC 1C                   inc e
1696  0AED 7B                   ld a,e
1697  0AEE 3C                   inc a ;no id 0xff
1698  0AEF 20 89                jr nz,cmd_proc0
1699  0AF1 C9                   ret
1700  0AF2
1701  0AF2              cmd_date
1702  0AF2                      OS_GETTIME ;ix=date, hl=time
1702  0AF2 0E E2       >        ld c,CMD_GETTIME
1702  0AF4             >        CALLBDOS_NOPARAM_A
1702  0AF4 CD 05 00    >        call BDOS ;c=CMD
1703  0AF7 CD 1A 08             call prdate_time
1704  0AFA C3 20 0B             jp prcrlf
1705  0AFD
1706  0AFD              cmd_t0
1707  0AFD 3A 2B 0F             ld a,(wordbuf)
1708  0B00 E6 DF        	and 0xdf
1709  0B02 D6 41                sub 'A'
1710  0B04 CD 2B 0B             call cmdsetdrive
1711  0B07 B7                   or a
1712  0B08 C8                   ret z
1713  0B09 21 85 0E             ld hl,tdrivenotfound
1714  0B0C C3 0F 0B             jp cmderror
1715  0B0F
1716  0B0F              cmderror
1717  0B0F E5                   push hl
1718  0B10 11 09 00             ld de,_ERRORCOLOR
1719  0B13                      SETCOLOR_
1719  0B13             >        ;ld a,d
1719  0B13             >        ;add a,a
1719  0B13             >        ;add a,a
1719  0B13             >        ;add a,a
1719  0B13             >        ;or e
1719  0B13             >        ;ld e,a
1719  0B13             >        ;OS_SETCOLOR
1719  0B13 CD 52 2C    >        call setcolor
1720  0B16 E1                   pop hl
1721  0B17 CD F0 29             call prtext
1722  0B1A 11 07 00             ld de,_COLOR
1723  0B1D                      SETCOLOR_
1723  0B1D             >        ;ld a,d
1723  0B1D             >        ;add a,a
1723  0B1D             >        ;add a,a
1723  0B1D             >        ;add a,a
1723  0B1D             >        ;or e
1723  0B1D             >        ;ld e,a
1723  0B1D             >        ;OS_SETCOLOR
1723  0B1D CD 52 2C    >        call setcolor
1724  0B20              prcrlf
1725  0B20                      ;ld a,0x0d
1726  0B20                      ;PRCHAR_
1727  0B20                      ;ld a,0x0a
1728  0B20                      ;PRCHAR_
1729  0B20 21 29 0B             ld hl,crlfbuf
1730  0B23 11 02 00             ld de,2
1731  0B26 C3 E6 29             jp cmdprNchars
1732  0B29              crlfbuf
1733  0B29 0D 0A                db 0x0d,0x0a
1734  0B2B
1735  0B2B              cmdsetdrive
1736  0B2B 5F                   ld e,a
1737  0B2C                      OS_SETDRV
1737  0B2C 0E 0E       >        ld c,CMD_SETDRV
1737  0B2E             >        CALLBDOS_NOPARAM_A
1737  0B2E CD 05 00    >        call BDOS ;c=CMD
1738  0B31 C9                   ret
1739  0B32
1740  0B32              cmd_type
1741  0B32 2A C3 08             ld hl,(execcmd_pars)
1742  0B35 7E                   ld a,(hl)
1743  0B36 B7                   or a
1744  0B37 CA D7 08             jp z,cmd_error_nopars
1745  0B3A 11 2B 0F             ld de,wordbuf
1746  0B3D D5                   push de
1747  0B3E CD 82 04             call getword ;hl=terminator/space addr
1748  0B41 D1                   pop de ;ld de,wordbuf ;de=drive/path/file
1749  0B42                      OS_OPENHANDLE
1749  0B42 0E 43       >        ld c,CMD_OPENHANDLE
1749  0B44             >        CALLBDOS_NOPARAM_A
1749  0B44 CD 05 00    >        call BDOS ;c=CMD
1750  0B47 B7                   or a
1751  0B48 C2 07 09             jp nz,cmd_error_wrongfile
1752  0B4B 78                   ld a,b
1753  0B4C 32 FE 09             ld (close_file1_handle),a
1754  0B4F 21 FD 09             ld hl,close_file1
1755  0B52 E5                   push hl
1756  0B53              cmd_type0
1757  0B53              ;B = file handle, DE = Buffer address, HL = Number of bytes to read
1758  0B53 C5                   push bc
1759  0B54 11 65 0B             ld de,cmd_type_buf
1760  0B57 21 01 00             ld hl,1
1761  0B5A                      OS_READHANDLE
1761  0B5A 0E 48       >        ld c,CMD_READHANDLE
1761  0B5C             >        CALLBDOS_NOPARAM_A
1761  0B5C CD 05 00    >        call BDOS ;c=CMD
1762  0B5F              ;HL = Number of bytes actually read, A=error
1763  0B5F C1                   pop bc
1764  0B60 7C                   ld a,h
1765  0B61 B5                   or l
1766  0B62 C8                   ret z ;0 bytes remain
1767  0B63 C5                   push bc
1768  0B64              cmd_type_buf=$+1
1769  0B64 3E 00                ld a,0
1770  0B66                      PRCHAR_
1770  0B66             >        ;OS_PRCHAR
1770  0B66 CD 0D 2D    >        call sendchar
1771  0B69 C1                   pop bc
1772  0B6A 18 E7                jr cmd_type0
1773  0B6C
1774  0B6C              cmd_tee
1775  0B6C              ;tee filename
1776  0B6C              ;copy stdin to filename and to stdout
1777  0B6C 2A C3 08             ld hl,(execcmd_pars)
1778  0B6F 7E                   ld a,(hl)
1779  0B70 B7                   or a
1780  0B71 CA D7 08             jp z,cmd_error_nopars
1781  0B74 11 2B 0F             ld de,wordbuf
1782  0B77 D5                   push de
1783  0B78 CD 82 04             call getword ;hl=terminator/space addr
1784  0B7B D1                   pop de ;ld de,wordbuf ;de=drive/path/file
1785  0B7C                      OS_CREATEHANDLE
1785  0B7C 0E 44       >        ld c,CMD_CREATEHANDLE
1785  0B7E             >        CALLBDOS_NOPARAM_A
1785  0B7E CD 05 00    >        call BDOS ;c=CMD
1786  0B81 B7                   or a
1787  0B82 C2 07 09             jp nz,cmd_error_wrongfile
1788  0B85 78                   ld a,b
1789  0B86 32 FE 09             ld (close_file1_handle),a
1790  0B89 21 FD 09             ld hl,close_file1
1791  0B8C E5                   push hl
1792  0B8D              cmd_tee0
1793  0B8D C5                   push bc
1794  0B8E                      GETKEY_
1794  0B8E             >        ;OS_GETKEY
1794  0B8E CD DB 2B    >        call getkey;receivekey
1795  0B91 32 65 0B             ld (cmd_type_buf),a
1796  0B94 C1                   pop bc
1797  0B95 D8                   ret c ;input pipe closed
1798  0B96 3A 65 0B             ld a,(cmd_type_buf)
1799  0B99                      PRCHAR_
1799  0B99             >        ;OS_PRCHAR
1799  0B99 CD 0D 2D    >        call sendchar
1800  0B9C              ;B = file handle, DE = Buffer address, HL = Number of bytes to read
1801  0B9C C5                   push bc
1802  0B9D 11 65 0B             ld de,cmd_type_buf
1803  0BA0 21 01 00             ld hl,1 ;TODO набивать буфер, потом писать много
1804  0BA3                      OS_WRITEHANDLE
1804  0BA3 0E 49       >        ld c,CMD_WRITEHANDLE
1804  0BA5             >        CALLBDOS_NOPARAM_A
1804  0BA5 CD 05 00    >        call BDOS ;c=CMD
1805  0BA8              ;HL = Number of bytes actually written, A=error?
1806  0BA8 C1                   pop bc
1807  0BA9 18 E2                jr cmd_tee0
1808  0BAB
1809  0BAB              cmd_uname
1810  0BAB 21 C1 0B     	ld hl,nedostr
1811  0BAE CD F0 29             call prtext
1812  0BB1              	OS_GETCONFIG
1812  0BB1 0E CC       >        ld c,CMD_GETCONFIG
1812  0BB3             >	CALLBDOS_NOPARAM_A
1812  0BB3 CD 05 00    >        call BDOS ;c=CMD
1813  0BB6 DD E5        	push ix
1814  0BB8 D1           	pop de
1815  0BB9 60           	ld h,b
1816  0BBA 69           	ld l,c
1817  0BBB CD 86 26     	call prdword_dehl
1818  0BBE C3 20 0B             jp prcrlf
1819  0BC1 4E 65 64 6F  nedostr defb "NedoOS Kernel revision ",0
1819  0BC5 4F 53 20 4B
1819  0BC9 65 72 6E 65
1819  0BCD 6C 20 72 65
1819  0BD1 76 69 73 69
1819  0BD5 6F 6E 20 00
1820  0BD9
1821  0BD9              cmd_echo
1822  0BD9 2A C3 08             ld hl,(execcmd_pars)
1823  0BDC CD F0 29             call prtext
1824  0BDF C3 20 0B             jp prcrlf
1825  0BE2
1826  0BE2              cmd_pause
1827  0BE2 CD DB 2B             call getkey
1828  0BE5 2A C3 08             ld hl,(execcmd_pars)
1829  0BE8 7E           	ld a,(hl)
1830  0BE9 B7                   or a
1831  0BEA 28 25                jr z,cmd_pause_infin
1832  0BEC 11 31 14     	ld de,copybuf
1833  0BEF CD 8A 28     	call strtobyte_hltode
1834  0BF2 2A 31 14     	ld hl,(copybuf)	;умножаем на 50 интов в секунде
1835  0BF5 54           	ld d,h
1836  0BF6 5D           	ld e,l
1837  0BF7 29           	add hl,hl
1838  0BF8 19           	add hl,de
1839  0BF9 29           	add hl,hl
1840  0BFA 29           	add hl,hl
1841  0BFB 29           	add hl,hl
1842  0BFC 19           	add hl,de
1843  0BFD 29           	add hl,hl
1844  0BFE              	;display "cmd_pause ",cmd_pause
1845  0BFE              cmd_pause_loop	;ждем окончания счетчика, либо кнопку
1846  0BFE 7C           	ld a,h
1847  0BFF B5           	or l
1848  0C00 C8           	ret z
1849  0C01 E5           	push hl
1850  0C02 0E F2        	ld c,CMD_YIELD
1851  0C04 CD 05 00     	call BDOS	;YIELD
1852  0C07 CD DB 2B     	call getkey
1853  0C0A E1           	pop hl
1854  0C0B D8                   ret c ;error
1855  0C0C B7           	or a
1856  0C0D C0           	ret nz
1857  0C0E 2B           	dec hl
1858  0C0F 18 ED        	jr cmd_pause_loop
1859  0C11
1860  0C11              cmd_pause_infin
1861  0C11 CD F2 2B             call yieldgetkeyloop ;YIELDGETKEYLOOP
1862  0C14 FE 1F                cp key_redraw
1863  0C16 28 F9                jr z,cmd_pause_infin
1864  0C18 C9                   ret
1865  0C19
1866  0C19              cmd_skip_cmdcom
1867  0C19              ;in: hl=command line, out: hl=after optional "cmd.com" (with optional path prefix)
1868  0C19 11 2B 0F             ld de,wordbuf
1869  0C1C E5                   push hl
1870  0C1D CD 82 04             call getword
1871  0C20 44 4D                ld bc,hl
1872  0C22 21 2B 0F             ld hl,wordbuf
1873  0C25 CD 98 0D             call findlastslash. ;de=basename (e.g. cmd.com in bin/cmd.com)
1874  0C28 EB                   ex de,hl
1875  0C29 11 37 0C             ld de,tcmdcom
1876  0C2C CD 3C 29             call strcp
1877  0C2F E1                   pop hl
1878  0C30 C0                   ret nz
1879  0C31 60 69                ld hl,bc
1880  0C33 CD 8D 08             call skipspaces
1881  0C36 C9                   ret
1882  0C37
1883  0C37              tcmdcom
1884  0C37 63 6D 64 2E          db "cmd.com",0
1884  0C3B 63 6F 6D 00
1885  0C3F
1886  0C3F              cmd_copydir
1887  0C3F 2A C3 08             ld hl,(execcmd_pars)
1888  0C42 7E                   ld a,(hl)
1889  0C43 B7                   or a
1890  0C44 CA D7 08             jp z,cmd_error_nopars
1891  0C47 11 2B 0F             ld de,wordbuf
1892  0C4A CD 82 04             call getword ;hl=terminator/space addr
1893  0C4D CD 8D 08             call skipspaces
1894  0C50 7E                   ld a,(hl)
1895  0C51 B7                   or a
1896  0C52 CA DD 08             jp z,cmd_error_notenoughpars
1897  0C55 11 AB 0F             ld de,wordbuf2
1898  0C58 CD 82 04             call getword ;hl=terminator/space addr
1899  0C5B
1900  0C5B              cmd_copydir_go
1901  0C5B 21 2B 0F             ld hl,wordbuf
1902  0C5E CD F0 29             call prtext
1903  0C61 3E 3E                ld a,'>'
1904  0C63                      PRCHAR_
1904  0C63             >        ;OS_PRCHAR
1904  0C63 CD 0D 2D    >        call sendchar
1905  0C66 21 AB 0F             ld hl,wordbuf2
1906  0C69 E5                   push hl
1907  0C6A CD F0 29             call prtext
1908  0C6D CD 20 0B             call prcrlf
1909  0C70 D1                   pop de ;ld de,wordbuf2
1910  0C71                      OS_MKDIR
1910  0C71 0E EB       >        ld c,CMD_MKDIR
1910  0C73             >        CALLBDOS_NOPARAM_A
1910  0C73 CD 05 00    >        call BDOS ;c=CMD
1911  0C76
1912  0C76 01 00 00             ld bc,0 ;номер файла в директории
1913  0C79              cmd_copydir0
1914  0C79 C5                   push bc
1915  0C7A 11 32 2A             ld de,cmdprompt
1916  0C7D                      OS_CHDIR
1916  0C7D 0E 5A       >        ld c,CMD_CHDIR
1916  0C7F             >        CALLBDOS_NOPARAM_A
1916  0C7F CD 05 00    >        call BDOS ;c=CMD
1917  0C82 11 2B 0F             ld de,wordbuf
1918  0C85                      OS_CHDIR
1918  0C85 0E 5A       >        ld c,CMD_CHDIR
1918  0C87             >        CALLBDOS_NOPARAM_A
1918  0C87 CD 05 00    >        call BDOS ;c=CMD
1919  0C8A C1                   pop bc
1920  0C8B C5                   push bc
1921  0C8C CD 6A 0D             call getdirfcb_bc
1922  0C8F C1                   pop bc
1923  0C90 C0                   ret nz ;jr nz,cmd_copydirq
1924  0C91
1925  0C91 3A 2C 11             ld a,(fcb_filename)
1926  0C94 FE 2E                cp '.'
1927  0C96 28 15                jr z,cmd_copydir0_skip
1928  0C98 3A 38 11             ld a,(fcb+FCB_FATTRIB)
1929  0C9B E6 10                and FATTRIB_DIR
1930  0C9D 20 2A                jr nz,cmd_copydir0_recursive
1931  0C9F
1932  0C9F C5                   push bc
1933  0CA0 21 2C 11             ld hl,fcb_filename
1934  0CA3 11 2B 10             ld de,filenamebuf
1935  0CA6 CD 46 29             call cpmname_to_dotname
1936  0CA9 CD 2F 0D             call open_setdir2_create_copy
1937  0CAC C1                   pop bc
1938  0CAD              cmd_copydir0_skip
1939  0CAD 03                   inc bc
1940  0CAE 18 C9                jr cmd_copydir0
1941  0CB0
1942  0CB0                      macro STRPUSH
1943  0CB0 ~            ;hl=string addr
1944  0CB0 ~                    xor a
1945  0CB0 ~                    push af
1946  0CB0 ~                     ld a,(hl)
1947  0CB0 ~                     inc hl
1948  0CB0 ~                     or a
1949  0CB0 ~                     push af
1950  0CB0 ~                    jr nz,$-4
1951  0CB0 ~                    pop af
1952  0CB0 ~            ;в стеке лежит \0, текст (без терминатора)
1953  0CB0                      endm
1954  0CB0
1955  0CB0                      macro STRPOP
1956  0CB0 ~            ;hl=string addr
1957  0CB0 ~                    ld d,h
1958  0CB0 ~                    ld e,l
1959  0CB0 ~                     pop af
1960  0CB0 ~                     ld (hl),a
1961  0CB0 ~                     inc hl
1962  0CB0 ~                     or a
1963  0CB0 ~                    jr nz,$-4
1964  0CB0 ~                    ex de,hl
1965  0CB0 ~                    call strmirror
1966  0CB0                      endm
1967  0CB0
1968  0CB0              strmirror
1969  0CB0              ;hl=string addr
1970  0CB0 54                   ld d,h
1971  0CB1 5D                   ld e,l
1972  0CB2 CD 98 29             call strlen
1973  0CB5 44                   ld b,h
1974  0CB6 4D                   ld c,l
1975  0CB7 78           	 ld a,b
1976  0CB8 B1           	 or c
1977  0CB9 C8           	 ret z
1978  0CBA              ;de=начало, bc=hl=длина
1979  0CBA                      ;ld h,b
1980  0CBA                      ;ld l,c
1981  0CBA 19                   add hl,de ;hl=конец+1
1982  0CBB CB 38                srl b
1983  0CBD CB 19                rr c ;bc=wid/2
1984  0CBF              mirrorbytes0
1985  0CBF 2B                   dec hl
1986  0CC0 1A                   ld a,(de)
1987  0CC1 ED A0                ldi
1988  0CC3 2B                   dec hl
1989  0CC4 77                   ld (hl),a
1990  0CC5 EA BF 0C             jp pe,mirrorbytes0
1991  0CC8 C9                   ret
1992  0CC9
1993  0CC9              cmd_copydir0_recursive
1994  0CC9              ;recursive copydir <wordbuf>/<filename> <wordbuf2>/<filename>
1995  0CC9 C5                   push bc
1996  0CCA 21 2B 0F             ld hl,wordbuf
1997  0CCD                      STRPUSH
1997  0CCD             >;hl=string addr
1997  0CCD AF          >        xor a
1997  0CCE F5          >        push af
1997  0CCF 7E          >         ld a,(hl)
1997  0CD0 23          >         inc hl
1997  0CD1 B7          >         or a
1997  0CD2 F5          >         push af
1997  0CD3 20 FA       >        jr nz,$-4
1997  0CD5 F1          >        pop af
1997  0CD6             >;в стеке лежит \0, текст (без терминатора)
1998  0CD6 21 AB 0F             ld hl,wordbuf2
1999  0CD9                      STRPUSH
1999  0CD9             >;hl=string addr
1999  0CD9 AF          >        xor a
1999  0CDA F5          >        push af
1999  0CDB 7E          >         ld a,(hl)
1999  0CDC 23          >         inc hl
1999  0CDD B7          >         or a
1999  0CDE F5          >         push af
1999  0CDF 20 FA       >        jr nz,$-4
1999  0CE1 F1          >        pop af
1999  0CE2             >;в стеке лежит \0, текст (без терминатора)
2000  0CE2                      ;ld hl,cmdprompt
2001  0CE2                      ;STRPUSH
2002  0CE2
2003  0CE2 21 2B 0F             ld hl,wordbuf
2004  0CE5 01 00 00             ld bc,0
2005  0CE8 AF                   xor a
2006  0CE9 ED B1                cpir
2007  0CEB 2B                   dec hl ;hl=terminator addr
2008  0CEC 36 2F                ld (hl),'/'
2009  0CEE 23                   inc hl
2010  0CEF EB                   ex de,hl
2011  0CF0 21 2C 11             ld hl,fcb_filename
2012  0CF3                      ;ld de,filenamebuf
2013  0CF3 CD 46 29             call cpmname_to_dotname
2014  0CF6
2015  0CF6 21 AB 0F             ld hl,wordbuf2
2016  0CF9 01 00 00             ld bc,0
2017  0CFC AF                   xor a
2018  0CFD ED B1                cpir
2019  0CFF 2B                   dec hl ;hl=terminator addr
2020  0D00 36 2F                ld (hl),'/'
2021  0D02 23                   inc hl
2022  0D03 EB                   ex de,hl
2023  0D04 21 2C 11             ld hl,fcb_filename
2024  0D07                      ;ld de,filenamebuf
2025  0D07 CD 46 29             call cpmname_to_dotname
2026  0D0A
2027  0D0A CD 5B 0C             call cmd_copydir_go
2028  0D0D
2029  0D0D              ;restore dirnames, file #
2030  0D0D                      ;ld hl,cmdprompt
2031  0D0D                      ;STRPOP
2032  0D0D 21 AB 0F             ld hl,wordbuf2
2033  0D10                      STRPOP
2033  0D10             >;hl=string addr
2033  0D10 54          >        ld d,h
2033  0D11 5D          >        ld e,l
2033  0D12 F1          >         pop af
2033  0D13 77          >         ld (hl),a
2033  0D14 23          >         inc hl
2033  0D15 B7          >         or a
2033  0D16 20 FA       >        jr nz,$-4
2033  0D18 EB          >        ex de,hl
2033  0D19 CD B0 0C    >        call strmirror
2034  0D1C 21 2B 0F             ld hl,wordbuf
2035  0D1F                      STRPOP
2035  0D1F             >;hl=string addr
2035  0D1F 54          >        ld d,h
2035  0D20 5D          >        ld e,l
2035  0D21 F1          >         pop af
2035  0D22 77          >         ld (hl),a
2035  0D23 23          >         inc hl
2035  0D24 B7          >         or a
2035  0D25 20 FA       >        jr nz,$-4
2035  0D27 EB          >        ex de,hl
2035  0D28 CD B0 0C    >        call strmirror
2036  0D2B C1                   pop bc
2037  0D2C C3 AD 0C             jp cmd_copydir0_skip
2038  0D2F
2039  0D2F              open_setdir2_create_copy
2040  0D2F                      ;open....
2041  0D2F 11 2B 10             ld de,filenamebuf;wordbuf ;de=drive/path/file
2042  0D32                      OS_OPENHANDLE
2042  0D32 0E 43       >        ld c,CMD_OPENHANDLE
2042  0D34             >        CALLBDOS_NOPARAM_A
2042  0D34 CD 05 00    >        call BDOS ;c=CMD
2043  0D37 B7                   or a
2044  0D38 C2 07 09             jp nz,cmd_error_wrongfile
2045  0D3B 78                   ld a,b
2046  0D3C 32 FE 09             ld (close_file1_handle),a
2047  0D3F 21 FD 09             ld hl,close_file1
2048  0D42 E5                   push hl
2049  0D43
2050  0D43                      ;set dir2...
2051  0D43 11 32 2A             ld de,cmdprompt
2052  0D46                      OS_CHDIR
2052  0D46 0E 5A       >        ld c,CMD_CHDIR
2052  0D48             >        CALLBDOS_NOPARAM_A
2052  0D48 CD 05 00    >        call BDOS ;c=CMD
2053  0D4B 11 AB 0F             ld de,wordbuf2
2054  0D4E                      OS_CHDIR
2054  0D4E 0E 5A       >        ld c,CMD_CHDIR
2054  0D50             >        CALLBDOS_NOPARAM_A
2054  0D50 CD 05 00    >        call BDOS ;c=CMD
2055  0D53
2056  0D53                      ;create....
2057  0D53 11 2B 10             ld de,filenamebuf;2;wordbuf2 ;de=drive/path/file
2058  0D56                      OS_CREATEHANDLE
2058  0D56 0E 44       >        ld c,CMD_CREATEHANDLE
2058  0D58             >        CALLBDOS_NOPARAM_A
2058  0D58 CD 05 00    >        call BDOS ;c=CMD
2059  0D5B B7                   or a
2060  0D5C C2 1D 0A             jp nz,cmd_error_cant_copy
2061  0D5F 78                   ld a,b
2062  0D60 32 06 0A             ld (cmd_copy_close_file2_handle),a
2063  0D63 21 05 0A             ld hl,cmd_copy_close_file2
2064  0D66 E5                   push hl
2065  0D67
2066  0D67                      ;copy....
2067  0D67 C3 DE 09             jp cmd_copy0
2068  0D6A
2069  0D6A
2070  0D6A              getdirfcb_bc
2071  0D6A              ;bc=file number in current dir to read to fcb
2072  0D6A              ;nz=error
2073  0D6A C5                   push bc
2074  0D6B 11 2B 11             ld de,fcb
2075  0D6E                      OS_SETDTA
2075  0D6E 0E 1A       >        ld c,CMD_SETDTA
2075  0D70             >        CALLBDOS_NOPARAM_A
2075  0D70 CD 05 00    >        call BDOS ;c=CMD
2076  0D73 11 4C 11             ld de,fcbmask
2077  0D76                      OS_FSEARCHFIRST ;de = pointer to unopened FCB (filename with ????????), read matching FCB to DTA
2077  0D76 0E 11       >        ld c,CMD_FSEARCHFIRST
2077  0D78             >        CALLBDOS_NOPARAM_A
2077  0D78 CD 05 00    >        call BDOS ;c=CMD
2078  0D7B C1                   pop bc
2079  0D7C B7                   or a
2080  0D7D C0                   ret nz
2081  0D7E
2082  0D7E              getdirfcb_bc0
2083  0D7E 78                   ld a,b
2084  0D7F B1                   or c
2085  0D80 C8                   ret z
2086  0D81 0B                   dec bc
2087  0D82 C5                   push bc
2088  0D83 11 2B 11             ld de,fcb
2089  0D86                      OS_SETDTA
2089  0D86 0E 1A       >        ld c,CMD_SETDTA
2089  0D88             >        CALLBDOS_NOPARAM_A
2089  0D88 CD 05 00    >        call BDOS ;c=CMD
2090  0D8B 11 4C 11             ld de,fcbmask
2091  0D8E                      OS_FSEARCHNEXT ;(NOT CP/M!!!)de = pointer to unopened FCB (filename with ????????), read matching FCB to DTA
2091  0D8E 0E 12       >        ld c,CMD_FSEARCHNEXT
2091  0D90             >        CALLBDOS_NOPARAM_A
2091  0D90 CD 05 00    >        call BDOS ;c=CMD
2092  0D93 C1                   pop bc
2093  0D94 B7                   or a
2094  0D95 28 E7                jr z,getdirfcb_bc0
2095  0D97 C9                   ret
2096  0D98
2097  0D98              ;hl = poi to filename in string
2098  0D98              ;out: ;de = after last slash
2099  0D98              findlastslash.
2100  0D98              nfopenfnslash.
2101  0D98 54           	ld d,h
2102  0D99 5D           	ld e,l ;de = after last slash
2103  0D9A              nfopenfnslash0.
2104  0D9A 7E           	ld a,[hl]
2105  0D9B 23           	inc hl
2106  0D9C B7           	or a
2107  0D9D C8           	ret z ;jr z,nfopenfnslashq.
2108  0D9E FE 2F        	cp '/'
2109  0DA0 20 F8        	jr nz,nfopenfnslash0.
2110  0DA2 18 F4        	jr nfopenfnslash.
2111  0DA4              ;nfopenfnslashq.
2112  0DA4              ;de = after last slash
2113  0DA4              	;ret
2114  0DA4
2115  0DA4              ;hl = poi to filename in string
2116  0DA4              ;out: ;de = after last slash
2117  0DA4              findlastdot
2118  0DA4              nfopenfndot.
2119  0DA4 54           	ld d,h
2120  0DA5 5D           	ld e,l ;de = after last dot
2121  0DA6              nfopenfndot0.
2122  0DA6 7E           	ld a,[hl]
2123  0DA7 23           	inc hl
2124  0DA8 B7           	or a
2125  0DA9 C8           	ret z
2126  0DAA FE 2E        	cp '.'
2127  0DAC 20 F8        	jr nz,nfopenfndot0.
2128  0DAE 18 F4        	jr nfopenfndot.
2129  0DB0
2130  0DB0              commandslist
2131  0DB0 B8 07                dw cmd_dir
2132  0DB2 6C 73 00             db "ls",0
2133  0DB5 B8 07                dw cmd_dir
2134  0DB7 64 69 72 00          db "dir",0
2135  0DBB F8 08                dw cmd_del
2136  0DBD 64 65 6C 00          db "del",0
2137  0DC1 F8 08                dw cmd_del
2138  0DC3 72 6D 00             db "rm",0
2139  0DC6 91 01                dw cmd_exit
2140  0DC8 65 78 69 74          db "exit",0
2140  0DCC 00
2141  0DCD 91 01                dw cmd_exit
2142  0DCF 71 75 69 74          db "quit",0
2142  0DD3 00
2143  0DD4 C2 08                dw cmd_cd
2144  0DD6 63 64 00             db "cd",0
2145  0DD9 9A 09                dw cmd_copy
2146  0DDB 63 6F 70 79          db "copy",0
2146  0DDF 00
2147  0DE0 9A 09                dw cmd_copy
2148  0DE2 63 70 00             db "cp",0
2149  0DE5 23 0A                dw cmd_rem
2150  0DE7 72 65 6D 00          db "rem",0
2151  0DEB E3 08                dw cmd_md
2152  0DED 6D 64 00             db "md",0
2153  0DF0 E3 08                dw cmd_md
2154  0DF2 6D 6B 64 69          db "mkdir",0
2154  0DF6 72 00
2155  0DF8 0D 09                dw cmd_ren
2156  0DFA 72 65 6E 00          db "ren",0
2157  0DFE 0D 09                dw cmd_ren
2158  0E00 6D 76 00             db "mv",0
2159  0E03 24 0A                dw cmd_mem
2160  0E05 6D 65 6D 00          db "mem",0
2161  0E09 24 0A                dw cmd_mem
2162  0E0B 66 72 65 65          db "free",0
2162  0E0F 00
2163  0E10 78 0A                dw cmd_proc
2164  0E12 70 72 6F 63          db "proc",0
2164  0E16 00
2165  0E17 78 0A                dw cmd_proc
2166  0E19 70 73 00             db "ps",0
2167  0E1C 6C 0B                dw cmd_tee
2168  0E1E 74 65 65 00          db "tee",0
2169  0E22 52 0A                dw cmd_drop
2170  0E24 64 72 6F 70          db "drop",0
2170  0E28 00
2171  0E29 52 0A                dw cmd_drop
2172  0E2B 6B 69 6C 6C          db "kill",0
2172  0E2F 00
2173  0E30 F2 0A                dw cmd_date
2174  0E32 64 61 74 65          db "date",0
2174  0E36 00
2175  0E37 E8 04                dw cmd_start
2176  0E39 73 74 61 72          db "start",0
2176  0E3D 74 00
2177  0E3F 3F 0C                dw cmd_copydir
2178  0E41 63 6F 70 79          db "copydir",0
2178  0E45 64 69 72 00
2179  0E49 32 0B                dw cmd_type
2180  0E4B 74 79 70 65          db "type",0
2180  0E4F 00
2181  0E50 32 0B                dw cmd_type
2182  0E52 63 61 74 00          db "cat",0
2183  0E56 D9 0B                dw cmd_echo
2184  0E58 65 63 68 6F          db "echo",0
2184  0E5C 00
2185  0E5D E2 0B                dw cmd_pause
2186  0E5F 70 61 75 73          db "pause",0
2186  0E63 65 00
2187  0E65 A7 2C                dw cmd_cls
2188  0E67 63 6C 73 00          db "cls",0
2189  0E6B AB 0B                dw cmd_uname
2190  0E6D 75 6E 61 6D          db "uname",0
2190  0E71 65 00
2191  0E73
2192  0E73 FF FF                dw -1 ;конец таблицы команд
2193  0E75
2194  0E75
2195  0E75              tunknowncommand
2196  0E75 55 6E 6B 6E          db "Unknown command",0
2196  0E79 6F 77 6E 20
2196  0E7D 63 6F 6D 6D
2196  0E81 61 6E 64 00
2197  0E85              tdrivenotfound
2198  0E85 44 72 69 76          db "Drive not found",0
2198  0E89 65 20 6E 6F
2198  0E8D 74 20 66 6F
2198  0E91 75 6E 64 00
2199  0E95              tnopars
2200  0E95 4E 6F 20 70          db "No parameters",0
2200  0E99 61 72 61 6D
2200  0E9D 65 74 65 72
2200  0EA1 73 00
2201  0EA3              tnotenoughpars
2202  0EA3 4E 6F 74 20          db "Not enough parameters",0
2202  0EA7 65 6E 6F 75
2202  0EAB 67 68 20 70
2202  0EAF 61 72 61 6D
2202  0EB3 65 74 65 72
2202  0EB7 73 00
2203  0EB9              tcantcopy
2204  0EB9 43 61 6E 27          db "Can't copy",0
2204  0EBD 74 20 63 6F
2204  0EC1 70 79 00
2205  0EC4              tcantwrite
2206  0EC4 43 61 6E 27          db "Can't write",0
2206  0EC8 74 20 77 72
2206  0ECC 69 74 65 00
2207  0ED0              twrongpath
2208  0ED0 57 72 6F 6E          db "Wrong path",0
2208  0ED4 67 20 70 61
2208  0ED8 74 68 00
2209  0EDB              twrongfile
2210  0EDB 57 72 6F 6E          db "Wrong file",0
2210  0EDF 67 20 66 69
2210  0EE3 6C 65 00
2211  0EE6              tcantmakedir
2212  0EE6 43 61 6E 27          db "Can't make the directory",0
2212  0EEA 74 20 6D 61
2212  0EEE 6B 65 20 74
2212  0EF2 68 65 20 64
2212  0EF6 69 72 65 63
2212  0EFA 74 6F 72 79
2212  0EFE 00
2213  0EFF              tcantrename
2214  0EFF 43 61 6E 27          db "Can't rename",0
2214  0F03 74 20 72 65
2214  0F07 6E 61 6D 65
2214  0F0B 00
2215  0F0C              t_files_crlf
2216  0F0C 20 66 69 6C          db " files",0x0d,0x0a,0
2216  0F10 65 73 0D 0A
2216  0F14 00
2217  0F15              tfree
2218  0F15 66 72 65 65          db "free pages=",0
2218  0F19 20 70 61 67
2218  0F1D 65 73 3D 00
2219  0F21              twrongid
2220  0F21 57 72 6F 6E          db "Wrong ID",0
2220  0F25 67 20 49 44
2220  0F29 00
2221  0F2A
2222  0F2A              ;oldtimer
2223  0F2A              ;        dw 0
2224  0F2A
2225  0F2A 00           	db 0 ;для запарывания на случай отсутствия пути
2226  0F2B              wordbuf
2227  0F2B 00 00 00...          ds MAXCMDSZ+1
2228  0FAB              wordbuf2
2229  0FAB 00 00 00...          ds MAXCMDSZ+1
2230  102B              filenamebuf
2231  102B 00 00 00...          ds MAXCMDSZ+1
2232  10AB              filenamebuf2
2233  10AB 00 00 00...          ds MAXCMDSZ+1
2234  112B
2235  112B              fcb
2236  112B 00 00 00...          ds FCB_sz
2237  114C              fcb_filename=fcb+FCB_FNAME
2238  114C
2239  114C              fcbmask
2240  114C 00                   db 0
2241  114D 3F 3F 3F 3F          db "???????????"
2241  1151 3F 3F 3F 3F
2241  1155 3F 3F 3F
2242  1158 00 00 00...          ds FCB_sz-11-1
2243  116D              fcbmask_filename=fcbmask+FCB_FNAME
2244  116D
2245  116D              fcb2
2246  116D 00 00 00...          ds FCB_sz
2247  118E              fcb2_filename=fcb2+FCB_FNAME
2248  118E
2249  118E              fcb_bat
2250  118E 00 00 00...          ds FCB_sz
2251  11AF              fcb_bat_filename=fcb_bat+FCB_FNAME
2252  11AF
2253  11AF              oldpath ;TODO убрать (когда будет loadapp через OPENHANDLE)
2254  11AF 00 00 00...          ds MAXPATH_sz;MAXCMDSZ+1
2255  12AF
2256  12AF              sysdir
2257  12AF 00 00 00...          ds MAXPATH_sz
2258  13AF
2259  13AF              cmd_afterrun
2260  13AF 00                   ds 1
2261  13B0              cmd_afterrun_saved
2262  13B0 00                   ds 1
2263  13B1
2264  13B1              oldcmd
2265  13B1 00 00 00...          ds MAXCMDSZ+1
2266  1431
2267  1431              copybuf
2268  1431 00 00 00...          ds 4096;128 ;можно сколько угодно
2269  2431              copybuf_sz=$-copybuf
2270  2431
2271  2431              params
2272  2431 00 00 00...          ds MAXCMDSZ+1
2273  24B1
2274  24B1              filinfo
2275  24B1 00 00 00...          ds FILINFO_sz
2276  2507
2277  2507              emptypath
2278  2507 00                   db 0
2279  2508
2280  2508 00 00 00...          align 256
2281  2600              file_buf
2282  2600 00 00 00...          ds 128 ;buf for reading .bat
2283  2680              file_buf_end=$-1
2284  2680
2285  2680                      if DEBUG
2286  2680 ~            printcurdir
2287  2680 ~                    ld de,curdir__
2288  2680 ~                    push de
2289  2680 ~                    OS_GETPATH
2290  2680 ~                    pop hl
2291  2680 ~                    ;ld c,0
2292  2680 ~                    call prtext
2293  2680 ~                    jp prcrlf
2294  2680 ~
2295  2680 ~            curdir__
2296  2680 ~                    ds 256
2297  2680                      endif
2298  2680
2299  2680              prword
2300  2680 11 00 00             ld de,0
2301  2683 C3 86 26             jp prdword_dehl
2302  2686
2303  2686                      include "../_sdk/prdword.asm"
# file opened: ../_sdk/prdword.asm
   1+ 2686              prdword_dehl ;╨┤╨╗╤П ╨┐╨╡╤З╨░╤В╨╕ ╨╜╨░ ╤Н╨║╤А╨░╨╜
   2+ 2686              ;dehl=num
   3+ 2686 01 50 27             ld bc,prdwordbuf
   4+ 2689 C5                   push bc
   5+ 268A CD 94 26             call prdword_dehl_tobc
   6+ 268D D1                   pop de
   7+ 268E 21 0A 00             ld hl,10
   8+ 2691 C3 16 2D             jp sendchars
   9+ 2694
  10+ 2694              prdword_dehl_tobc ;╨┤╨╗╤П ╨┐╨╡╤З╨░╤В╨╕ ╨▓ ╨▒╤Г╤Д╨╡╤А
  11+ 2694              ;dehl=num
  12+ 2694              ;bc=buf
  13+ 2694 D5                   push de
  14+ 2695 E5                   push hl
  15+ 2696 D9                   exx
  16+ 2697 FD E1                pop iy
  17+ 2699 E1                   pop hl ;hliy=num ;bc'=buf addr
  18+ 269A 3E 20                ld a,' '
  19+ 269C 32 2F 27             ld (prnumdwordcmd_zero_sym),a
  20+ 269F 7C                   ld a,h
  21+ 26A0 B5                   or l
  22+ 26A1 28 3C                jr z,prdword_skiphsw
  23+ 26A3 01 65 C4             ld bc,+(-1000000000>>16)
  24+ 26A6 11 00 36             ld de,+(-1000000000&0xffff)
  25+ 26A9 CD 35 27             call prdig32bit
  26+ 26AC 01 0A FA             ld bc,+(-100000000>>16)
  27+ 26AF 11 00 1F             ld de,+(-100000000&0xffff)
  28+ 26B2 CD 35 27             call prdig32bit
  29+ 26B5 01 67 FF             ld bc,+(-10000000>>16)
  30+ 26B8 11 80 69             ld de,+(-10000000&0xffff)
  31+ 26BB CD 35 27             call prdig32bit
  32+ 26BE 0E F0                ld  c,+(-1000000>>16)
  33+ 26C0 11 C0 BD             ld de,+(-1000000&0xffff)
  34+ 26C3 CD 35 27             call prdig32bit
  35+ 26C6 0E FE                ld  c,+(-100000>>16)
  36+ 26C8 11 60 79             ld de,+(-100000&0xffff)
  37+ 26CB CD 35 27             call prdig32bit
  38+ 26CE C3 EE 26             jp _prword_hliy
  39+ 26D1
  40+ 26D1              prword_hl_tobc ;╨┤╨╗╤П ╨┐╨╡╤З╨░╤В╨╕ ╨▓ ╨▒╤Г╤Д╨╡╤А
  41+ 26D1              ;hl=num
  42+ 26D1              ;bc=buf
  43+ 26D1 E5                   push hl
  44+ 26D2 D9                   exx
  45+ 26D3 FD E1                pop iy
  46+ 26D5 3E 20                ld a,' '
  47+ 26D7 32 2F 27             ld (prnumdwordcmd_zero_sym),a
  48+ 26DA 21 00 00             ld hl,0
  49+ 26DD 18 0F                jr _prword_hliy ;hliy=num ;bc'=buf addr
  50+ 26DF              prdword_skiphsw
  51+ 26DF CD 2E 27             call prnumdwordcmd_azero
  52+ 26E2 CD 30 27             call prnumdwordcmd_azero_a
  53+ 26E5 CD 30 27             call prnumdwordcmd_azero_a
  54+ 26E8 CD 30 27             call prnumdwordcmd_azero_a
  55+ 26EB CD 30 27             call prnumdwordcmd_azero_a
  56+ 26EE              _prword_hliy ;hliy=num ;bc'=buf addr
  57+ 26EE 01 FF FF             ld bc,+(-10000>>16)
  58+ 26F1 11 F0 D8             ld de,+(-10000&0xffff)
  59+ 26F4 CD 35 27             call prdig32bit
  60+ 26F7 FD E5                push iy
  61+ 26F9 E1                   pop hl
  62+ 26FA              ;hl=num
  63+ 26FA              ;bc'=buf addr
  64+ 26FA 01 18 FC             ld bc,+(-1000&0xffff)
  65+ 26FD CD 12 27             call prdig16bit
  66+ 2700 01 9C FF             ld bc,+(-100&0xffff)
  67+ 2703 CD 12 27             call prdig16bit
  68+ 2706 0E F6                ld  c,+(-10&0xff)
  69+ 2708 CD 12 27             call prdig16bit
  70+ 270B 7D                   ld a,l
  71+ 270C C6 30                add a,'0'
  72+ 270E D9                   exx
  73+ 270F 02                   ld (bc),a
  74+ 2710 03                   inc bc
  75+ 2711 C9                   ret
  76+ 2712              prdig16bit
  77+ 2712              ;hl=num
  78+ 2712              ;bc=-divisor
  79+ 2712              ;bc'=buf addr
  80+ 2712 3E 2F                ld a,'0'-1
  81+ 2714              prdig16bit0
  82+ 2714 3C                   inc a
  83+ 2715 09                  add hl,bc
  84+ 2716 DA 14 27             jp c,prdig16bit0
  85+ 2719 ED 42               sbc hl,bc
  86+ 271B              prdword_digok
  87+ 271B FE 30                cp '0'
  88+ 271D 28 0F                jr z,prnumdwordcmd_azero
  89+ 271F D9                   exx
  90+ 2720 02                   ld (bc),a
  91+ 2721 03                   inc bc
  92+ 2722 D9                   exx
  93+ 2723 3E 02                ld a,0x02 ;"ld (bc),a"
  94+ 2725 32 31 27             ld (prnumdwordcmd_zero_ldbca),a ;╨▓╤Б╨╡ ╨┐╨╛╤Б╨╗╨╡╨┤╤Г╤О╤Й╨╕╨╡ ╨╜╤Г╨╗╨╕ ╨▓╨╕╨┤╨╕╨╝╤Л╨╡
  95+ 2728 3E 30                ld a,'0'
  96+ 272A 32 2F 27             ld (prnumdwordcmd_zero_sym),a ;╨▓╤Б╨╡ ╨┐╨╛╤Б╨╗╨╡╨┤╤Г╤О╤Й╨╕╨╡ ╨╜╤Г╨╗╨╕ ╨┐╨╡╤З╨░╤В╨░╨╡╨╝ ╨╜╨╡ ╨┐╤А╨╛╨▒╨╡╨╗╨╛╨╝, ╨░ ╨╜╤Г╨╗╤С╨╝
  97+ 272D C9                   ret
  98+ 272E              prnumdwordcmd_azero ;╨┐╨╡╤З╨░╤В╤М ╨╜╤Г╨╗╤П
  99+ 272E              prnumdwordcmd_zero_sym=$+1
 100+ 272E 3E 20                ld a,' '
 101+ 2730              prnumdwordcmd_azero_a
 102+ 2730 D9                   exx
 103+ 2731              prnumdwordcmd_zero_ldbca=$ ;0: ╨┤╨╗╤П ╨▓╤Л╨▓╨╛╨┤╨░ ╤А╨░╨╖╨╝╨╡╤А╨░ ╤Д╨░╨╣╨╗╨░ (╨╜╨╡ ╨┐╨╛╤А╤В╨╕╤В ╤Б╨╛╨┤╨╡╤А╨╢╨╕╨╝╨╛╨╡ ╨▒╤Г╤Д╨╡╤А╨░ ╨┐╨╛╨┤ ╨╜╨╡╨╖╨╜╨░╤З╨░╤Й╨╕╨╝╨╕ ╨╜╤Г╨╗╤П╨╝╨╕) ;0x02 "ld (bc),a": ╨┤╨╗╤П ╨▓╤Л╨▓╨╛╨┤╨░ files, size
 104+ 2731 02                   ld (bc),a
 105+ 2732 03                   inc bc
 106+ 2733 D9                   exx
 107+ 2734 C9                   ret
 108+ 2735              prdig32bit
 109+ 2735              ;hliy=num
 110+ 2735              ;bcde=-divisor
 111+ 2735              ;bc'=buf addr
 112+ 2735 3E 2F                ld a,'0'-1
 113+ 2737              prdig32bit0
 114+ 2737 3C                   inc a
 115+ 2738 FD 19               add iy,de
 116+ 273A ED 4A               adc hl,bc
 117+ 273C DA 37 27             jp c,prdig32bit0
 118+ 273F 08                  ex af,af' ;'
 119+ 2740 FD 7D               ld a,ly
 120+ 2742 93                  sub e
 121+ 2743 FD 6F               ld ly,a
 122+ 2745 FD 7C               ld a,hy
 123+ 2747 9A                  sbc a,d
 124+ 2748 FD 67               ld hy,a
 125+ 274A ED 42               sbc hl,bc
 126+ 274C 08                  ex af,af' ;'
 127+ 274D C3 1B 27             jp prdword_digok
 128+ 2750
 129+ 2750              prdwordbuf
 130+ 2750 31 32 33 34          db "1234567890"
 130+ 2754 35 36 37 38
 130+ 2758 39 30
 131+ 275A
# file closed: ../_sdk/prdword.asm
2304  275A                      include "../_sdk/string.asm"
# file opened: ../_sdk/string.asm
   1+ 275A              print_hl
   2+ 275A 7E           	ld a,(hl)
   3+ 275B B7           	or a
   4+ 275C C8           	ret z
   5+ 275D E5           	push hl
   6+ 275E              	PRCHAR
   6+ 275E             >        OS_PRCHAR
   6+ 275E D7          >        rst 0x10 ;a=char ;spoils all registers!
   7+ 275F E1           	pop hl
   8+ 2760 23           	inc hl
   9+ 2761 18 F7        	jr print_hl
  10+ 2763
  11+ 2763              print_nl
  12+ 2763 3E 0D        	ld a,0x0D
  13+ 2765              	PRCHAR
  13+ 2765             >        OS_PRCHAR
  13+ 2765 D7          >        rst 0x10 ;a=char ;spoils all registers!
  14+ 2766 3E 0A        	ld a,0x0A
  15+ 2768              	PRCHAR
  15+ 2768             >        OS_PRCHAR
  15+ 2768 D7          >        rst 0x10 ;a=char ;spoils all registers!
  16+ 2769 C9           	ret
  17+ 276A
  18+ 276A              printbyte_a
  19+ 276A 11 30 29     	ld de,strprintbuf
  20+ 276D CD AA 27     	call bytetostr_atode
  21+ 2770 21 30 29     	ld hl,strprintbuf
  22+ 2773 CD 5A 27     	call print_hl
  23+ 2776 C9           	ret
  24+ 2777
  25+ 2777              printushort_hl
  26+ 2777 11 30 29     	ld de,strprintbuf
  27+ 277A CD DA 27     	call ushorttostr_hltode
  28+ 277D 21 30 29     	ld hl,strprintbuf
  29+ 2780 CD 5A 27     	call print_hl
  30+ 2783 C9           	ret
  31+ 2784
  32+ 2784              printhex_a
  33+ 2784 11 30 29     	ld de,strprintbuf
  34+ 2787 CD 5C 28     	call bytetohexstr_atode
  35+ 278A 21 30 29     	ld hl,strprintbuf
  36+ 278D CD 5A 27     	call print_hl
  37+ 2790 C9           	ret
  38+ 2791
  39+ 2791
  40+ 2791
  41+ 2791              skipword_hl
  42+ 2791 7E           	ld a,(hl)
  43+ 2792 B7           	or a
  44+ 2793 C8           	ret z
  45+ 2794 FE 20        	cp ' '
  46+ 2796 C8           	ret z
  47+ 2797 23           	inc hl
  48+ 2798 18 F7        	jr skipword_hl
  49+ 279A
  50+ 279A              skipspaces_hl
  51+ 279A 7E           	ld a,(hl)
  52+ 279B FE 20        	cp ' '
  53+ 279D C0           	ret nz
  54+ 279E 23           	inc hl
  55+ 279F 18 F9        	jr skipspaces_hl
  56+ 27A1
  57+ 27A1              strcopy_hltode
  58+ 27A1 7E           	ld a,(hl)
  59+ 27A2 12           	ld (de),a
  60+ 27A3 B7           	or a
  61+ 27A4 C8           	ret z
  62+ 27A5 23           	inc hl
  63+ 27A6 13           	inc de
  64+ 27A7 18 F8        	jr strcopy_hltode
  65+ 27A9
  66+ 27A9              bytetostr_hltode
  67+ 27A9 7E           	ld a,(hl)
  68+ 27AA              bytetostr_atode
  69+ 27AA 01 00 00     	ld bc,0
  70+ 27AD              bytetostr_hun
  71+ 27AD D6 64        	sub 100
  72+ 27AF 38 03        	jr c, bytetostr_dec
  73+ 27B1 04           	inc b
  74+ 27B2 18 F9        	jr bytetostr_hun
  75+ 27B4              bytetostr_dec
  76+ 27B4 C6 64        	add 100
  77+ 27B6              bytetostr_dec0
  78+ 27B6 D6 0A        	sub 10
  79+ 27B8 38 03        	jr c, bytetostr_ed
  80+ 27BA 0C           	inc c
  81+ 27BB 18 F9        	jr bytetostr_dec0
  82+ 27BD              bytetostr_ed
  83+ 27BD C6 0A        	add 10
  84+ 27BF 08           	ex af,af'
  85+ 27C0 78           	ld a,b
  86+ 27C1 B7           	or a
  87+ 27C2 28 04        	jr z,bytetostr_nohun
  88+ 27C4 C6 30        	add 0x30
  89+ 27C6 12           	ld (de),a
  90+ 27C7 13           	inc de
  91+ 27C8              bytetostr_nohun
  92+ 27C8 79           	ld a,c
  93+ 27C9 B0           	or b
  94+ 27CA 28 05        	jr z,bytetostr_nodec
  95+ 27CC 79           	ld a,c
  96+ 27CD C6 30        	add 0x30
  97+ 27CF 12           	ld (de),a
  98+ 27D0 13           	inc de
  99+ 27D1              bytetostr_nodec
 100+ 27D1 08           	ex af,af'
 101+ 27D2 C6 30        	add 0x30
 102+ 27D4 12           	ld (de),a
 103+ 27D5 13           	inc de
 104+ 27D6 AF           	xor a
 105+ 27D7 12           	ld (de),a
 106+ 27D8 23           	inc hl
 107+ 27D9 C9           	ret
 108+ 27DA
 109+ 27DA              ushorttostr_hltode
 110+ 27DA D5           	push de
 111+ 27DB DD 21 36 29  	ld ix,strbuf
 112+ 27DF 16 27        	ld d,0x27 ;10000
 113+ 27E1 1E 10        	ld e,0x10
 114+ 27E3 AF           	xor a
 115+ 27E4              ushorttostr_decth
 116+ 27E4 ED 52        	sbc hl,de
 117+ 27E6 38 03        	jr c, ushorttostr_th
 118+ 27E8 3C           	inc a
 119+ 27E9 18 F9        	jr ushorttostr_decth
 120+ 27EB              ushorttostr_th
 121+ 27EB 19           	add hl,de
 122+ 27EC DD 77 00     	ld (ix),a
 123+ 27EF DD 23        	inc ix
 124+ 27F1 16 03        	ld d,0x03 ;1000
 125+ 27F3 1E E8        	ld e,0xe8
 126+ 27F5 AF           	xor a
 127+ 27F6              ushorttostr_th0
 128+ 27F6 ED 52        	sbc hl,de
 129+ 27F8 38 03        	jr c, ushorttostr_hun
 130+ 27FA 3C           	inc a
 131+ 27FB 18 F9        	jr ushorttostr_th0
 132+ 27FD              ushorttostr_hun
 133+ 27FD 19           	add hl,de
 134+ 27FE DD 77 00     	ld (ix),a
 135+ 2801 DD 23        	inc ix
 136+ 2803 16 00        	ld d,0 ;100
 137+ 2805 1E 64        	ld e,0x64
 138+ 2807 AF           	xor a
 139+ 2808              ushorttostr_hun0
 140+ 2808 ED 52        	sbc hl,de
 141+ 280A 38 03        	jr c, ushorttostr_dec
 142+ 280C 3C           	inc a
 143+ 280D 18 F9        	jr ushorttostr_hun0
 144+ 280F              ushorttostr_dec
 145+ 280F 19           	add hl,de
 146+ 2810 DD 77 00     	ld (ix),a
 147+ 2813 DD 23        	inc ix
 148+ 2815 1E 0A        	ld e,0x0A ;10
 149+ 2817 AF           	xor a
 150+ 2818              ushorttostr_dec0
 151+ 2818 ED 52        	sbc hl,de
 152+ 281A 38 03        	jr c, ushorttostr_ed
 153+ 281C 3C           	inc a
 154+ 281D 18 F9        	jr ushorttostr_dec0
 155+ 281F              ushorttostr_ed
 156+ 281F 19           	add hl,de
 157+ 2820 DD 77 00     	ld (ix),a
 158+ 2823 DD 23        	inc ix
 159+ 2825 7D           	ld a,l
 160+ 2826 DD 77 00     	ld (ix),a
 161+ 2829 DD 23        	inc ix
 162+ 282B 3E FF        	ld a,0xFF
 163+ 282D DD 77 00     	ld (ix),a
 164+ 2830
 165+ 2830 DD 21 35 29  	ld ix,strbuf-1
 166+ 2834              ushorttostr_res0
 167+ 2834 DD 23        	inc ix
 168+ 2836 DD 7E 00     	ld a,(ix)
 169+ 2839 B7           	or a
 170+ 283A 28 F8        	jr z,ushorttostr_res0
 171+ 283C
 172+ 283C D1           	pop de
 173+ 283D DD 7E 00     	ld a,(ix)
 174+ 2840 FE FF        	cp 0xFF
 175+ 2842 20 06        	jr nz,ushorttostr_res1
 176+ 2844 3E 30        	ld a,0x30
 177+ 2846 12           	ld (de),a
 178+ 2847 13           	inc de
 179+ 2848 18 0F        	jr ushorttostr_ret
 180+ 284A              ushorttostr_res1
 181+ 284A DD 7E 00     	ld a,(ix)
 182+ 284D FE FF        	cp 0xFF
 183+ 284F 28 08        	jr z,ushorttostr_ret
 184+ 2851 C6 30        	add a,0x30
 185+ 2853 12           	ld (de),a
 186+ 2854 13           	inc de
 187+ 2855 DD 23        	inc ix
 188+ 2857 18 F1        	jr ushorttostr_res1
 189+ 2859              ushorttostr_ret
 190+ 2859 AF           	xor a
 191+ 285A 12           	ld (de),a
 192+ 285B C9           	ret
 193+ 285C
 194+ 285C              bytetohexstr_atode
 195+ 285C 47           	ld b,a
 196+ 285D CB 3F        	srl a
 197+ 285F CB 3F        	srl a
 198+ 2861 CB 3F        	srl a
 199+ 2863 CB 3F        	srl a
 200+ 2865 CD 71 28     	call bytetohexstr_putsymb
 201+ 2868 78           	ld a,b
 202+ 2869 E6 0F        	and 15
 203+ 286B CD 71 28     	call bytetohexstr_putsymb
 204+ 286E AF           	xor a
 205+ 286F 12           	ld (de),a
 206+ 2870 C9           	ret
 207+ 2871              bytetohexstr_putsymb
 208+ 2871 D6 0A        	sub 10
 209+ 2873 38 02        	jr c,bytetohexstr_men16
 210+ 2875 C6 07        	add 7
 211+ 2877              bytetohexstr_men16
 212+ 2877 C6 3A        	add 0x3A
 213+ 2879 12           	ld (de),a
 214+ 287A 13           	inc de
 215+ 287B C9           	ret
 216+ 287C
 217+ 287C              strtodigit_a ;a=FF - err
 218+ 287C D6 30        	sub 0x30
 219+ 287E 38 07        	jr c,str_digit_a_err
 220+ 2880 D6 0A        	sub 10
 221+ 2882 30 03        	jr nc,str_digit_a_err
 222+ 2884 C6 0A        	add 10
 223+ 2886 C9           	ret
 224+ 2887              str_digit_a_err
 225+ 2887 3E FF        	ld a,0xFF
 226+ 2889 C9           	ret
 227+ 288A
 228+ 288A              strtobyte_hltode ; a=0 ok a=FF error
 229+ 288A 7E           	ld a,(hl)
 230+ 288B CD 7C 28     	call strtodigit_a
 231+ 288E 3C           	inc a
 232+ 288F B7           	or a
 233+ 2890 28 3E        	jr z,strtobyte_err
 234+ 2892
 235+ 2892 3D           	dec a
 236+ 2893 4F           	ld c,a
 237+ 2894 23           	inc hl
 238+ 2895 7E           	ld a,(hl)
 239+ 2896 CD 7C 28     	call strtodigit_a
 240+ 2899 3C           	inc a
 241+ 289A B7           	or a
 242+ 289B 20 05        	jr nz,strtobyte_2digit
 243+ 289D 79           	ld a,c
 244+ 289E 12           	ld (de),a
 245+ 289F AF           	xor a
 246+ 28A0 13           	inc de
 247+ 28A1 C9           	ret
 248+ 28A2
 249+ 28A2              strtobyte_2digit
 250+ 28A2 23           	inc hl
 251+ 28A3 3D           	dec a;т р тЄюЁр  ЎшЇЁр
 252+ 28A4 08           	ex af,af'
 253+ 28A5 79           	ld a,c
 254+ 28A6 06 09        	ld b,9
 255+ 28A8              strtobyte_2digit0
 256+ 28A8 81           	add c
 257+ 28A9 10 FD        	djnz strtobyte_2digit0
 258+ 28AB 4F           	ld c,a
 259+ 28AC 08           	ex af,af'
 260+ 28AD 81           	add c
 261+ 28AE 4F           	ld c,a
 262+ 28AF
 263+ 28AF 7E           	ld a,(hl)
 264+ 28B0 CD 7C 28     	call strtodigit_a
 265+ 28B3 3C           	inc a
 266+ 28B4 B7           	or a
 267+ 28B5 20 05        	jr nz,strtobyte_3digit
 268+ 28B7 79           	ld a,c
 269+ 28B8 12           	ld (de),a
 270+ 28B9 AF           	xor a
 271+ 28BA 13           	inc de
 272+ 28BB C9           	ret
 273+ 28BC              strtobyte_3digit
 274+ 28BC 23           	inc hl
 275+ 28BD 3D           	dec a; т a ЄЁхЄ№  ЎшЇЁр
 276+ 28BE 08           	ex af,af'
 277+ 28BF 79           	ld a,c
 278+ 28C0 06 09        	ld b,9
 279+ 28C2              strtobyte_3digit0
 280+ 28C2 81           	add c
 281+ 28C3 38 0B        	jr c,strtobyte_err
 282+ 28C5 10 FB        	djnz strtobyte_3digit0
 283+ 28C7 4F           	ld c,a
 284+ 28C8 08           	ex af,af'
 285+ 28C9 81           	add c
 286+ 28CA 38 04        	jr c,strtobyte_err
 287+ 28CC 12           	ld (de),a
 288+ 28CD AF           	xor a
 289+ 28CE 13           	inc de
 290+ 28CF C9           	ret
 291+ 28D0              strtobyte_err
 292+ 28D0 3E FF        	ld a,0xFF
 293+ 28D2 C9           	ret
 294+ 28D3
 295+ 28D3              strtoushort_hltode; return a=0 ok a=ff - error
 296+ 28D3 01 00 00     	ld bc,0
 297+ 28D6 11 36 29     	ld de,strbuf
 298+ 28D9              strtoushort_hltode0
 299+ 28D9 7E           	ld a,(hl)
 300+ 28DA CD 7C 28     	call strtodigit_a
 301+ 28DD 3C           	inc a
 302+ 28DE 28 07        	jr z,strtoushort_hltode1
 303+ 28E0 3D           	dec a
 304+ 28E1 12           	ld (de),a
 305+ 28E2 23           	inc hl
 306+ 28E3 13           	inc de
 307+ 28E4 04           	inc b
 308+ 28E5 18 F2        	jr strtoushort_hltode0
 309+ 28E7              strtoushort_hltode1
 310+ 28E7              ;т чртшёшьюёЄш юЄ b т√сЁрЄ№ трЁшрэЄ√
 311+ 28E7 78           	ld a,b
 312+ 28E8 B7           	or a
 313+ 28E9 28 22        	jr z,strtoushort_hltode_err
 314+ 28EB
 315+ 28EB E5           	push hl
 316+ 28EC DD 21 36 29  	ld ix,strbuf
 317+ 28F0 11 00 00     	ld de,0
 318+ 28F3 21 00 00     	ld hl,0
 319+ 28F6
 320+ 28F6              strtoushort_hltode2
 321+ 28F6 54           	ld d,h ; multiply by 10
 322+ 28F7 5D           	ld e,l
 323+ 28F8 29           	add hl,hl
 324+ 28F9 29           	add hl,hl
 325+ 28FA 19           	add hl,de
 326+ 28FB 29           	add hl,hl
 327+ 28FC F5           	push af
 328+ 28FD DD 7E 00     	ld a,(ix)
 329+ 2900 16 00        	ld d,0
 330+ 2902 5F           	ld e,a
 331+ 2903 19           	add hl,de
 332+ 2904 F1           	pop af
 333+ 2905 DD 23        	inc ix
 334+ 2907 3D           	dec a
 335+ 2908 20 EC        	jr nz,strtoushort_hltode2
 336+ 290A
 337+ 290A EB           	ex hl,de
 338+ 290B E1           	pop hl
 339+ 290C C9           	ret
 340+ 290D              strtoushort_hltode_err
 341+ 290D 3E FF        	ld a,0xFF
 342+ 290F C9           	ret
 343+ 2910
 344+ 2910              strischar_a
 345+ 2910 D6 41        	sub 0x41
 346+ 2912 38 08        	jr c,strischar_no
 347+ 2914 C6 41        	add 0x41
 348+ 2916 D6 7B        	sub 0x7b
 349+ 2918 30 02        	jr nc,strischar_no
 350+ 291A AF           	xor a
 351+ 291B C9           	ret
 352+ 291C              strischar_no
 353+ 291C 3E FF        	ld a,0xFF
 354+ 291E B7           	or a
 355+ 291F C9           	ret
 356+ 2920
 357+ 2920              strisdigit_a
 358+ 2920 D6 30        	sub 0x30
 359+ 2922 38 08        	jr c,strisdigit_no
 360+ 2924 C6 30        	add 0x30
 361+ 2926 D6 3A        	sub 0x3A
 362+ 2928 30 02        	jr nc,strisdigit_no
 363+ 292A AF           	xor a
 364+ 292B C9           	ret
 365+ 292C              strisdigit_no
 366+ 292C 3E FF        	ld a,0xFF
 367+ 292E B7           	or a
 368+ 292F C9           	ret
 369+ 2930
 370+ 2930 00 00 00...  strprintbuf ds 6
 371+ 2936 00 00 00...  strbuf ds 6
# file closed: ../_sdk/string.asm
2305  293C                      include "cmdpr.asm"
# file opened: cmdpr.asm
   1+ 293C              strcp
   2+ 293C              ;hl=s1
   3+ 293C              ;de=s2
   4+ 293C              ;out: Z (equal, hl=terminator of s1+1, de=terminator of s2+1), NZ (not equal, hl=erroraddr in s1, de=erroraddr in s2)
   5+ 293C              strcp0.
   6+ 293C 1A           	ld a,[de] ;s2
   7+ 293D BE           	cp [hl] ;s1
   8+ 293E C0           	ret nz
   9+ 293F 23           	inc hl
  10+ 2940 13           	inc de
  11+ 2941 B7           	or a
  12+ 2942 C2 3C 29     	jp nz,strcp0.
  13+ 2945 C9           	ret ;z
  14+ 2946
  15+ 2946              cpmname_to_dotname
  16+ 2946              ;hl -> de
  17+ 2946 E5                   push hl
  18+ 2947 06 08                ld b,8
  19+ 2949              cpmname_to_dotname0
  20+ 2949 7E                   ld a,(hl)
  21+ 294A FE 20                cp ' '
  22+ 294C 28 05                jr z,cpmname_to_dotname0q
  23+ 294E 12                   ld (de),a
  24+ 294F 23                   inc hl
  25+ 2950 13                   inc de
  26+ 2951 10 F6                djnz cpmname_to_dotname0
  27+ 2953              cpmname_to_dotname0q
  28+ 2953 E1                   pop hl
  29+ 2954 01 08 00             ld bc,8
  30+ 2957 09                   add hl,bc ;hl=pointer to ext
  31+ 2958 7E                   ld a,(hl)
  32+ 2959 FE 20                cp ' '
  33+ 295B 28 08                jr z,cpmname_to_dotnameq
  34+ 295D 3E 2E                ld a,'.'
  35+ 295F 12                   ld (de),a
  36+ 2960 13                   inc de
  37+ 2961 0E 03                ld  c,3
  38+ 2963 ED B0                ldir
  39+ 2965              cpmname_to_dotnameq
  40+ 2965 AF                   xor a
  41+ 2966 12                   ld (de),a
  42+ 2967 C9                   ret
  43+ 2968
  44+ 2968              makeprompt
  45+ 2968              ;keeps ix
  46+ 2968 DD E5                push ix
  47+ 296A 11 32 2A             ld de,cmdprompt ;de=pointer to 64 byte (MAXPATH_sz!) buf
  48+ 296D                      OS_GETPATH
  48+ 296D 0E 5E       >        ld c,CMD_GETPATH
  48+ 296F             >        CALLBDOS_NOPARAM_A
  48+ 296F CD 05 00    >        call BDOS ;c=CMD
  49+ 2972 DD E1                pop ix
  50+ 2974 C9                   ret
  51+ 2975
  52+ 2975              cmdcalctextaddr
  53+ 2975              ;out: hl=addr, a=curcmdx
  54+ 2975              ;keeps ix
  55+ 2975 3A 31 2A             ld a,(curcmdx)
  56+ 2978 4F                   ld c,a
  57+ 2979 06 00                ld b,0
  58+ 297B 21 32 2B             ld hl,cmdbuf
  59+ 297E 09                   add hl,bc
  60+ 297F C9                   ret
  61+ 2980
  62+ 2980              cmdcalcpromptsz
  63+ 2980 21 32 2A             ld hl,cmdprompt
  64+ 2983 CD 98 29             call strlen
  65+ 2986 7D                   ld a,l
  66+ 2987 3C                   inc a
  67+ 2988 C9                   ret
  68+ 2989
  69+ 2989              cmdcalccurxy
  70+ 2989              ;out: de=yx
  71+ 2989              ;x=cmdpromptsz+curcmdx-curcmdscroll
  72+ 2989 CD 80 29             call cmdcalcpromptsz ;a=promptsz
  73+ 298C 21 31 2A             ld hl,curcmdx ;не на экране, а внутри команды
  74+ 298F 86                   add a,(hl)
  75+ 2990 21 30 2A             ld hl,curcmdscroll ;сдвиг команды относительно экрана
  76+ 2993 96                   sub (hl)
  77+ 2994 5F                   ld e,a
  78+ 2995                      ;ld d,txtscrhgt-1
  79+ 2995 16 18                ld d,CMDLINEY
  80+ 2997 C9                   ret
  81+ 2998
  82+ 2998              strlen
  83+ 2998              ;hl=str
  84+ 2998              ;out: hl=length
  85+ 2998 01 00 00             ld bc,0 ;чтобы точно найти терминатор
  86+ 299B AF                   xor a
  87+ 299C ED B1                cpir ;найдём обязательно, если длина=0, то bc=-1 и т.д.
  88+ 299E 21 FF FF             ld hl,-1
  89+ 29A1 B7                   or a
  90+ 29A2 ED 42                sbc hl,bc
  91+ 29A4 C9                   ret
  92+ 29A5
  93+ 29A5              fixscroll_prcmd
  94+ 29A5              ;цикл поиска скролла для текущего положения курсора
  95+ 29A5              editcmd_scroll0
  96+ 29A5 CD 89 29             call cmdcalccurxy ;e=scrx
  97+ 29A8 CD 80 29             call cmdcalcpromptsz ;a=promptsz
  98+ 29AB 21 30 2A             ld hl,curcmdscroll
  99+ 29AE 3D                   dec a
 100+ 29AF BB                   cp e ;scrx
 101+ 29B0 38 03                jr c,editcmd_noscrollleft ;x>=promptsz (x>(promptsz-1))
 102+ 29B2              ;x<promptsz - скролл влево
 103+ 29B2 35                   dec (hl)
 104+ 29B3 18 F0                jr editcmd_scroll0
 105+ 29B5              editcmd_noscrollleft
 106+ 29B5 7B                   ld a,e ;scrx
 107+ 29B6 FE 50                cp txtscrwid
 108+ 29B8 38 03                jr c,editcmd_noscrollright
 109+ 29BA              ;x>=txtscrwid - скролл вправо
 110+ 29BA 34                   inc (hl)
 111+ 29BB 18 E8                jr editcmd_scroll0
 112+ 29BD              editcmd_noscrollright
 113+ 29BD              ;prcmd
 114+ 29BD 11 07 00             ld de,_COLOR
 115+ 29C0                      SETCOLOR_
 115+ 29C0             >        ;ld a,d
 115+ 29C0             >        ;add a,a
 115+ 29C0             >        ;add a,a
 115+ 29C0             >        ;add a,a
 115+ 29C0             >        ;or e
 115+ 29C0             >        ;ld e,a
 115+ 29C0             >        ;OS_SETCOLOR
 115+ 29C0 CD 52 2C    >        call setcolor
 116+ 29C3                      ;ld de,+(txtscrhgt-1)*256+0
 117+ 29C3 11 00 18             ld de,CMDLINEY*256+0
 118+ 29C6                      SETX_;SETXY_
 118+ 29C6 CD E9 2C    >        call setx
 119+ 29C9 21 32 2A             ld hl,cmdprompt
 120+ 29CC                      ;ld c,0
 121+ 29CC CD F0 29             call prtext
 122+ 29CF C5                   push bc
 123+ 29D0 3E 3E                ld a,'>'
 124+ 29D2                      PRCHAR_
 124+ 29D2             >        ;OS_PRCHAR
 124+ 29D2 CD 0D 2D    >        call sendchar
 125+ 29D5 C1                   pop bc
 126+ 29D6 0C                   inc c
 127+ 29D7 2A 30 2A             ld hl,(curcmdscroll)
 128+ 29DA 26 00                ld h,0
 129+ 29DC 11 32 2B             ld de,cmdbuf
 130+ 29DF 19                   add hl,de
 131+ 29E0 CD F6 29             call prtext_c
 132+ 29E3              ;добьём остаток строки пробелами
 133+ 29E3                      ;ld hl,tspaces
 134+ 29E3                      ;jp prtext_c
 135+ 29E3 C3 99 2C             jp clearrestofline
 136+ 29E6
 137+ 29E6              ;tspaces
 138+ 29E6              ;        ds txtscrwid-1,' '
 139+ 29E6              ;        db 0
 140+ 29E6
 141+ 29E6              cmdprNchars
 142+ 29E6              ;hl=buffer
 143+ 29E6              ;de=size
 144+ 29E6              ;out: hl=buffer+size
 145+ 29E6 EB                   ex de,hl
 146+ 29E7 D5                   push de
 147+ 29E8 E5                   push hl
 148+ 29E9 CD 16 2D             call sendchars
 149+ 29EC E1                   pop hl
 150+ 29ED D1                   pop de
 151+ 29EE 19                   add hl,de
 152+ 29EF C9                   ret
 153+ 29F0
 154+ 29F0              prtext
 155+ 29F0                      ;ld c,0
 156+ 29F0 E5                   push hl ;text
 157+ 29F1 CD 98 29             call strlen ;hl=length
 158+ 29F4 18 13                jr prtextgo
 159+ 29F6              prtext_c
 160+ 29F6              ;c=x
 161+ 29F6 E5                   push hl ;text
 162+ 29F7 C5                   push bc
 163+ 29F8 3E 4F                ld a,txtscrwid-1
 164+ 29FA 91                   sub c
 165+ 29FB 4F                   ld c,a
 166+ 29FC C5                   push bc
 167+ 29FD CD 98 29             call strlen ;hl=length
 168+ 2A00 C1                   pop bc
 169+ 2A01 06 00                ld b,0
 170+ 2A03 CD 16 2A             call minhl_bc_tobc
 171+ 2A06 60                   ld h,b
 172+ 2A07 69                   ld l,c
 173+ 2A08 C1                   pop bc ;c=x
 174+ 2A09              prtextgo
 175+ 2A09 D1                   pop de ;text
 176+ 2A0A 7C                   ld a,h
 177+ 2A0B B5                   or l
 178+ 2A0C              ;de=buf
 179+ 2A0C              ;hl=len
 180+ 2A0C C5                   push bc
 181+ 2A0D E5                   push hl
 182+ 2A0E C4 16 2D             call nz,sendchars
 183+ 2A11 E1                   pop hl
 184+ 2A12 C1                   pop bc
 185+ 2A13 09                   add hl,bc
 186+ 2A14 4D                   ld c,l
 187+ 2A15              ;c=x
 188+ 2A15 C9                   ret
 189+ 2A16
 190+ 2A16              minhl_bc_tobc
 191+ 2A16 B7                   or a
 192+ 2A17 ED 42                sbc hl,bc
 193+ 2A19 09                   add hl,bc
 194+ 2A1A D0                   ret nc ;bc<=hl
 195+ 2A1B 44                   ld b,h
 196+ 2A1C 4D                   ld c,l
 197+ 2A1D C9                   ret
 198+ 2A1E
 199+ 2A1E              strdelch
 200+ 2A1E              ;delete char at (hl-1), shift string left
 201+ 2A1E              ;keeps ix
 202+ 2A1E              editcmd_bs0
 203+ 2A1E 7E                   ld a,(hl)
 204+ 2A1F 2B                   dec hl
 205+ 2A20 77                   ld (hl),a
 206+ 2A21 23                   inc hl
 207+ 2A22 23                   inc hl
 208+ 2A23 B7                   or a
 209+ 2A24 20 F8                jr nz,editcmd_bs0
 210+ 2A26 C9                   ret
 211+ 2A27
 212+ 2A27              strinsch
 213+ 2A27              ;insert char E at (hl), shift string right
 214+ 2A27              ;keeps ix
 215+ 2A27              editcmd_ins0
 216+ 2A27 7E                   ld a,(hl)
 217+ 2A28 73                   ld (hl),e
 218+ 2A29 5F                   ld e,a
 219+ 2A2A 23                   inc hl
 220+ 2A2B B7                   or a
 221+ 2A2C 20 F9                jr nz,editcmd_ins0
 222+ 2A2E 77                   ld (hl),a
 223+ 2A2F C9                   ret
 224+ 2A30
 225+ 2A30              curcmdscroll ;сдвиг команды относительно экрана
 226+ 2A30 00                   db 0
 227+ 2A31              curcmdx ;не на экране, а внутри команды
 228+ 2A31 00                   db 0
 229+ 2A32              cmdprompt
 230+ 2A32 00 00 00...          ds MAXPATH_sz;MAXCMDSZ+1
 231+ 2B32              ;tcmd
 232+ 2B32              ;        db "cmd "
 233+ 2B32              ;tcmd_sz=$-tcmd
 234+ 2B32              cmdbuf
 235+ 2B32 00                   db 0
 236+ 2B33 00 00 00...          ds cmdbuf+MAXCMDSZ+1-$
 237+ 2BB2
# file closed: cmdpr.asm
2306  2BB2                      include "../_sdk/stdio.asm"
# file opened: ../_sdk/stdio.asm
   1+ 2BB2              ;EXPORT:
   2+ 2BB2              ;initstdio - init stdinhandle, stdouthandle, stdhgt
   3+ 2BB2              ;receivechar (macro GETCHAR_) - read char from stdin (out: A=char, CY=error)
   4+ 2BB2              ;receivechars - read chars from stdin (de=buf, hl=size, out: bc=bytes actually read (if EOF), CY=error(EOF))
   5+ 2BB2              ;receivekey - read one byte of key from stdin (out: A=keylang, C=keynolang(???TODO), CY=error)
   6+ 2BB2              ;getkey (macro GETKEY_) - read key from stdin (out: A=keylang, C=keynolang(???TODO), CY=error)
   7+ 2BB2              ;yieldgetkeyloop - wait key from stdin (out: A=keylang, C=keynolang(???TODO), CY=error)
   8+ 2BB2              ;setcolor (macro SETCOLOR_) - set color attribute (in: D=paper0..7, E=ink0..15)
   9+ 2BB2              ;setcolor_invisible - NON-STANDARD
  10+ 2BB2              ;setcolor_visible - NON-STANDARD
  11+ 2BB2              ;scrolldown ;de=topyx, hl=hgt,wid ;x, wid even
  12+ 2BB2              ;scrollup ;de=topyx, hl=hgt,wid ;x, wid even
  13+ 2BB2              ;setxy (macro SETXY_) - set cursor position (in: de=YX, top left is 0;0)
  14+ 2BB2              ;setx (macro SETX_) - set cursor X position (in: e=X, left is 0)
  15+ 2BB2              ;sendchar (macro PRCHAR_) - send char to stdout (in: A=char)
  16+ 2BB2              ;sendchars - send chars to stdout (in: de=buf, hl=size, out: A=error)
  17+ 2BB2              ;setstdouthandle - in: A=handle
  18+ 2BB2              ;setstdinhandle - in: A=handle
  19+ 2BB2              ;clearrestofline - clear line after cursor
  20+ 2BB2              ;clearrestofline_crlf - clear line after cursor, go to next line
  21+ 2BB2              ;clearterm - print <stdiohgt> lines of spaces except one space, set cursor to 0,0
  22+ 2BB2
  23+ 2BB2              STDINBUF_SZ=255
  24+ 2BB2
  25+ 2BB2              initstdio
  26+ 2BB2                      ;OS_GETSTDINOUT ;e=stdin, d=stdout, h=stderr, l=hgt of stdout
  27+ 2BB2 0E D3                ld c,CMD_GETSTDINOUT
  28+ 2BB4 CD 05 00             call BDOS
  29+ 2BB7 7D                   ld a,l
  30+ 2BB8 32 AD 2C             ld (stdiohgt),a
  31+ 2BBB 7B                   ld a,e
  32+ 2BBC 32 6F 2D             ld (stdinhandle),a
  33+ 2BBF 7A                   ld a,d
  34+ 2BC0              setstdouthandle
  35+ 2BC0 32 19 2D             ld (stdouthandle),a
  36+ 2BC3 C9                   ret
  37+ 2BC4              setstdinhandle
  38+ 2BC4 32 6F 2D             ld (stdinhandle),a
  39+ 2BC7 C9                   ret
  40+ 2BC8
  41+ 2BC8              setstdinout
  42+ 2BC8                      ;OS_GETMAINPAGES ;out: dehl=номера страниц в 0000,4000,8000,c000, c=flags, b=id
  43+ 2BC8 0E FB                ld c,CMD_GETMAINPAGES
  44+ 2BCA CD 05 00             call BDOS
  45+ 2BCD 3A 6F 2D             ld a,(stdinhandle)
  46+ 2BD0 5F                   ld e,a
  47+ 2BD1 3A 19 2D             ld a,(stdouthandle)
  48+ 2BD4 57                   ld d,a
  49+ 2BD5              ;b=id, e=stdin, d=stdout, h=stderr (TODO)
  50+ 2BD5                      ;OS_SETSTDINOUT
  51+ 2BD5 0E D2                ld c,CMD_SETSTDINOUT
  52+ 2BD7 CD 05 00             call BDOS
  53+ 2BDA C9                   ret
  54+ 2BDB
  55+ 2BDB              getkey
  56+ 2BDB              ;out: NC=no error, nz=event (a=key, l=mousebuttons, de=mouxexy)
  57+ 2BDB              getkey0
  58+ 2BDB AF                   xor a
  59+ 2BDC 32 EF 2B             ld (wasmouseevent),a
  60+ 2BDF CD 80 2D             call receivekey
  61+ 2BE2 D8                    ret c ;error
  62+ 2BE3 2A 88 2D             ld hl,(term_prfsm_curstate)
  63+ 2BE6 2D                   dec l
  64+ 2BE7 20 F2                jr nz,getkey0 ;пока не примем кнопку до конца
  65+ 2BE9 2C                   inc l ;nz
  66+ 2BEA              ;был mouse event? считаем за нажатие, а приложение будет смотреть координаты и кнопку мыши
  67+ 2BEA              stdio_mousebuttons=$+1
  68+ 2BEA 2E 00                ld l,0
  69+ 2BEC              stdio_mousex=$+1
  70+ 2BEC              stdio_mousey=$+2
  71+ 2BEC 11 00 00             ld de,0
  72+ 2BEF              wasmouseevent=$
  73+ 2BEF C9                   ret ;NC=no error, nz=event ;/nop
  74+ 2BF0 B7                   or a ;z/nz
  75+ 2BF1 C9                   ret
  76+ 2BF2
  77+ 2BF2              yieldgetkeyloop
  78+ 2BF2              ;wait key from stdin (out: A=keylang, C=keynolang(???TODO), CY=error)
  79+ 2BF2              ;в одном фрейме может прийти много кнопок (управляющий esc-код)!
  80+ 2BF2                      ;jr yieldgetkey_afteryield
  81+ 2BF2              ;yieldgetkey_nokey
  82+ 2BF2              ;может быть, мы в середине esc-кода? тогда надо yieldgetkeyloop
  83+ 2BF2                      ;ld a,(term_prfsm_curstate)
  84+ 2BF2                      ;dec a
  85+ 2BF2                      ;jr nz,yieldgetkeyloop
  86+ 2BF2 0E F2                ld c,CMD_YIELD
  87+ 2BF4 CD 05 00             call BDOS	;YIELD
  88+ 2BF7 CD DB 2B             call getkey
  89+ 2BFA D8                   ret c ;error
  90+ 2BFB                      ;ret nz ;event
  91+ 2BFB                      ;or a ;cp NOKEY ;keylang==0?
  92+ 2BFB                      ;jr nz,$+3
  93+ 2BFB                      ;cp c ;keynolang==0?
  94+ 2BFB 28 F5                jr z,yieldgetkeyloop ;no event
  95+ 2BFD 37                    scf
  96+ 2BFE 3F                    ccf ;no error
  97+ 2BFF C9                   ret
  98+ 2C00              ;yieldgetkey_nokey
  99+ 2C00              ;может быть, мы в середине esc-кода? тогда надо yieldgetkeyloop
 100+ 2C00              ;        ld a,(term_prfsm_curstate)
 101+ 2C00              ;        dec a
 102+ 2C00              ;        jr nz,yieldgetkeyloop
 103+ 2C00
 104+ 2C00              ;последовательности слать одним куском!
 105+ 2C00
 106+ 2C00              scrolldown
 107+ 2C00              ;de=topyx, hl=hgt,wid
 108+ 2C00              ;x, wid even
 109+ 2C00 44                   ld b,h ;hgt
 110+ 2C01 4D                   ld c,l ;wid
 111+ 2C02 21 8D 2E             ld hl,stdoutbuf
 112+ 2C05 E5                  push hl
 113+ 2C06 36 1B                ld (hl),0x1b
 114+ 2C08 23                   inc hl
 115+ 2C09 36 5B                ld (hl),'['
 116+ 2C0B 23                   inc hl
 117+ 2C0C 79                   ld a,c ;wid
 118+ 2C0D CD FD 2C             call sendchar_num
 119+ 2C10 36 3B                ld (hl),';'
 120+ 2C12 23                   inc hl
 121+ 2C13 78                   ld a,b ;hgt
 122+ 2C14 CD FD 2C             call sendchar_num
 123+ 2C17 36 3B                ld (hl),';'
 124+ 2C19 23                   inc hl
 125+ 2C1A 7B                   ld a,e ;topx
 126+ 2C1B CD FD 2C             call sendchar_num
 127+ 2C1E 36 3B                ld (hl),';'
 128+ 2C20 23                   inc hl
 129+ 2C21 7A                   ld a,d ;topy
 130+ 2C22 CD FD 2C             call sendchar_num
 131+ 2C25 36 64                ld (hl),'d' ;NON-STANDARD!!!
 132+ 2C27 18 4C                jr setcolorqq
 133+ 2C29
 134+ 2C29              scrollup
 135+ 2C29              ;de=topyx, hl=hgt,wid
 136+ 2C29              ;x, wid even
 137+ 2C29 44                   ld b,h ;hgt
 138+ 2C2A 4D                   ld c,l ;wid
 139+ 2C2B 21 8D 2E             ld hl,stdoutbuf
 140+ 2C2E E5                  push hl
 141+ 2C2F 36 1B                ld (hl),0x1b
 142+ 2C31 23                   inc hl
 143+ 2C32 36 5B                ld (hl),'['
 144+ 2C34 23                   inc hl
 145+ 2C35 79                   ld a,c ;wid
 146+ 2C36 CD FD 2C             call sendchar_num
 147+ 2C39 36 3B                ld (hl),';'
 148+ 2C3B 23                   inc hl
 149+ 2C3C 78                   ld a,b ;hgt
 150+ 2C3D CD FD 2C             call sendchar_num
 151+ 2C40 36 3B                ld (hl),';'
 152+ 2C42 23                   inc hl
 153+ 2C43 7B                   ld a,e ;topx
 154+ 2C44 CD FD 2C             call sendchar_num
 155+ 2C47 36 3B                ld (hl),';'
 156+ 2C49 23                   inc hl
 157+ 2C4A 7A                   ld a,d ;topy
 158+ 2C4B CD FD 2C             call sendchar_num
 159+ 2C4E 36 75                ld (hl),'u' ;NON-STANDARD!!!
 160+ 2C50 18 23                jr setcolorqq
 161+ 2C52
 162+ 2C52              setcolor
 163+ 2C52              ;set color attribute (in: d=paper, e=ink)
 164+ 2C52              ;CSI Pm m Character Attributes (SGR)
 165+ 2C52              ;Ps = 30  Set foreground color to Black.
 166+ 2C52              ;Ps = 31  Set foreground color to Red.
 167+ 2C52              ;Ps = 32  Set foreground color to Green.
 168+ 2C52              ;Ps = 33  Set foreground color to Yellow.
 169+ 2C52              ;Ps = 34  Set foreground color to Blue.
 170+ 2C52              ;Ps = 35  Set foreground color to Magenta.
 171+ 2C52              ;Ps = 36  Set foreground color to Cyan. (Grey?)
 172+ 2C52              ;Ps = 37  Set foreground color to White.
 173+ 2C52              ;Ps = 39  Set foreground color to default, ECMA-48 3rd.
 174+ 2C52              ;Ps = 40  Set background color to Black.
 175+ 2C52              ;Ps = 41  Set background color to Red.
 176+ 2C52              ;Ps = 42  Set background color to Green.
 177+ 2C52              ;Ps = 43  Set background color to Yellow.
 178+ 2C52              ;Ps = 44  Set background color to Blue.
 179+ 2C52              ;Ps = 45  Set background color to Magenta.
 180+ 2C52              ;Ps = 46  Set background color to Cyan.
 181+ 2C52              ;Ps = 47  Set background color to White.
 182+ 2C52              ;Ps = 49  Set background color to default, ECMA-48 3rd.
 183+ 2C52              ;Ps = 8   Invisible, i.e., hidden, ECMA-48 2nd, VT300. (не работает в Putty!!!)
 184+ 2C52              ;Ps = 28  Visible, i.e., not hidden, ECMA-48 3rd, VT300. (не работает в Putty!!!)
 185+ 2C52              ;Assume that xterm's resources are set so that the ISO color codes are the first 8 of a set of 16. Then the aixterm colors are the bright versions of the ISO colors:
 186+ 2C52              ;Ps = 90  Set foreground color to Black.
 187+ 2C52              ;Ps = 91  Set foreground color to Red.
 188+ 2C52              ;Ps = 92  Set foreground color to Green.
 189+ 2C52              ;Ps = 93  Set foreground color to Yellow.
 190+ 2C52              ;Ps = 94  Set foreground color to Blue.
 191+ 2C52              ;Ps = 95  Set foreground color to Magenta.
 192+ 2C52              ;Ps = 96  Set foreground color to Cyan.
 193+ 2C52              ;Ps = 97  Set foreground color to White.
 194+ 2C52              ;TODO 1  -  BRIGHT ON: Включение яркости INK. (Bold, VT100.)
 195+ 2C52              ;TODO 22 - Normal (neither bold nor faint), ECMA-48 3rd. [21  -  BRIGHT OFF: Выключение яркости INK. (Doubly-underlined, ECMA-48 3rd.)]
 196+ 2C52 21 8D 2E             ld hl,stdoutbuf
 197+ 2C55 E5                  push hl
 198+ 2C56 36 1B                ld (hl),0x1b
 199+ 2C58 23                   inc hl
 200+ 2C59 36 5B                ld (hl),'['
 201+ 2C5B 23                   inc hl
 202+ 2C5C 7B                   ld a,e ;a=ink
 203+ 2C5D FE 08                cp 8
 204+ 2C5F 38 02                jr c,$+4
 205+ 2C61 C6 34                add a,90-30-8
 206+ 2C63 C6 1E                add a,30
 207+ 2C65 CD FD 2C             call sendchar_num
 208+ 2C68 36 3B                ld (hl),';'
 209+ 2C6A 23                   inc hl
 210+ 2C6B 7A                   ld a,d ;a=paper
 211+ 2C6C E6 07                and 7
 212+ 2C6E C6 28                add a,40
 213+ 2C70              setcolorq
 214+ 2C70 CD FD 2C             call sendchar_num
 215+ 2C73 36 6D                ld (hl),'m'
 216+ 2C75              setcolorqq
 217+ 2C75 23                   inc hl
 218+ 2C76 D1                  pop de
 219+ 2C77 B7                  or a
 220+ 2C78 ED 52               sbc hl,de ;de=buf, hl=size
 221+ 2C7A C3 16 2D             jp sendchars
 222+ 2C7D
 223+ 2C7D              setcolor_invisible
 224+ 2C7D 21 8D 2E             ld hl,stdoutbuf
 225+ 2C80 E5                  push hl
 226+ 2C81 36 1B                ld (hl),0x1b
 227+ 2C83 23                   inc hl
 228+ 2C84 36 5B                ld (hl),'['
 229+ 2C86 23                   inc hl
 230+ 2C87 3E 08                ld a,8
 231+ 2C89 18 E5                jr setcolorq
 232+ 2C8B
 233+ 2C8B              setcolor_visible
 234+ 2C8B 21 8D 2E             ld hl,stdoutbuf
 235+ 2C8E E5                  push hl
 236+ 2C8F 36 1B                ld (hl),0x1b
 237+ 2C91 23                   inc hl
 238+ 2C92 36 5B                ld (hl),'['
 239+ 2C94 23                   inc hl
 240+ 2C95 3E 1C                ld a,28
 241+ 2C97 18 D7                jr setcolorq
 242+ 2C99
 243+ 2C99              clearrestofline
 244+ 2C99 21 8D 2E             ld hl,stdoutbuf
 245+ 2C9C E5                  push hl
 246+ 2C9D 36 1B                ld (hl),0x1b
 247+ 2C9F 23                   inc hl
 248+ 2CA0 36 5B                ld (hl),'['
 249+ 2CA2 23                   inc hl
 250+ 2CA3 36 4B                ld (hl),'K'
 251+ 2CA5 18 CE                jr setcolorqq
 252+ 2CA7
 253+ 2CA7              clearterm
 254+ 2CA7 3E 0D                ld a,0x0d ;carriage return
 255+ 2CA9 CD 0D 2D             call sendchar
 256+ 2CAC              stdiohgt=$+1
 257+ 2CAC 06 19                ld b,25
 258+ 2CAE 05                   dec b
 259+ 2CAF              clearterm0
 260+ 2CAF C5                   push bc
 261+ 2CB0                      ;ld de,clearterm_data
 262+ 2CB0                      ;ld hl,80
 263+ 2CB0                      ;call sendchars
 264+ 2CB0 CD BF 2C             call clearrestofline_crlf
 265+ 2CB3 C1                   pop bc
 266+ 2CB4 10 F9                djnz clearterm0
 267+ 2CB6                      ;ld de,clearterm_data
 268+ 2CB6                      ;ld hl,79
 269+ 2CB6                      ;call sendchars
 270+ 2CB6 CD 99 2C             call clearrestofline
 271+ 2CB9 11 00 00             ld de,0
 272+ 2CBC C3 CD 2C             jp setxy
 273+ 2CBF
 274+ 2CBF              clearrestofline_crlf
 275+ 2CBF 11 C8 2C             ld de,tclearrestofline_crlf
 276+ 2CC2 21 05 00             ld hl,tclearrestofline_crlf_sz
 277+ 2CC5 C3 16 2D             jp sendchars
 278+ 2CC8              tclearrestofline_crlf
 279+ 2CC8 1B 5B 4B 0D          DEFB 0x1b,'[','K',0x0d,0x0a
 279+ 2CCC 0A
 280+ 2CCD              tclearrestofline_crlf_sz=$-tclearrestofline_crlf
 281+ 2CCD
 282+ 2CCD              setxy
 283+ 2CCD              ;set cursor position (in: de=YX, top left is 0;0)
 284+ 2CCD 21 8D 2E             ld hl,stdoutbuf
 285+ 2CD0 E5                  push hl
 286+ 2CD1                      ;push de
 287+ 2CD1                      ;ld a,0x1b
 288+ 2CD1                      ;call sendchar_byte_a
 289+ 2CD1 36 1B                ld (hl),0x1b
 290+ 2CD3 23                   inc hl
 291+ 2CD4                      ;ld a,'['
 292+ 2CD4                      ;call sendchar_byte_a
 293+ 2CD4 36 5B                ld (hl),'['
 294+ 2CD6 23                   inc hl
 295+ 2CD7                      ;pop de
 296+ 2CD7                      ;push de
 297+ 2CD7 7A                   ld a,d ;y
 298+ 2CD8 3C                   inc a
 299+ 2CD9 CD FD 2C             call sendchar_num
 300+ 2CDC                      ;ld a,';'
 301+ 2CDC                      ;call sendchar_byte_a
 302+ 2CDC 36 3B                 ld (hl),';'
 303+ 2CDE 23                    inc hl
 304+ 2CDF                      ;pop de
 305+ 2CDF 7B                   ld a,e ;x
 306+ 2CE0 3C                   inc a
 307+ 2CE1 CD FD 2C             call sendchar_num
 308+ 2CE4                      ;ld a,'H'
 309+ 2CE4 36 48                ld (hl),'H'
 310+ 2CE6 C3 75 2C             jp setcolorqq
 311+ 2CE9
 312+ 2CE9              setx
 313+ 2CE9              ;set cursor X position (in: e=X, left is 0)
 314+ 2CE9 21 8D 2E             ld hl,stdoutbuf
 315+ 2CEC E5                  push hl
 316+ 2CED 36 1B                ld (hl),0x1b
 317+ 2CEF 23                   inc hl
 318+ 2CF0 36 5B                ld (hl),'['
 319+ 2CF2 23                   inc hl
 320+ 2CF3 7B                   ld a,e ;x
 321+ 2CF4 3C                   inc a
 322+ 2CF5 CD FD 2C             call sendchar_num
 323+ 2CF8 36 47                ld (hl),'G'
 324+ 2CFA C3 75 2C             jp setcolorqq
 325+ 2CFD
 326+ 2CFD              sendchar_num
 327+ 2CFD              ;a=num
 328+ 2CFD C5                   push bc
 329+ 2CFE 0E 2F                ld c,'0'-1
 330+ 2D00 0C                   inc c
 331+ 2D01 D6 0A                sub 10
 332+ 2D03 30 FB                jr nc,$-3
 333+ 2D05                      ;push af
 334+ 2D05                      ;ld a,c
 335+ 2D05                      ;call sendchar_byte_a
 336+ 2D05                      ;pop af
 337+ 2D05 71                    ld (hl),c
 338+ 2D06 23                    inc hl
 339+ 2D07 C6 3A                add a,'0'+10
 340+ 2D09                      ;jr sendchar_byte_a
 341+ 2D09 77                    ld (hl),a
 342+ 2D0A 23                    inc hl
 343+ 2D0B C1                   pop bc
 344+ 2D0C C9                   ret
 345+ 2D0D
 346+ 2D0D              sendchar
 347+ 2D0D                      ;cp 0x80
 348+ 2D0D                      ;jr nc,sendchar_rustoutf8
 349+ 2D0D              ;sendchar_byte_a
 350+ 2D0D 32 8D 2E             ld (stdoutbuf),a
 351+ 2D10 21 01 00             ld hl,1
 352+ 2D13 11 8D 2E             ld de,stdoutbuf
 353+ 2D16              sendchars
 354+ 2D16              ;send chars to stdout (in: de=buf, hl=size, out: A=error)
 355+ 2D16                     ; if 0
 356+ 2D16                      ; xor a
 357+ 2D16                      ; ld (sendchars_yieldkeepcount),a
 358+ 2D16                     ; endif
 359+ 2D16              sendchars0
 360+ 2D16 D5                   push de
 361+ 2D17 E5                   push hl
 362+ 2D18              stdouthandle=$+1
 363+ 2D18 06 00                ld b,0
 364+ 2D1A 0E 49                ld c,CMD_WRITEHANDLE
 365+ 2D1C CD 05 00             call BDOS;OS_WRITEHANDLE ;1436t ;[2718t (1225 before BDOS_writehandle + 195 before BDOS_writehandle_pipe + 477 ..findpipe_byhandle + 301 pipe + 192 end BDOS_writehandle + 326 end BDOS)]
 366+ 2D1F 44                   ld b,h
 367+ 2D20 4D                   ld c,l ;bytes actually written
 368+ 2D21 E1                   pop hl
 369+ 2D22 D1                   pop de
 370+ 2D23 B7                    or a
 371+ 2D24 C0                     ret nz ;error ;TODO обработать? а так пока просто избегаем зацикливания
 372+ 2D25 ED 42                 sbc hl,bc ;datasize-byteswritten
 373+ 2D27 C8                    ret z
 374+ 2D28 EB                    ex de,hl
 375+ 2D29 09                    add hl,bc ;dataaddr+byteswritten
 376+ 2D2A EB                    ex de,hl
 377+ 2D2B              ;hl=remaining data size
 378+ 2D2B              ;de=remaining data addr
 379+ 2D2B D5                   push de
 380+ 2D2C E5                   push hl
 381+ 2D2D                     ; if 0
 382+ 2D2D              ; ;чтобы избежать бесконечного YIELDKEEP с постоянным попаданием прерывания в керналь
 383+ 2D2D              ; ;ограничим число YIELDKEEP, а потом будет YIELD
 384+ 2D2D                       ; ld a,b
 385+ 2D2D                       ; or c ;bc=bytes actually written
 386+ 2D2D                       ; jr z,sendchars_nofail ;NC
 387+ 2D2D              ; sendchars_yieldkeepcount=$+1
 388+ 2D2D                      ; ld a,0
 389+ 2D2D                      ; add a,128
 390+ 2D2D                      ; ld (sendchars_yieldkeepcount),a
 391+ 2D2D              ; sendchars_nofail ;NC
 392+ 2D2D                      ; ;ld c,CMD_YIELDKEEP
 393+ 2D2D                      ; ;jr nc,$+4
 394+ 2D2D                      ; ;ld c,CMD_YIELD
 395+ 2D2D                      ; ;call BDOS
 396+ 2D2D                     ; else
 397+ 2D2D                      ; YIELDKEEP ;2158t
 398+ 2D2D 0E FF                ld c,CMD_YIELDKEEP
 399+ 2D2F CD 05 00             call BDOS
 400+ 2D32                     ; endif
 401+ 2D32 E1                   pop hl
 402+ 2D33 D1                   pop de
 403+ 2D34 18 E0                jr sendchars0
 404+ 2D36
 405+ 2D36              ;receivechars - read chars from stdin
 406+ 2D36              receivechars
 407+ 2D36              ;de=buf, hl=size
 408+ 2D36              ;out: de=end addr in buf (if EOF), CY=error(EOF))
 409+ 2D36              receivechars0
 410+ 2D36 D5                   push de
 411+ 2D37 E5                   push hl
 412+ 2D38 3A 6F 2D             ld a,(stdinhandle)
 413+ 2D3B 47                   ld b,a
 414+ 2D3C 0E 48                ld c,CMD_READHANDLE
 415+ 2D3E CD 05 00             call BDOS ;OS_READHANDLE ;hl=size actually received
 416+ 2D41 44                   ld b,h
 417+ 2D42 4D                   ld c,l
 418+ 2D43 E1                   pop hl
 419+ 2D44 D1                   pop de
 420+ 2D45 B7                   or a
 421+ 2D46 37                   scf
 422+ 2D47 C0                   ret nz ;error
 423+ 2D48 EB                   ex de,hl
 424+ 2D49 09                   add hl,bc ;addr+=readed
 425+ 2D4A EB                   ex de,hl
 426+ 2D4B B7                   or a
 427+ 2D4C ED 42                sbc hl,bc ;size-=readed
 428+ 2D4E 20 E6                jr nz,receivechars0
 429+ 2D50 C9                   ret
 430+ 2D51
 431+ 2D51              receivechar
 432+ 2D51              ;read char from stdin (out: A=char(maybe 0), CY=error)
 433+ 2D51              stdindatacount=$+1
 434+ 2D51 3E 00                ld a,0
 435+ 2D53 B7                   or a
 436+ 2D54 28 0E                jr z,receivechar_doreceive
 437+ 2D56 3D                   dec a
 438+ 2D57 32 52 2D             ld (stdindatacount),a
 439+ 2D5A              stdindatapointer=$+1
 440+ 2D5A 21 00 00             ld hl,0
 441+ 2D5D 7E                   ld a,(hl)
 442+ 2D5E 23                   inc hl
 443+ 2D5F 22 5B 2D             ld (stdindatapointer),hl
 444+ 2D62 B7                   or a ;NC=no error
 445+ 2D63 C9                   ret
 446+ 2D64              receivechar_doreceive
 447+ 2D64 21 FF 00             ld hl,STDINBUF_SZ
 448+ 2D67 11 9B 2E             ld de,stdinbuf
 449+ 2D6A ED 53 5B 2D          ld (stdindatapointer),de
 450+ 2D6E              stdinhandle=$+1
 451+ 2D6E 06 00                ld b,0
 452+ 2D70 0E 48                ld c,CMD_READHANDLE
 453+ 2D72 CD 05 00             call BDOS ;OS_READHANDLE ;hl=size actually received
 454+ 2D75 B7                   or a
 455+ 2D76 37                   scf
 456+ 2D77 C0                   ret nz ;error
 457+ 2D78 7C                   ld a,h
 458+ 2D79 B5                   or l
 459+ 2D7A                      ;ld c,a
 460+ 2D7A C8                   ret z ;NC=no error
 461+ 2D7B                      ;ld a,l
 462+ 2D7B 32 52 2D             ld (stdindatacount),a
 463+ 2D7E 18 D1                jr receivechar
 464+ 2D80
 465+ 2D80              receivekey
 466+ 2D80              ;read key from stdin (out: A=keylang, C=keynolang(???TODO), CY=error)
 467+ 2D80 CD 51 2D             call receivechar
 468+ 2D83 D8                   ret c ;error
 469+ 2D84 B7                    or a
 470+ 2D85 4F                    ld c,a
 471+ 2D86 C8                    ret z ;NC=no error
 472+ 2D87              ;a=char
 473+ 2D87              TERM_ST_SINGLE=1 ;1: wait for single symbol
 474+ 2D87              TERM_ST_AFTERESC=2 ;2: after 0x1b
 475+ 2D87              TERM_ST_AFTERESCBRACKET=3 ;3: after 0x1b [ [number] (might be more digits)
 476+ 2D87              TERM_ST_AFTERMOUSE=4
 477+ 2D87              TERM_ST_AFTERMOUSEb=5
 478+ 2D87              TERM_ST_AFTERMOUSEbx=6
 479+ 2D87              term_prfsm_curstate=$+1
 480+ 2D87 06 01                ld b,TERM_ST_SINGLE
 481+ 2D89 10 0D                djnz term_prfsm_nosingle
 482+ 2D8B                       ;cp 0x0a
 483+ 2D8B                       ;ld c,0x0d
 484+ 2D8B                       ;jp z,term_prfsm_keycok
 485+ 2D8B FE 1B                cp 0x1b
 486+ 2D8D 4F                   ld c,a
 487+ 2D8E C2 51 2E             jp nz,term_prfsm_keycok
 488+ 2D91 21 88 2D             ld hl,term_prfsm_curstate
 489+ 2D94 34                   inc (hl) ;TERM_ST_AFTERESC
 490+ 2D95 C3 0F 2E             jp term_prfsm_nokey
 491+ 2D98              term_prfsm_nosingle
 492+ 2D98 10 14                djnz term_prfsm_noafteresc
 493+ 2D9A FE 4F                cp 'O'
 494+ 2D9C 28 06                jr z,escO
 495+ 2D9E                      ;cp '['
 496+ 2D9E 0E 1B                ld c,0x1b
 497+ 2DA0 B9                   cp c
 498+ 2DA1 CA 51 2E             jp z,term_prfsm_keycok ;esc esc -> esc_key
 499+ 2DA4              escO ;костыль! esc O P/Q/R/S = F1..F4
 500+ 2DA4 21 88 2D             ld hl,term_prfsm_curstate
 501+ 2DA7 34                   inc (hl) ;TERM_ST_AFTERESCBRACKET
 502+ 2DA8              term_prfsm_0curnumber_nokey
 503+ 2DA8 AF                   xor a
 504+ 2DA9 32 8B 2E             ld (term_prfsm_curnumber),a
 505+ 2DAC                      ;xor a ;no key, no error
 506+ 2DAC 4F                   ld c,a
 507+ 2DAD C9                   ret
 508+ 2DAE              term_prfsm_noafteresc
 509+ 2DAE 10 62                djnz term_prfsm_noafterescbracket
 510+ 2DB0 D6 30                sub '0'
 511+ 2DB2 FE 0A                cp 10
 512+ 2DB4 30 0D                jr nc,term_prfsm_afterescbracket_nonumber
 513+ 2DB6 5F                   ld e,a
 514+ 2DB7 21 8B 2E             ld hl,term_prfsm_curnumber
 515+ 2DBA 7E                   ld a,(hl)
 516+ 2DBB 87                   add a,a
 517+ 2DBC 87                   add a,a
 518+ 2DBD 86                   add a,(hl)
 519+ 2DBE 87                   add a,a ;*10
 520+ 2DBF 83                   add a,e
 521+ 2DC0 77                   ld (hl),a
 522+ 2DC1 18 4C                jr term_prfsm_nokey
 523+ 2DC3              term_prfsm_afterescbracket_nonumber
 524+ 2DC3 C6 30                add a,'0'
 525+ 2DC5 FE 3B                cp ';'
 526+ 2DC7 20 08                jr nz,term_prfsm_afterescbracket_nosemicolon
 527+ 2DC9 3A 8B 2E             ld a,(term_prfsm_curnumber)
 528+ 2DCC 32 8C 2E             ld (term_prfsm_curnumber1),a
 529+ 2DCF 18 D7                jr term_prfsm_0curnumber_nokey
 530+ 2DD1              term_prfsm_afterescbracket_nosemicolon
 531+ 2DD1 21 88 2D             ld hl,term_prfsm_curstate
 532+ 2DD4 36 01                ld (hl),TERM_ST_SINGLE
 533+ 2DD6                      ;cp 'H'
 534+ 2DD6 FE 7E                cp '~'
 535+ 2DD8 CA 61 2E             jp z,term_prfsm_afterescbracket_tilde
 536+ 2DDB FE 41                cp 'A'
 537+ 2DDD 0E FA                ld c,key_up
 538+ 2DDF 28 70                jr z,term_prfsm_keycok
 539+ 2DE1 FE 42                cp 'B'
 540+ 2DE3 0E F9                ld c,key_down
 541+ 2DE5 28 6A                jr z,term_prfsm_keycok
 542+ 2DE7 FE 43                cp 'C'
 543+ 2DE9 0E FB                ld c,key_right
 544+ 2DEB 28 64                jr z,term_prfsm_keycok
 545+ 2DED FE 44                cp 'D'
 546+ 2DEF 0E F8                ld c,key_left
 547+ 2DF1 28 5E                jr z,term_prfsm_keycok
 548+ 2DF3 FE 50                 cp 'P'
 549+ 2DF5 0E B1                 ld c,key_F1
 550+ 2DF7 28 58                 jr z,term_prfsm_keycok
 551+ 2DF9 FE 51                 cp 'Q'
 552+ 2DFB 0E B2                 ld c,key_F2
 553+ 2DFD 28 52                 jr z,term_prfsm_keycok
 554+ 2DFF FE 52                 cp 'R'
 555+ 2E01 0E B3                 ld c,key_F3
 556+ 2E03 28 4C                 jr z,term_prfsm_keycok
 557+ 2E05 FE 53                 cp 'S'
 558+ 2E07 0E B4                 ld c,key_F4
 559+ 2E09 28 46                 jr z,term_prfsm_keycok
 560+ 2E0B FE 4D                cp 'M'
 561+ 2E0D 28 4A                jr z,term_prfsm_mouse
 562+ 2E0F              term_prfsm_nokey
 563+ 2E0F AF                   xor a ;no key, no error
 564+ 2E10 4F                   ld c,a
 565+ 2E11 C9                   ret
 566+ 2E12              ;escO
 567+ 2E12              ;        jr $
 568+ 2E12              term_prfsm_noafterescbracket
 569+ 2E12 10 1D                djnz term_prfsm_noaftermouse
 570+ 2E14 21 88 2D             ld hl,term_prfsm_curstate
 571+ 2E17 34                   inc (hl) ;TERM_ST_AFTERMOUSEb
 572+ 2E18 E6 1F                 and 0x1f ;TODO как отличить движение мыши от unclick?
 573+ 2E1A 2E FF                 ld l,0xff
 574+ 2E1C 3D                    dec a
 575+ 2E1D 20 01                 jr nz,$+3
 576+ 2E1F 2D                    dec l
 577+ 2E20 3D                    dec a
 578+ 2E21 20 02                 jr nz,$+4
 579+ 2E23 CB 8D                 res 1,l
 580+ 2E25 3D                    dec a
 581+ 2E26 20 02                 jr nz,$+4
 582+ 2E28 CB 95                 res 2,l
 583+ 2E2A 7D                    ld a,l
 584+ 2E2B 32 EB 2B              ld (stdio_mousebuttons),a
 585+ 2E2E AF                   xor a ;no key, no error
 586+ 2E2F 4F                   ld c,a
 587+ 2E30 C9                   ret
 588+ 2E31              term_prfsm_noaftermouse
 589+ 2E31 10 0C                djnz term_prfsm_aftermousebx;term_prfsm_noaftermouseb
 590+ 2E33 21 88 2D             ld hl,term_prfsm_curstate
 591+ 2E36 34                   inc (hl) ;TERM_ST_AFTERMOUSEbx
 592+ 2E37 D6 20                 sub 32
 593+ 2E39 32 ED 2B              ld (stdio_mousex),a
 594+ 2E3C AF                   xor a ;no key, no error
 595+ 2E3D 4F                   ld c,a
 596+ 2E3E C9                   ret
 597+ 2E3F              term_prfsm_aftermousebx
 598+ 2E3F 21 88 2D             ld hl,term_prfsm_curstate
 599+ 2E42 36 01                ld (hl),TERM_ST_SINGLE
 600+ 2E44 D6 20                 sub 32
 601+ 2E46 32 EE 2B              ld (stdio_mousey),a
 602+ 2E49 3E C9                ld a,0xc9
 603+ 2E4B 32 EF 2B             ld (wasmouseevent),a
 604+ 2E4E AF                   xor a ;no key, no error
 605+ 2E4F 4F                   ld c,a
 606+ 2E50 C9                   ret
 607+ 2E51
 608+ 2E51              term_prfsm_keycok
 609+ 2E51 21 88 2D             ld hl,term_prfsm_curstate
 610+ 2E54 36 01                ld (hl),TERM_ST_SINGLE
 611+ 2E56 AF                   xor a
 612+ 2E57 B1                   or c ;NC=no error
 613+ 2E58 C9                   ret
 614+ 2E59              term_prfsm_mouse
 615+ 2E59 21 88 2D             ld hl,term_prfsm_curstate
 616+ 2E5C 36 04                ld (hl),TERM_ST_AFTERMOUSE
 617+ 2E5E AF                   xor a ;no key, no error
 618+ 2E5F 4F                   ld c,a
 619+ 2E60 C9                   ret
 620+ 2E61
 621+ 2E61              term_prfsm_afterescbracket_tilde
 622+ 2E61 3A 8B 2E             ld a,(term_prfsm_curnumber)
 623+ 2E64              ;        if 1==1
 624+ 2E64              ;        display $
 625+ 2E64 FE 16                cp tcontrolkeys_sz
 626+ 2E66 30 A7                jr nc,term_prfsm_nokey
 627+ 2E68 21 75 2E             ld hl,tcontrolkeys
 628+ 2E6B 85                   add a,l
 629+ 2E6C 6F                   ld l,a
 630+ 2E6D 30 01                jr nc,$+3
 631+ 2E6F 24                   inc h
 632+ 2E70 4E                   ld c,(hl)
 633+ 2E71 18 DE                jr term_prfsm_keycok
 634+ 2E73              ;        else
 635+ 2E73              ;        cp 3
 636+ 2E73              ;        ld c,key_del
 637+ 2E73              ;        jr z,term_prfsm_keycok
 638+ 2E73              ;        cp 1
 639+ 2E73              ;        ld c,key_home
 640+ 2E73              ;        jr z,term_prfsm_keycok
 641+ 2E73              ;        cp 4
 642+ 2E73              ;        ld c,key_end
 643+ 2E73              ;        jr z,term_prfsm_keycok
 644+ 2E73              ;        cp 2
 645+ 2E73              ;        ld c,key_ins
 646+ 2E73              ;        jr z,term_prfsm_keycok
 647+ 2E73              ;        cp 5
 648+ 2E73              ;        ld c,key_pgup
 649+ 2E73              ;        jr z,term_prfsm_keycok
 650+ 2E73              ;        cp 6
 651+ 2E73              ;        ld c,key_pgdown
 652+ 2E73              ;        jr z,term_prfsm_keycok
 653+ 2E73              ;        endif
 654+ 2E73 18 9A                jr term_prfsm_nokey
 655+ 2E75
 656+ 2E75              tcontrolkeys
 657+ 2E75 00                   DEFB 0
 658+ 2E76 1C                   DEFB key_home ;1
 659+ 2E77 1D                   DEFB key_ins ;2
 660+ 2E78 FC                   DEFB key_del ;3
 661+ 2E79 1E                   DEFB key_end ;4
 662+ 2E7A F6                   DEFB key_pgup ;5
 663+ 2E7B F7                   DEFB key_pgdown ;6
 664+ 2E7C 00                   DEFB 0 ;7
 665+ 2E7D 00                   DEFB 0 ;8
 666+ 2E7E 00                   DEFB 0 ;9
 667+ 2E7F 00                   DEFB 0 ;10
 668+ 2E80 B1                   DEFB key_F1 ;11
 669+ 2E81 B2                   DEFB key_F2 ;12
 670+ 2E82 B3                   DEFB key_F3 ;13
 671+ 2E83 B4                   DEFB key_F4 ;14
 672+ 2E84 B5                   DEFB key_F5 ;15
 673+ 2E85 00                   DEFB 0 ;16
 674+ 2E86 B6                   DEFB key_F6 ;17
 675+ 2E87 B7                   DEFB key_F7 ;18
 676+ 2E88 B8                   DEFB key_F8 ;19
 677+ 2E89 B9                   DEFB key_F9 ;20
 678+ 2E8A B0                   DEFB key_F10 ;21
 679+ 2E8B                      ;DEFB 0 ;22
 680+ 2E8B                      ;DEFB key_F11 ;23
 681+ 2E8B                      ;DEFB key_F12 ;24
 682+ 2E8B              tcontrolkeys_sz=$-tcontrolkeys
 683+ 2E8B
 684+ 2E8B              term_prfsm_curnumber
 685+ 2E8B 00                    DEFB 0
 686+ 2E8C              term_prfsm_curnumber1
 687+ 2E8C 00                    DEFB 0
 688+ 2E8D
 689+ 2E8D              stdoutbuf
 690+ 2E8D 2D 5B 30 30          DEFB "-[00;00;00;00u"
 690+ 2E91 3B 30 30 3B
 690+ 2E95 30 30 3B 30
 690+ 2E99 30 75
 691+ 2E9B
 692+ 2E9B              stdinbuf
 693+ 2E9B 00 00 00...          DEFS STDINBUF_SZ
 694+ 2F9A
# file closed: ../_sdk/stdio.asm
2307  2F9A
2308  2F9A              cmd_cls=clearterm ;print 25 lines of spaces except one
2309  2F9A
2310  2F9A              cmd_end
2311  2F9A
2312  2F9A              	;display "cmd size ",/d,cmd_end-cmd_begin," bytes"
2313  2F9A
2314  2F9A              	savebin "cmd.com",cmd_begin,cmd_end-cmd_begin
2315  2F9A
2316  2F9A              	LABELSLIST "../../us/user.l",1
2317  2F9A
# file closed: cmd.asm
