##############################################################################
#                                                                            #
# IAR Z80/64180 C-Compiler V4.06A/W32                                        #
#                                                                            #
#       Compile time  =  14/Jan/2022  19:00:33                               #
#       Target option =  Z80                                                 #
#       Memory model  =  large                                               #
#       Source file   =  ff.c                                                #
#       List file     =  list\ff.lst                                         #
#       Object file   =  list\ff.r01                                         #
#       ASM file      =  list\ff.s01                                         #
#       Command line  =  -S -v0 -ml -uua -q -e -K -gA -z9 -t4 -T -Llist\     #
#                        -Olist\ -Alist\ -I..\..\iar\inc\ ff.c               #
#                                                                            #
#                           Copyright 2001 IAR Systems. All rights reserved. #
##############################################################################

   \   0000                    NAME    ff(16)
   \   0000                    RSEG    CODE(0)
   \   0000                    RSEG    CSTR(0)
   \   0000                    RSEG    CONST(0)
   \   0000                    RSEG    UDATA0(0)
   \   0000                    EXTERN  Fsid
   \   0000                    EXTERN  LD_CLUST
   \   0000                    PUBLIC  clust2sect
   \   0000                    EXTERN  drv_calls
   \   0000                    PUBLIC  f_chdir
   \   0000                    PUBLIC  f_chdrive
   \   0000                    PUBLIC  f_close
   \   0000                    PUBLIC  f_getcwd
   \   0000                    PUBLIC  f_getutime
   \   0000                    PUBLIC  f_lseek
   \   0000                    PUBLIC  f_mkdir
   \   0000                    PUBLIC  f_mount
   \   0000                    PUBLIC  f_open
   \   0000                    PUBLIC  f_opendir
   \   0000                    PUBLIC  f_read
   \   0000                    PUBLIC  f_readdir
   \   0000                    PUBLIC  f_rename
   \   0000                    PUBLIC  f_stat
   \   0000                    PUBLIC  f_sync
   \   0000                    PUBLIC  f_unlink
   \   0000                    PUBLIC  f_utime
   \   0000                    PUBLIC  f_write
   \   0000                    EXTERN  ff_convert
   \   0000                    PUBLIC  fno_rddir
   \   0000                    PUBLIC  gen_numname
   \   0000                    PUBLIC  get_fat
   \   0000                    PUBLIC  put_fat
   \   0000                    EXTERN  ?CLZ80L_4_06_L00
   \   0000                    EXTERN  ?US_RSH_L02
   \   0000                    EXTERN  ?US_DIV_L02
   \   0000                    EXTERN  ?S_MUL_L02
   \   0000                    EXTERN  ?L_LSH_L03
   \   0000                    EXTERN  ?UL_RSH_L03
   \   0000                    EXTERN  ?L_MUL_L03
   \   0000                    EXTERN  ?UL_DIV_L03
   \   0000                    EXTERN  ?L_AND_L03
   \   0000                    EXTERN  ?L_INC_L03
   \   0000                    EXTERN  ?L_DEC_L03
   \   0000                    EXTERN  ?L_NOT_L03
   \   0000                    EXTERN  ?L_MULASG_L03
   \   0000                    EXTERN  ?L_ADDASG_L03
   \   0000                    EXTERN  ?L_SUBASG_L03
   \   0000                    EXTERN  ?L_ORASG_L03
   \   0000                    EXTERN  ?L_INCASG_L03
   \   0000                    EXTERN  ?ENT_PARM_DIRECT_L09
   \   0000                    EXTERN  ?ENT_AUTO_DIRECT_L09
   \   0000                    EXTERN  ?LEAVE_DIRECT_L09
   \   0000                    EXTERN  ?LEAVE_32_L09
   \   0000                    EXTERN  ?CALL_IND_L09
   \   0000                    EXTERN  ?MEMSET_L11
   \   0000                    EXTERN  ?MEMCMP_L11
   \   0000                    EXTERN  ?STRCHR_L11
   \   0000                    EXTERN  ?US_RSHASG_BC_prim_L12
   \   0000                    RSEG    CODE
      1          /*----------------------------------------------------------------------------/
      2          /  FatFs - FAT file system module  R0.08b                 (C)ChaN, 2011
      3          /-----------------------------------------------------------------------------/
      4          / FatFs module is a generic FAT file system module for small embedded systems.
      5          / This is a free software that opened for education, research and commercial
      6          / developments under license policy of following terms.
      7          /
      8          /  Copyright (C) 2011, ChaN, all right reserved.
      9          /
     10          / * The FatFs module is a free software and there is NO WARRANTY.
     11          / * No restriction on use. You can use, modify and redistribute it for
     12          /   personal, non-profit or commercial products UNDER YOUR RESPONSIBILITY.
     13          / * Redistributions of source code must retain the above copyright notice.
     14          /
     15          /-----------------------------------------------------------------------------/
     16          / Feb 26,'06 R0.00  Prototype.
     17          /
     18          / Apr 29,'06 R0.01  First stable version.
     19          /
     20          / Jun 01,'06 R0.02  Added FAT12 support.
     21          /                   Removed unbuffered mode.
     22          /                   Fixed a problem on small (<32M) partition.
     23          / Jun 10,'06 R0.02a Added a configuration option (_FS_MINIMUM).
     24          /
     25          / Sep 22,'06 R0.03  Added f_rename().
     26          /                   Changed option _FS_MINIMUM to _FS_MINIMIZE.
     27          / Dec 11,'06 R0.03a Improved cluster scan algorithm to write files fast.
     28          /                   Fixed f_mkdir() creates incorrect directory on FAT32.
     29          /
     30          / Feb 04,'07 R0.04  Supported multiple drive system.
     31          /                   Changed some interfaces for multiple drive system.
     32          /                   Changed f_mountdrv() to f_mount().
     33          /                   Added f_mkfs().
     34          / Apr 01,'07 R0.04a Supported multiple partitions on a physical drive.
     35          /                   Added a capability of extending file size to f_lseek().
     36          /                   Added minimization level 3.
     37          /                   Fixed an endian sensitive code in f_mkfs().
     38          / May 05,'07 R0.04b Added a configuration option _USE_NTFLAG.
     39          /                   Added FSInfo support.
     40          /                   Fixed DBCS name can result FR_INVALID_NAME.
     41          /                   Fixed short seek (<= csize) collapses the file object.
     42          /
     43          / Aug 25,'07 R0.05  Changed arguments of f_read(), f_write() and f_mkfs().
     44          /                   Fixed f_mkfs() on FAT32 creates incorrect FSInfo.
     45          /                   Fixed f_mkdir() on FAT32 creates incorrect directory.
     46          / Feb 03,'08 R0.05a Added f_truncate() and f_utime().
     47          /                   Fixed off by one error at FAT sub-type determination.
     48          /                   Fixed btr in f_read() can be mistruncated.
     49          /                   Fixed cached sector is not flushed when create and close without write.
     50          /
     51          / Apr 01,'08 R0.06  Added fputc(), fputs(), fprintf() and fgets().
     52          /                   Improved performance of f_lseek() on moving to the same or following cluster.
     53          /
     54          / Apr 01,'09 R0.07  Merged Tiny-FatFs as a configuration option. (_FS_TINY)
     55          /                   Added long file name feature.
     56          /                   Added multiple code page feature.
     57          /                   Added re-entrancy for multitask operation.
     58          /                   Added auto cluster size selection to f_mkfs().
     59          /                   Added rewind option to f_readdir().
     60          /                   Changed result code of critical errors.
     61          /                   Renamed string functions to avoid name collision.
     62          / Apr 14,'09 R0.07a Separated out OS dependent code on reentrant cfg.
     63          /                   Added multiple sector size feature.
     64          / Jun 21,'09 R0.07c Fixed f_unlink() can return FR_OK on error.
     65          /                   Fixed wrong cache control in f_lseek().
     66          /                   Added relative path feature.
     67          /                   Added f_chdir() and f_chdrive().
     68          /                   Added proper case conversion to extended char.
     69          / Nov 03,'09 R0.07e Separated out configuration options from ff.h to ffconf.h.
     70          /                   Fixed f_unlink() fails to remove a sub-dir on _FS_RPATH.
     71          /                   Fixed name matching error on the 13 char boundary.
     72          /                   Added a configuration option, _LFN_UNICODE.
     73          /                   Changed f_readdir() to return the SFN with always upper case on non-LFN cfg.
     74          /
     75          / May 15,'10 R0.08  Added a memory configuration option. (_USE_LFN = 3)
     76          /                   Added file lock feature. (_FS_SHARE)
     77          /                   Added fast seek feature. (_USE_FASTSEEK)
     78          /                   Changed some types on the API, XCHAR->TCHAR.
     79          /                   Changed fname member in the FILINFO structure on Unicode cfg.
     80          /                   String functions support UTF-8 encoding files on Unicode cfg.
     81          / Aug 16,'10 R0.08a Added f_getcwd(). (_FS_RPATH = 2)
     82          /                   Added sector erase feature. (_USE_ERASE)
     83          /                   Moved file lock semaphore table from fs object to the bss.
     84          /                   Fixed a wrong directory entry is created on non-LFN cfg when the given name contains ';'.
     85          /                   Fixed f_mkfs() creates wrong FAT32 volume.
     86          / Jan 15,'11 R0.08b Fast seek feature is also applied to f_read() and f_write().
     87          /                   f_lseek() reports required table size on creating CLMP.
     88          /                   Extended format syntax of f_printf function.
     89          /                   Ignores duplicated directory separators in given path names.
     90          /---------------------------------------------------------------------------*/
     91          
     92          #include "ff.h"         /* FatFs configurations and declarations */
     93          #include "diskio.h"     /* Declarations of low level disk I/O functions */
     94          #include <string.h>
     95          
     96          /*--------------------------------------------------------------------------
     97          
     98             Module Private Definitions
     99          
    100          ---------------------------------------------------------------------------*/
    101          
    102          #if _FATFS != 8237
    104          #endif
    105          
    106          
    107          /* Definitions on sector size */
    108          #if _MAX_SS != 512 && _MAX_SS != 1024 && _MAX_SS != 2048 && _MAX_SS != 4096
    110          #endif
    111          #if _MAX_SS != 512
    113          #else
    114          #define SS(fs)  512U            /* Fixed sector size */
    115          #endif
    116          
    117          
    118          /* Reentrancy related */
    119          #if _FS_REENTRANT
    120          #if _USE_LFN == 1
    122          #endif
    125          #else
    126          #define ENTER_FF(fs)
    127          #define LEAVE_FF(fs, res)   return res
    128          #endif
    129          
    130          #define ABORT(fs, res)      { fp->flag |= FA__ERROR; LEAVE_FF(fs, res); }
    131          
    132          
    133          /* File shareing feature */
    134          #if _FS_SHARE
    135          #if _FS_READONLY
    137          #endif
    144          #endif
    145          
    146          
    147          /* Misc definitions */
    148          //#define LD_CLUST(dir) (((DWORD)LD_WORD(dir+DIR_FstClusHI)<<16) | LD_WORD(dir+DIR_FstClusLO))
    149          #define ST_CLUST(dir,cl) {ST_WORD(dir+DIR_FstClusLO, cl); ST_WORD(dir+DIR_FstClusHI, (DWORD)cl>>16);}
    150          
    151          
    152          /* DBCS code ranges and SBCS extend char conversion table */
    153          
    154          #if _CODE_PAGE == 932   /* Japanese Shift-JIS */
    164          #elif _CODE_PAGE == 936 /* Simplified Chinese GBK */
    172          #elif _CODE_PAGE == 949 /* Korean */
    182          #elif _CODE_PAGE == 950 /* Traditional Chinese Big5 */
    190          #elif _CODE_PAGE == 437 /* U.S. (OEM) */
    197          #elif _CODE_PAGE == 720 /* Arabic (OEM) */
    204          #elif _CODE_PAGE == 737 /* Greek (OEM) */
    211          #elif _CODE_PAGE == 775 /* Baltic (OEM) */
    218          #elif _CODE_PAGE == 850 /* Multilingual Latin 1 (OEM) */
    225          #elif _CODE_PAGE == 852 /* Latin 2 (OEM) */
    232          #elif _CODE_PAGE == 855 /* Cyrillic (OEM) */
    239          #elif _CODE_PAGE == 857 /* Turkish (OEM) */
    246          #elif _CODE_PAGE == 858 /* Multilingual Latin 1 + Euro (OEM) */
    253          #elif _CODE_PAGE == 862 /* Hebrew (OEM) */
    260          #elif _CODE_PAGE == 866 /* Russian (OEM) */
    261          #define _DF1S   0
    262          #define _EXCVT {0x80,0x81,0x82,0x83,0x84,0x85,0x86,0x87,0x88,0x89,0x8A,0x8B,0x8C,0x8D,0x8E,0x8F,0x90,0x91,0x92,0x93,0x94,0x95,0x96,0x97,0x98,0x99,0x9A,0x9B,0x9C,0x9D,0x9E,0x9F, \
    263                          0x80,0x81,0x82,0x83,0x84,0x85,0x86,0x87,0x88,0x89,0x8A,0x8B,0x8C,0x8D,0x8E,0x8F,0xB0,0xB1,0xB2,0xB3,0xB4,0xB5,0xB6,0xB7,0xB8,0xB9,0xBA,0xBB,0xBC,0xBD,0xBE,0xBF, \
    264                          0xC0,0xC1,0xC2,0xC3,0xC4,0xC5,0xC6,0xC7,0xC8,0xC9,0xCA,0xCB,0xCC,0xCD,0xCE,0xCF,0xD0,0xD1,0xD2,0xD3,0xD4,0xD5,0xD6,0xD7,0xD8,0xD9,0xDA,0xDB,0xDC,0xDD,0xDE,0xDF, \
    265                          0x90,0x91,0x92,0x93,0x9d,0x95,0x96,0x97,0x98,0x99,0x9A,0x9B,0x9C,0x9D,0x9E,0x9F,0xF0,0xF0,0xF2,0xF2,0xF4,0xF4,0xF6,0xF6,0xF8,0xF9,0xFA,0xFB,0xFC,0xFD,0xFE,0xFF}
    266          
    267          #elif _CODE_PAGE == 874 /* Thai (OEM, Windows) */
    274          #elif _CODE_PAGE == 1250 /* Central Europe (Windows) */
    281          #elif _CODE_PAGE == 1251 /* Cyrillic (Windows) */
    288          #elif _CODE_PAGE == 1252 /* Latin 1 (Windows) */
    295          #elif _CODE_PAGE == 1253 /* Greek (Windows) */
    302          #elif _CODE_PAGE == 1254 /* Turkish (Windows) */
    309          #elif _CODE_PAGE == 1255 /* Hebrew (Windows) */
    316          #elif _CODE_PAGE == 1256 /* Arabic (Windows) */
    323          #elif _CODE_PAGE == 1257 /* Baltic (Windows) */
    330          #elif _CODE_PAGE == 1258 /* Vietnam (OEM, Windows) */
    337          #elif _CODE_PAGE == 1   /* ASCII (for only non-LFN cfg) */
    338          #if _USE_LFN
    340          #endif
    343          #else
    346          #endif
    347          
    348          
    349          /* Character code support macros */
    350          #define IsUpper(c)  (((c)>='A')&&((c)<='Z'))
    351          #define IsLower(c)  (((c)>='a')&&((c)<='z'))
    352          #define IsDigit(c)  (((c)>='0')&&((c)<='9'))
    353          
    354          #if _DF1S       /* Code page is DBCS */
    356          #ifdef _DF2S    /* Two 1st byte areas */
    358          #else           /* One 1st byte area */
    360          #endif
    362          #ifdef _DS3S    /* Three 2nd byte areas */
    364          #else           /* Two 2nd byte areas */
    366          #endif
    368          #else           /* Code page is SBCS */
    369          
    370          #define IsDBCS1(c)  0
    371          #define IsDBCS2(c)  0
    372          
    373          #endif /* _DF1S */
    374          
    375          
    376          /* Name status flags */
    377          #define NS          11      /* Index of name status byte in fn[] */
    378          #define NS_LOSS     0x01    /* Out of 8.3 format */
    379          #define NS_LFN      0x02    /* Force to create LFN entry */
    380          #define NS_LAST     0x04    /* Last segment */
    381          #define NS_BODY     0x08    /* Lower case flag (body) */
    382          #define NS_EXT      0x10    /* Lower case flag (ext) */
    383          #define NS_DOT      0x20    /* Dot entry */
    384          
    385          
    386          /* FAT sub-type boundaries */
    387          /* Note that the FAT spec by Microsoft says 4085 but Windows works with 4087! */
    388          #define MIN_FAT16   4086    /* Minimum number of clusters for FAT16 */
    389          #define MIN_FAT32   65526   /* Minimum number of clusters for FAT32 */
    390          
    391          
    392          /* FatFs refers the members in the FAT structures as byte array instead of
    393          / structure member because the structure is not binary compatible between
    394          / different platforms */
    395          
    396          #define BS_jmpBoot          0   /* Jump instruction (3) */
    397          #define BS_OEMName          3   /* OEM name (8) */
    398          #define BPB_BytsPerSec      11  /* Sector size [byte] (2) */
    399          #define BPB_SecPerClus      13  /* Cluster size [sector] (1) */
    400          #define BPB_RsvdSecCnt      14  /* Size of reserved area [sector] (2) */
    401          #define BPB_NumFATs         16  /* Number of FAT copies (1) */
    402          #define BPB_RootEntCnt      17  /* Number of root dir entries for FAT12/16 (2) */
    403          #define BPB_TotSec16        19  /* Volume size [sector] (2) */
    404          #define BPB_Media           21  /* Media descriptor (1) */
    405          #define BPB_FATSz16         22  /* FAT size [sector] (2) */
    406          #define BPB_SecPerTrk       24  /* Track size [sector] (2) */
    407          #define BPB_NumHeads        26  /* Number of heads (2) */
    408          #define BPB_HiddSec         28  /* Number of special hidden sectors (4) */
    409          #define BPB_TotSec32        32  /* Volume size [sector] (4) */
    410          #define BS_DrvNum           36  /* Physical drive number (2) */
    411          #define BS_BootSig          38  /* Extended boot signature (1) */
    412          #define BS_VolID            39  /* Volume serial number (4) */
    413          #define BS_VolLab           43  /* Volume label (8) */
    414          #define BS_FilSysType       54  /* File system type (1) */
    415          #define BPB_FATSz32         36  /* FAT size [sector] (4) */
    416          #define BPB_ExtFlags        40  /* Extended flags (2) */
    417          #define BPB_FSVer           42  /* File system version (2) */
    418          #define BPB_RootClus        44  /* Root dir first cluster (4) */
    419          #define BPB_FSInfo          48  /* Offset of FSInfo sector (2) */
    420          #define BPB_BkBootSec       50  /* Offset of backup boot sectot (2) */
    421          #define BS_DrvNum32         64  /* Physical drive number (2) */
    422          #define BS_BootSig32        66  /* Extended boot signature (1) */
    423          #define BS_VolID32          67  /* Volume serial number (4) */
    424          #define BS_VolLab32         71  /* Volume label (8) */
    425          #define BS_FilSysType32     82  /* File system type (1) */
    426          #define FSI_LeadSig         0   /* FSI: Leading signature (4) */
    427          #define FSI_StrucSig        484 /* FSI: Structure signature (4) */
    428          #define FSI_Free_Count      488 /* FSI: Number of free clusters (4) */
    429          #define FSI_Nxt_Free        492 /* FSI: Last allocated cluster (4) */
    430          #define MBR_Table           446 /* MBR: Partition table offset (2) */
    431          #define SZ_PTE              16  /* MBR: Size of a partition table entry */
    432          #define BS_55AA             510 /* Boot sector signature (2) */
    433          
    434          #define DIR_Name            0   /* Short file name (11) */
    435          #define DIR_Attr            11  /* Attribute (1) */
    436          #define DIR_NTres           12  /* NT flag (1) */
    437          #define DIR_CrtTime         14  /* Created time (2) */
    438          #define DIR_CrtDate         16  /* Created date (2) */
    439          #define DIR_FstClusHI       20  /* Higher 16-bit of first cluster (2) */
    440          #define DIR_WrtTime         22  /* Modified time (2) */
    441          #define DIR_WrtDate         24  /* Modified date (2) */
    442          #define DIR_FstClusLO       26  /* Lower 16-bit of first cluster (2) */
    443          #define DIR_FileSize        28  /* File size (4) */
    444          #define LDIR_Ord            0   /* LFN entry order and LLE flag (1) */
    445          #define LDIR_Attr           11  /* LFN attribute (1) */
    446          #define LDIR_Type           12  /* LFN type (1) */
    447          #define LDIR_Chksum         13  /* Sum of corresponding SFN entry */
    448          #define LDIR_FstClusLO      26  /* Filled by zero (0) */
    449          #define SZ_DIR              32      /* Size of a directory entry */
    450          #define LLE                 0x40    /* Last long entry flag in LDIR_Ord */
    451          #define DDE                 0xE5    /* Deleted directory enrty mark in DIR_Name[0] */
    452          #define NDDE                0x05    /* Replacement of a character collides with DDE */
    453          
    454          
    455          /*------------------------------------------------------------*/
    456          /* Work area                                                  */
    457          
    458          #if _VOLUMES
    459          //extern
    460          //FATFS *FatFs[_VOLUMES];   /* Pointer to the file system objects (logical drives) */
    461          #else
    463          #endif
    464          
    465          extern WORD Fsid;               /* File system mount ID */
    466          
    467          #if _FS_RPATH
    468          //extern BYTE CurrVol;          /* Current drive */
    469          //extern DWORD CurrDir;         /* Current dir start claster */
    470          #endif
    471          
    472          #if _FS_SHARE
    475          #endif
    476          
    477          #if _USE_LFN == 0           /* No LFN */
    483          #elif _USE_LFN == 1         /* LFN with static LFN working buffer */
    484          static WCHAR LfnBuf[_MAX_LFN+1];
    485          static BYTE sfn[12];
    486          #define DEF_NAMEBUF
    487          #define INIT_BUF(dobj)      { (dobj).fn = sfn; (dobj).lfn = LfnBuf; }
    488          #define FREE_BUF()
    489          
    490          #elif _USE_LFN == 2         /* LFN with dynamic LFN working buffer on the stack */
    495          #elif _USE_LFN == 3         /* LFN with dynamic LFN working buffer on the heap */
    502          #else
    504          #endif
    505          
    506          //no_init unsigned char pathbuf[256];
    507          #define pathbuf ((unsigned char *) 0x3a00)
    508          
    509          
    510          /*--------------------------------------------------------------------------
    511          
    512             Module Private Functions
    513          
    514          ---------------------------------------------------------------------------*/
    515          
    516          extern DWORD LD_CLUST(BYTE *);
    517          
    518          
    519          /*-----------------------------------------------------------------------*/
    520          /* String functions                                                      */
    521          /*-----------------------------------------------------------------------*/
    522          
    523          
    524          /*-----------------------------------------------------------------------*/
    525          /* Request/Release grant to access the volume                            */
    526          /*-----------------------------------------------------------------------*/
    527          #if _FS_REENTRANT
    551          #endif
    552          
    553          
    554          
    555          /*-----------------------------------------------------------------------*/
    556          /* File shareing control functions                                       */
    557          /*-----------------------------------------------------------------------*/
    558          #if _FS_SHARE
    664          #endif
    665          
    666          
    667          
    668          /*-----------------------------------------------------------------------*/
    669          /* Change window offset                                                  */
    670          /*-----------------------------------------------------------------------*/
    671          
    672          static
    673          FRESULT move_window (
    674              FATFS *fs,      /* File system object */
    675              DWORD sector    /* Sector number to make appearance in the fs->win[] */
    676          )                   /* Move to zero only writes back dirty window */
   \   0000            move_window:
   \   0000  CD0000            CALL    ?ENT_AUTO_DIRECT_L09
   \   0003  FAFF              DEFW    65530
   \   0005  FDE5              PUSH    IY
   \   0007  DD6E02            LD      L,(IX+2)
   \   000A  DD6603            LD      H,(IX+3)
   \   000D  E5                PUSH    HL
   \   000E  FDE1              POP     IY
    677          {
    678              DWORD wsect;
    679          
    680          
   \   0010  FD4E31            LD      C,(IY+49)
   \   0013  FD4632            LD      B,(IY+50)
   \   0016  FD6E2F            LD      L,(IY+47)
   \   0019  FD6630            LD      H,(IY+48)
   \   001C  DD75FA            LD      (IX-6),L
   \   001F  DD74FB            LD      (IX-5),H
   \   0022  DD71FC            LD      (IX-4),C
   \   0025  DD70FD            LD      (IX-3),B
    681              wsect = fs->winsect;
   \   0028  59                LD      E,C
   \   0029  50                LD      D,B
   \   002A  DD4E08            LD      C,(IX+8)
   \   002D  DD4609            LD      B,(IX+9)
   \   0030  A7                AND     A
   \   0031  ED42              SBC     HL,BC
   \   0033  200C              JR      NZ,?1128
   \   0035  EB                EX      DE,HL
   \   0036  DD4E0A            LD      C,(IX+10)
   \   0039  DD460B            LD      B,(IX+11)
   \   003C  ED42              SBC     HL,BC
   \   003E  CA3101            JP      Z,?0017
   \   0041            ?1128:
   \   0041            ?0004:
    682              if (wsect != sector) {  /* Changed current window */
    683          #if !_FS_READONLY
   \   0041  FD7E05            LD      A,(IY+5)
   \   0044  B7                OR      A
   \   0045  CAE300            JP      Z,?0012
   \   0048            ?0006:
    684                  if (fs->wflag) {    /* Write back dirty window if needed */
   \   0048  FD7E01            LD      A,(IY+1)
   \   004B  321A00            LD      (drv_calls+26),A
   \   004E  213300            LD      HL,51
   \   0051  FDE5              PUSH    IY
   \   0053  C1                POP     BC
   \   0054  09                ADD     HL,BC
   \   0055  221B00            LD      (drv_calls+27),HL
   \   0058  210200            LD      HL,2
   \   005B  39                ADD     HL,SP
    685                      SET_DIO_PAR(fs->drv, fs->win, wsect,1);
   \   005C  CD5001            CALL    ?1290
   \   005F  C21501            JP      NZ,?1129
   \   0062            ?0008:
    686                      if (drv_calls.write_from_buf() != RES_OK)
    687                          return FR_DISK_ERR;
   \   0062            ?0009:
   \   0062  FD7705            LD      (IY+5),A
    688                      fs->wflag = 0;
   \   0065  FD6E21            LD      L,(IY+33)
   \   0068  FD6622            LD      H,(IY+34)
   \   006B  E5                PUSH    HL
   \   006C  FD6E1F            LD      L,(IY+31)
   \   006F  FD6620            LD      H,(IY+32)
   \   0072  E5                PUSH    HL
   \   0073  FD6E23            LD      L,(IY+35)
   \   0076  FD6624            LD      H,(IY+36)
   \   0079  C1                POP     BC
   \   007A  09                ADD     HL,BC
   \   007B  EB                EX      DE,HL
   \   007C  FD6E25            LD      L,(IY+37)
   \   007F  FD6626            LD      H,(IY+38)
   \   0082  C1                POP     BC
   \   0083  ED4A              ADC     HL,BC
   \   0085  E5                PUSH    HL
   \   0086  D5                PUSH    DE
   \   0087  A7                AND     A
   \   0088  DD6EFA            LD      L,(IX-6)
   \   008B  DD66FB            LD      H,(IX-5)
   \   008E  C1                POP     BC
   \   008F  ED42              SBC     HL,BC
   \   0091  DD6EFC            LD      L,(IX-4)
   \   0094  DD66FD            LD      H,(IX-3)
   \   0097  C1                POP     BC
   \   0098  ED42              SBC     HL,BC
   \   009A  3047              JR      NC,?0012
   \   009C            ?0010:
    689                      if (wsect < (fs->fatbase + fs->fsize)) {    /* In FAT area */
    690                          BYTE nf;
   \   009C  FD4604            LD      B,(IY+4)
   \   009F  DD70FE            LD      (IX-2),B
   \   00A2            ?0013:
   \   00A2  3E01              LD      A,1
   \   00A4  DDBEFE            CP      (IX-2)
   \   00A7  303A              JR      NC,?0012
   \   00A9            ?0014:
    691                          for (nf = fs->n_fats; nf > 1; nf--) {   /* Reflect the change to all FAT copies */
   \   00A9  210200            LD      HL,2
   \   00AC  39                ADD     HL,SP
   \   00AD  FD4E21            LD      C,(IY+33)
   \   00B0  FD4622            LD      B,(IY+34)
   \   00B3  FD5E1F            LD      E,(IY+31)
   \   00B6  FD5620            LD      D,(IY+32)
   \   00B9  CD0000            CALL    ?L_ADDASG_L03
    692                              wsect += fs->fsize;
   \   00BC  FD7E01            LD      A,(IY+1)
   \   00BF  321A00            LD      (drv_calls+26),A
   \   00C2  213300            LD      HL,51
   \   00C5  FDE5              PUSH    IY
   \   00C7  C1                POP     BC
   \   00C8  09                ADD     HL,BC
   \   00C9  221B00            LD      (drv_calls+27),HL
   \   00CC  210200            LD      HL,2
   \   00CF  39                ADD     HL,SP
   \   00D0  221D00            LD      (drv_calls+29),HL
   \   00D3  3E01              LD      A,1
   \   00D5  321F00            LD      (drv_calls+31),A
    693                              SET_DIO_PAR(fs->drv, fs->win, wsect,1);
   \   00D8  2A0A00            LD      HL,(drv_calls+10)
   \   00DB  CD0000            CALL    ?CALL_IND_L09
   \   00DE  DD35FE            DEC     (IX-2)
    694                              drv_calls.write_from_buf();
    695                          }
   \   00E1  18BF              JR      ?0013
   \   00E3            ?0012:
   \   00E3            ?0011:
   \   00E3            ?0007:
    696                      }
    697                  }
    698          #endif
   \   00E3  DD7E08            LD      A,(IX+8)
   \   00E6  DDB609            OR      (IX+9)
   \   00E9  DDB60A            OR      (IX+10)
   \   00EC  DDB60B            OR      (IX+11)
   \   00EF  2840              JR      Z,?0017
   \   00F1            ?0016:
    699                  if (sector) {
   \   00F1  FD7E01            LD      A,(IY+1)
   \   00F4  321A00            LD      (drv_calls+26),A
   \   00F7  213300            LD      HL,51
   \   00FA  FDE5              PUSH    IY
   \   00FC  C1                POP     BC
   \   00FD  09                ADD     HL,BC
   \   00FE  221B00            LD      (drv_calls+27),HL
   \   0101  211000            LD      HL,16
   \   0104  39                ADD     HL,SP
   \   0105  221D00            LD      (drv_calls+29),HL
   \   0108  3E01              LD      A,1
   \   010A  321F00            LD      (drv_calls+31),A
    700                          SET_DIO_PAR(fs->drv, fs->win, sector,1);
   \   010D  2A0600            LD      HL,(drv_calls+6)
   \   0110  CD5B01            CALL    ?1291
   \   0113  2804              JR      Z,?0019
   \   0115            ?0018:
    701                      if (drv_calls.read_to_buf() != RES_OK)
   \   0115            ?1129:
   \   0115  3E01              LD      A,1
    702                          return FR_DISK_ERR;
   \   0117  1819              JR      ?0020
   \   0119            ?0019:
   \   0119  DD4E0A            LD      C,(IX+10)
   \   011C  DD460B            LD      B,(IX+11)
   \   011F  DD6E08            LD      L,(IX+8)
   \   0122  FD752F            LD      (IY+47),L
   \   0125  DD6609            LD      H,(IX+9)
   \   0128  FD7430            LD      (IY+48),H
   \   012B  FD7131            LD      (IY+49),C
   \   012E  FD7032            LD      (IY+50),B
   \   0131            ?0017:
   \   0131            ?0005:
    703                      fs->winsect = sector;
    704                  }
    705              }
    706          
   \   0131  AF                XOR     A
    707              return FR_OK;
   \   0132            ?0020:
   \   0132  FDE1              POP     IY
   \   0134  C30000            JP      ?LEAVE_DIRECT_L09
   \   0137            ?1292:
   \   0137  FD6E00            LD      L,(IY+0)
   \   013A  FD6601            LD      H,(IY+1)
   \   013D  23                INC     HL
   \   013E  7E                LD      A,(HL)
   \   013F  321A00            LD      (drv_calls+26),A
   \   0142  212000            LD      HL,32
   \   0145  FDE5              PUSH    IY
   \   0147  C1                POP     BC
   \   0148  09                ADD     HL,BC
   \   0149  221B00            LD      (drv_calls+27),HL
   \   014C  211600            LD      HL,22
   \   014F  09                ADD     HL,BC
   \   0150            ?1290:
   \   0150  221D00            LD      (drv_calls+29),HL
   \   0153  3E01              LD      A,1
   \   0155  321F00            LD      (drv_calls+31),A
   \   0158  2A0A00            LD      HL,(drv_calls+10)
   \   015B            ?1291:
   \   015B  CD0000            CALL    ?CALL_IND_L09
   \   015E  B7                OR      A
   \   015F  C9                RET
    708          }
    709          
    710          
    711          
    712          
    713          /*-----------------------------------------------------------------------*/
    714          /* Clean-up cached data                                                  */
    715          /*-----------------------------------------------------------------------*/
    716          #if !_FS_READONLY
    717          static
    718          FRESULT sync (  /* FR_OK: successful, FR_DISK_ERR: failed */
    719              FATFS *fs   /* File system object */
    720          )
   \   0160            sync:
   \   0160  C5                PUSH    BC
   \   0161  FDE5              PUSH    IY
   \   0163  DDE5              PUSH    IX
   \   0165  D5                PUSH    DE
   \   0166  DDE1              POP     IX
    721          {
    722              FRESULT res;
    723          
    724          
   \   0168  210000            LD      HL,0
   \   016B  E5                PUSH    HL
   \   016C  E5                PUSH    HL
   \   016D  CD0000            CALL    move_window
   \   0170  E1                POP     HL
   \   0171  E1                POP     HL
   \   0172  FD6F              LD      IYL,A
    725              res = move_window(fs, 0);
   \   0174  B7                OR      A
   \   0175  C23C02            JP      NZ,?0028
   \   0178            ?0021:
    726              if (res == FR_OK) {
    727                  /* Update FSInfo sector if needed */
   \   0178  DD7E00            LD      A,(IX+0)
   \   017B  FE03              CP      3
   \   017D  C23602            JP      NZ,?0024
   \   0180  DD7E06            LD      A,(IX+6)
   \   0183  B7                OR      A
   \   0184  CA3602            JP      Z,?0024
   \   0187            ?0026:
   \   0187            ?0025:
   \   0187            ?0023:
    728                  if (fs->fs_type == FS_FAT32 && fs->fsi_flag) {
   \   0187  DD360600          LD      (IX+6),0
    729                      fs->fsi_flag = 0;
   \   018B  AF                XOR     A
   \   018C  DD772F            LD      (IX+47),A
   \   018F  DD7730            LD      (IX+48),A
   \   0192  DD7731            LD      (IX+49),A
   \   0195  DD7732            LD      (IX+50),A
    730                      fs->winsect = 0;
    731                      /* Create FSInfo structure */
   \   0198  010002            LD      BC,512
   \   019B  213300            LD      HL,51
   \   019E  DDE5              PUSH    IX
   \   01A0  D1                POP     DE
   \   01A1  19                ADD     HL,DE
   \   01A2  EB                EX      DE,HL
   \   01A3  69                LD      L,C
   \   01A4  61                LD      H,C
   \   01A5  CD0000            CALL    ?MEMSET_L11
    732                      memset(fs->win, 0, 512);
   \   01A8  2E33              LD      L,51
   \   01AA  DDE5              PUSH    IX
   \   01AC  C1                POP     BC
   \   01AD  09                ADD     HL,BC
   \   01AE  11FE01            LD      DE,510
   \   01B1  19                ADD     HL,DE
   \   01B2  3655              LD      (HL),85
   \   01B4  23                INC     HL
   \   01B5  36AA              LD      (HL),170
    733                      ST_WORD(fs->win+BS_55AA, 0xAA55);
   \   01B7  213300            LD      HL,51
   \   01BA  09                ADD     HL,BC
   \   01BB  3652              LD      (HL),82
   \   01BD  23                INC     HL
   \   01BE  3652              LD      (HL),82
   \   01C0  23                INC     HL
   \   01C1  3661              LD      (HL),97
   \   01C3  23                INC     HL
   \   01C4  3641              LD      (HL),65
    734                      ST_DWORD(fs->win+FSI_LeadSig, 0x41615252);
   \   01C6  213300            LD      HL,51
   \   01C9  09                ADD     HL,BC
   \   01CA  11E401            LD      DE,484
   \   01CD  19                ADD     HL,DE
   \   01CE  3672              LD      (HL),114
   \   01D0  23                INC     HL
   \   01D1  3672              LD      (HL),114
   \   01D3  23                INC     HL
   \   01D4  3641              LD      (HL),65
   \   01D6  23                INC     HL
   \   01D7  3661              LD      (HL),97
    735                      ST_DWORD(fs->win+FSI_StrucSig, 0x61417272);
   \   01D9  213300            LD      HL,51
   \   01DC  09                ADD     HL,BC
   \   01DD  11E801            LD      DE,488
   \   01E0  19                ADD     HL,DE
   \   01E1  E5                PUSH    HL
   \   01E2  210F00            LD      HL,15
   \   01E5  09                ADD     HL,BC
   \   01E6  5E                LD      E,(HL)
   \   01E7  23                INC     HL
   \   01E8  56                LD      D,(HL)
   \   01E9  23                INC     HL
   \   01EA  4E                LD      C,(HL)
   \   01EB  23                INC     HL
   \   01EC  46                LD      B,(HL)
   \   01ED  E1                POP     HL
   \   01EE  73                LD      (HL),E
   \   01EF  23                INC     HL
   \   01F0  72                LD      (HL),D
   \   01F1  23                INC     HL
   \   01F2  71                LD      (HL),C
   \   01F3  23                INC     HL
   \   01F4  70                LD      (HL),B
    736                      ST_DWORD(fs->win+FSI_Free_Count, fs->free_clust);
   \   01F5  213300            LD      HL,51
   \   01F8  DDE5              PUSH    IX
   \   01FA  C1                POP     BC
   \   01FB  09                ADD     HL,BC
   \   01FC  11EC01            LD      DE,492
   \   01FF  19                ADD     HL,DE
   \   0200  E5                PUSH    HL
   \   0201  210B00            LD      HL,11
   \   0204  09                ADD     HL,BC
   \   0205  5E                LD      E,(HL)
   \   0206  23                INC     HL
   \   0207  56                LD      D,(HL)
   \   0208  23                INC     HL
   \   0209  4E                LD      C,(HL)
   \   020A  23                INC     HL
   \   020B  46                LD      B,(HL)
   \   020C  E1                POP     HL
   \   020D  73                LD      (HL),E
   \   020E  23                INC     HL
   \   020F  72                LD      (HL),D
   \   0210  23                INC     HL
   \   0211  71                LD      (HL),C
   \   0212  23                INC     HL
   \   0213  70                LD      (HL),B
    737                      ST_DWORD(fs->win+FSI_Nxt_Free, fs->last_clust);
    738                      /* Write it into the FSInfo sector */
   \   0214  DD7E01            LD      A,(IX+1)
   \   0217  321A00            LD      (drv_calls+26),A
   \   021A  213300            LD      HL,51
   \   021D  DDE5              PUSH    IX
   \   021F  C1                POP     BC
   \   0220  09                ADD     HL,BC
   \   0221  221B00            LD      (drv_calls+27),HL
   \   0224  211300            LD      HL,19
   \   0227  09                ADD     HL,BC
   \   0228  221D00            LD      (drv_calls+29),HL
   \   022B  3E01              LD      A,1
   \   022D  321F00            LD      (drv_calls+31),A
    739                      SET_DIO_PAR(fs->drv, fs->win, fs->fsi_sector,1);
   \   0230  2A0A00            LD      HL,(drv_calls+10)
   \   0233  CD0000            CALL    ?CALL_IND_L09
   \   0236            ?0024:
    740                      drv_calls.write_from_buf();
    741                  }
    742                  /* Make sure that no pending write process in the physical drive */
   \   0236  AF                XOR     A
   \   0237  2803              JR      Z,?0028
   \   0239            ?0027:
    743                  if (disk_ioctl(fs->drv, CTRL_SYNC, (void*)0) != RES_OK)
   \   0239  FD2E01            LD      IYL,1
   \   023C            ?0028:
   \   023C            ?0022:
    744                      res = FR_DISK_ERR;
    745              }
    746          
   \   023C  FD7D              LD      A,IYL
    747              return res;
   \   023E  DDE1              POP     IX
   \   0240  FDE1              POP     IY
   \   0242  C1                POP     BC
   \   0243  C9                RET
    748          }
    749          #endif
    750          
    751          
    752          
    753          
    754          /*-----------------------------------------------------------------------*/
    755          /* Get sector# from cluster#                                             */
    756          /*-----------------------------------------------------------------------*/
    757          
    758          
    759          DWORD clust2sect (  /* !=0: Sector number, 0: Failed - invalid cluster# */
    760              FATFS *fs,      /* File system object */
    761              DWORD clst      /* Cluster# to be converted */
    762          )
   \   0244            clust2sect:
   \   0244  DDE5              PUSH    IX
   \   0246  D5                PUSH    DE
   \   0247  DDE1              POP     IX
    763          {
   \   0249  210400            LD      HL,4
   \   024C  39                ADD     HL,SP
   \   024D  010000            LD      BC,0
   \   0250  110200            LD      DE,2
   \   0253  CD0000            CALL    ?L_SUBASG_L03
    764              clst -= 2;
   \   0256  DD6E1D            LD      L,(IX+29)
   \   0259  DD661E            LD      H,(IX+30)
   \   025C  E5                PUSH    HL
   \   025D  DD6E1B            LD      L,(IX+27)
   \   0260  DD661C            LD      H,(IX+28)
   \   0263  E5                PUSH    HL
   \   0264  21FEFF            LD      HL,65534
   \   0267  C1                POP     BC
   \   0268  09                ADD     HL,BC
   \   0269  EB                EX      DE,HL
   \   026A  21FFFF            LD      HL,65535
   \   026D  C1                POP     BC
   \   026E  ED4A              ADC     HL,BC
   \   0270  E5                PUSH    HL
   \   0271  D5                PUSH    DE
   \   0272  210800            LD      HL,8
   \   0275  39                ADD     HL,SP
   \   0276  4E                LD      C,(HL)
   \   0277  23                INC     HL
   \   0278  46                LD      B,(HL)
   \   0279  23                INC     HL
   \   027A  5E                LD      E,(HL)
   \   027B  23                INC     HL
   \   027C  56                LD      D,(HL)
   \   027D  69                LD      L,C
   \   027E  60                LD      H,B
   \   027F  A7                AND     A
   \   0280  C1                POP     BC
   \   0281  ED42              SBC     HL,BC
   \   0283  EB                EX      DE,HL
   \   0284  C1                POP     BC
   \   0285  ED42              SBC     HL,BC
   \   0287  3807              JR      C,?0030
   \   0289            ?0029:
   \   0289  010000            LD      BC,0
   \   028C  69                LD      L,C
   \   028D  60                LD      H,B
    765              if (clst >= (fs->n_fatent - 2)) return 0;       /* Invalid cluster# */
   \   028E  182E              JR      ?0031
   \   0290            ?0030:
   \   0290  DD6E03            LD      L,(IX+3)
   \   0293  010000            LD      BC,0
   \   0296  61                LD      H,C
   \   0297  C5                PUSH    BC
   \   0298  E5                PUSH    HL
   \   0299  2E08              LD      L,8
   \   029B  39                ADD     HL,SP
   \   029C  5E                LD      E,(HL)
   \   029D  23                INC     HL
   \   029E  56                LD      D,(HL)
   \   029F  23                INC     HL
   \   02A0  4E                LD      C,(HL)
   \   02A1  23                INC     HL
   \   02A2  46                LD      B,(HL)
   \   02A3  EB                EX      DE,HL
   \   02A4  CD0000            CALL    ?L_MUL_L03
   \   02A7  C5                PUSH    BC
   \   02A8  E5                PUSH    HL
   \   02A9  DD6E2B            LD      L,(IX+43)
   \   02AC  DD662C            LD      H,(IX+44)
   \   02AF  C1                POP     BC
   \   02B0  09                ADD     HL,BC
   \   02B1  EB                EX      DE,HL
   \   02B2  DD6E2D            LD      L,(IX+45)
   \   02B5  DD662E            LD      H,(IX+46)
   \   02B8  C1                POP     BC
   \   02B9  ED4A              ADC     HL,BC
   \   02BB  4D                LD      C,L
   \   02BC  44                LD      B,H
   \   02BD  EB                EX      DE,HL
    766              return clst * fs->csize + fs->database;
   \   02BE            ?0031:
   \   02BE  DDE1              POP     IX
   \   02C0  C9                RET
    767          }
    768          
    769          
    770          
    771          
    772          /*-----------------------------------------------------------------------*/
    773          /* FAT access - Read value of a FAT entry                                */
    774          /*-----------------------------------------------------------------------*/
    775          
    776          
    777          DWORD get_fat ( /* 0xFFFFFFFF:Disk error, 1:Internal error, Else:Cluster status */
    778              FATFS *fs,  /* File system object */
    779              DWORD clst  /* Cluster# to get the link information */
    780          )
   \   02C1            get_fat:
   \   02C1  FDE5              PUSH    IY
   \   02C3  DDE5              PUSH    IX
   \   02C5  D5                PUSH    DE
   \   02C6  DDE1              POP     IX
    781          {
    782          //  UINT wc, bc;
    783              BYTE *p;
    784          
    785          
   \   02C8  210600            LD      HL,6
   \   02CB  39                ADD     HL,SP
   \   02CC  4E                LD      C,(HL)
   \   02CD  23                INC     HL
   \   02CE  46                LD      B,(HL)
   \   02CF  23                INC     HL
   \   02D0  5E                LD      E,(HL)
   \   02D1  23                INC     HL
   \   02D2  56                LD      D,(HL)
   \   02D3  69                LD      L,C
   \   02D4  60                LD      H,B
   \   02D5  A7                AND     A
   \   02D6  010200            LD      BC,2
   \   02D9  ED42              SBC     HL,BC
   \   02DB  EB                EX      DE,HL
   \   02DC  0B                DEC     BC
   \   02DD  0B                DEC     BC
   \   02DE  ED42              SBC     HL,BC
   \   02E0  3821              JR      C,?0034
   \   02E2  210600            LD      HL,6
   \   02E5  39                ADD     HL,SP
   \   02E6  4E                LD      C,(HL)
   \   02E7  23                INC     HL
   \   02E8  46                LD      B,(HL)
   \   02E9  23                INC     HL
   \   02EA  5E                LD      E,(HL)
   \   02EB  23                INC     HL
   \   02EC  56                LD      D,(HL)
   \   02ED  69                LD      L,C
   \   02EE  60                LD      H,B
   \   02EF  A7                AND     A
   \   02F0  DD4E1B            LD      C,(IX+27)
   \   02F3  DD461C            LD      B,(IX+28)
   \   02F6  ED42              SBC     HL,BC
   \   02F8  EB                EX      DE,HL
   \   02F9  DD4E1D            LD      C,(IX+29)
   \   02FC  DD461E            LD      B,(IX+30)
   \   02FF  ED42              SBC     HL,BC
   \   0301  3809              JR      C,?0033
   \   0303            ?0034:
   \   0303            ?0035:
   \   0303            ?0032:
    786              if (clst < 2 || clst >= fs->n_fatent)   /* Chack range */
   \   0303  010000            LD      BC,0
   \   0306  210100            LD      HL,1
    787                  return 1;
    788          
   \   0309  C3C203            JP      ?0043
   \   030C            ?0033:
   \   030C  DD7E00            LD      A,(IX+0)
   \   030F  FE02              CP      2
   \   0311  204F              JR      NZ,?0040
   \   0313            ?0037:
    789              switch (fs->fs_type) {
    790          #if 0
    798          #endif
    799              case FS_FAT16 :
   \   0313  DD6E25            LD      L,(IX+37)
   \   0316  DD6626            LD      H,(IX+38)
   \   0319  E5                PUSH    HL
   \   031A  DD6E23            LD      L,(IX+35)
   \   031D  DD6624            LD      H,(IX+36)
   \   0320  E5                PUSH    HL
   \   0321  210A00            LD      HL,10
   \   0324  39                ADD     HL,SP
   \   0325  23                INC     HL
   \   0326  56                LD      D,(HL)
   \   0327  23                INC     HL
   \   0328  4E                LD      C,(HL)
   \   0329  23                INC     HL
   \   032A  46                LD      B,(HL)
   \   032B  EB                EX      DE,HL
   \   032C  6C                LD      L,H
   \   032D  61                LD      H,C
   \   032E  58                LD      E,B
   \   032F  1600              LD      D,0
   \   0331  C1                POP     BC
   \   0332  09                ADD     HL,BC
   \   0333  EB                EX      DE,HL
   \   0334  C1                POP     BC
   \   0335  ED4A              ADC     HL,BC
   \   0337  E5                PUSH    HL
   \   0338  D5                PUSH    DE
   \   0339  DDE5              PUSH    IX
   \   033B  D1                POP     DE
   \   033C  CD0000            CALL    move_window
   \   033F  E1                POP     HL
   \   0340  E1                POP     HL
   \   0341  B7                OR      A
   \   0342  2079              JR      NZ,?0036
   \   0344            ?0038:
   \   0344            ?0039:
    800                  if (move_window(fs, fs->fatbase + (clst / (SS(fs) / 2)))) break;
   \   0344  210600            LD      HL,6
   \   0347  39                ADD     HL,SP
   \   0348  5E                LD      E,(HL)
   \   0349  23                INC     HL
   \   034A  56                LD      D,(HL)
   \   034B  EB                EX      DE,HL
   \   034C  29                ADD     HL,HL
   \   034D  7C                LD      A,H
   \   034E  E601              AND     1
   \   0350  67                LD      H,A
   \   0351  DDE5              PUSH    IX
   \   0353  C1                POP     BC
   \   0354  09                ADD     HL,BC
   \   0355  013300            LD      BC,51
   \   0358  09                ADD     HL,BC
    801                  p = &fs->win[clst * 2 % SS(fs)];
   \   0359  46                LD      B,(HL)
   \   035A  23                INC     HL
   \   035B  66                LD      H,(HL)
   \   035C  68                LD      L,B
   \   035D  010000            LD      BC,0
    802                  return LD_WORD(p);
    803          
   \   0360  1860              JR      ?0043
   \   0362            ?0040:
   \   0362  FE03              CP      3
   \   0364  2057              JR      NZ,?0036
    804              case FS_FAT32 :
   \   0366  DD6E25            LD      L,(IX+37)
   \   0369  DD6626            LD      H,(IX+38)
   \   036C  E5                PUSH    HL
   \   036D  DD6E23            LD      L,(IX+35)
   \   0370  DD6624            LD      H,(IX+36)
   \   0373  E5                PUSH    HL
   \   0374  3E07              LD      A,7
   \   0376  210A00            LD      HL,10
   \   0379  39                ADD     HL,SP
   \   037A  5E                LD      E,(HL)
   \   037B  23                INC     HL
   \   037C  56                LD      D,(HL)
   \   037D  23                INC     HL
   \   037E  4E                LD      C,(HL)
   \   037F  23                INC     HL
   \   0380  46                LD      B,(HL)
   \   0381  EB                EX      DE,HL
   \   0382  CD0000            CALL    ?UL_RSH_L03
   \   0385  59                LD      E,C
   \   0386  50                LD      D,B
   \   0387  C1                POP     BC
   \   0388  09                ADD     HL,BC
   \   0389  EB                EX      DE,HL
   \   038A  C1                POP     BC
   \   038B  ED4A              ADC     HL,BC
   \   038D  E5                PUSH    HL
   \   038E  D5                PUSH    DE
   \   038F  DDE5              PUSH    IX
   \   0391  D1                POP     DE
   \   0392  CD0000            CALL    move_window
   \   0395  E1                POP     HL
   \   0396  E1                POP     HL
   \   0397  B7                OR      A
   \   0398  2023              JR      NZ,?0036
   \   039A            ?0041:
   \   039A            ?0042:
    805                  if (move_window(fs, fs->fatbase + (clst / (SS(fs) / 4)))) break;
   \   039A  210600            LD      HL,6
   \   039D  39                ADD     HL,SP
   \   039E  5E                LD      E,(HL)
   \   039F  23                INC     HL
   \   03A0  56                LD      D,(HL)
   \   03A1  EB                EX      DE,HL
   \   03A2  29                ADD     HL,HL
   \   03A3  29                ADD     HL,HL
   \   03A4  7C                LD      A,H
   \   03A5  E601              AND     1
   \   03A7  67                LD      H,A
   \   03A8  DDE5              PUSH    IX
   \   03AA  C1                POP     BC
   \   03AB  09                ADD     HL,BC
   \   03AC  013300            LD      BC,51
   \   03AF  09                ADD     HL,BC
    806                  p = &fs->win[clst * 4 % SS(fs)];
   \   03B0  5E                LD      E,(HL)
   \   03B1  23                INC     HL
   \   03B2  56                LD      D,(HL)
   \   03B3  23                INC     HL
   \   03B4  4E                LD      C,(HL)
   \   03B5  23                INC     HL
   \   03B6  7E                LD      A,(HL)
   \   03B7  EB                EX      DE,HL
   \   03B8  E60F              AND     15
   \   03BA  47                LD      B,A
    807                  return LD_DWORD(p) & 0x0FFFFFFF;
   \   03BB  1805              JR      ?0043
   \   03BD            ?0036:
    808              }
    809          
   \   03BD  01FFFF            LD      BC,65535
   \   03C0  69                LD      L,C
   \   03C1  60                LD      H,B
    810              return 0xFFFFFFFF;  /* An error occurred at the disk I/O layer */
   \   03C2            ?0043:
   \   03C2  DDE1              POP     IX
   \   03C4  FDE1              POP     IY
   \   03C6  C9                RET
    811          }
    812          
    813          
    814          
    815          
    816          /*-----------------------------------------------------------------------*/
    817          /* FAT access - Change value of a FAT entry                              */
    818          /*-----------------------------------------------------------------------*/
    819          #if !_FS_READONLY
    820          
    821          FRESULT put_fat (
    822              FATFS *fs,  /* File system object */
    823              DWORD clst, /* Cluster# to be changed in range of 2 to fs->n_fatent - 1 */
    824              DWORD val   /* New value to mark the cluster */
    825          )
   \   03C7            put_fat:
   \   03C7  CD0000            CALL    ?ENT_AUTO_DIRECT_L09
   \   03CA  FEFF              DEFW    -2
   \   03CC  FDE5              PUSH    IY
   \   03CE  DD6E02            LD      L,(IX+2)
   \   03D1  DD6603            LD      H,(IX+3)
   \   03D4  E5                PUSH    HL
   \   03D5  FDE1              POP     IY
    826          {
    827          //  UINT bc;
    828              BYTE *p;
    829              FRESULT res;
    830          
    831          
   \   03D7  A7                AND     A
   \   03D8  DD6E08            LD      L,(IX+8)
   \   03DB  DD6609            LD      H,(IX+9)
   \   03DE  010200            LD      BC,2
   \   03E1  ED42              SBC     HL,BC
   \   03E3  DD6E0A            LD      L,(IX+10)
   \   03E6  DD660B            LD      H,(IX+11)
   \   03E9  0B                DEC     BC
   \   03EA  0B                DEC     BC
   \   03EB  ED42              SBC     HL,BC
   \   03ED  381E              JR      C,?0046
   \   03EF  DD6E08            LD      L,(IX+8)
   \   03F2  DD6609            LD      H,(IX+9)
   \   03F5  FD4E1B            LD      C,(IY+27)
   \   03F8  FD461C            LD      B,(IY+28)
   \   03FB  ED42              SBC     HL,BC
   \   03FD  DD6E0A            LD      L,(IX+10)
   \   0400  DD660B            LD      H,(IX+11)
   \   0403  FD4E1D            LD      C,(IY+29)
   \   0406  FD461E            LD      B,(IY+30)
   \   0409  ED42              SBC     HL,BC
   \   040B  3807              JR      C,?0045
   \   040D            ?0046:
   \   040D            ?0047:
   \   040D            ?0044:
    832              if (clst < 2 || clst >= fs->n_fatent) { /* Check range */
   \   040D  DD36FE02          LD      (IX-2),2
    833                  res = FR_INT_ERR;
    834          
   \   0411  C3E804            JP      ?0048
   \   0414            ?0045:
    835              } else {
   \   0414  FD7E00            LD      A,(IY+0)
   \   0417  FE02              CP      2
   \   0419  2051              JR      NZ,?0053
   \   041B            ?0050:
    836                  switch (fs->fs_type) {
    837          #if 0
    851          #endif
    852                  case FS_FAT16 :
   \   041B  FD6E25            LD      L,(IY+37)
   \   041E  FD6626            LD      H,(IY+38)
   \   0421  E5                PUSH    HL
   \   0422  FD6E23            LD      L,(IY+35)
   \   0425  FD6624            LD      H,(IY+36)
   \   0428  E5                PUSH    HL
   \   0429  DD4E0A            LD      C,(IX+10)
   \   042C  DD460B            LD      B,(IX+11)
   \   042F  DD6E09            LD      L,(IX+9)
   \   0432  61                LD      H,C
   \   0433  58                LD      E,B
   \   0434  1600              LD      D,0
   \   0436  C1                POP     BC
   \   0437  09                ADD     HL,BC
   \   0438  EB                EX      DE,HL
   \   0439  C1                POP     BC
   \   043A  ED4A              ADC     HL,BC
   \   043C  E5                PUSH    HL
   \   043D  D5                PUSH    DE
   \   043E  FDE5              PUSH    IY
   \   0440  D1                POP     DE
   \   0441  CD0000            CALL    move_window
   \   0444  E1                POP     HL
   \   0445  E1                POP     HL
   \   0446  DD77FE            LD      (IX-2),A
    853                      res = move_window(fs, fs->fatbase + (clst / (SS(fs) / 2)));
   \   0449  B7                OR      A
   \   044A  C2E404            JP      NZ,?0049
   \   044D            ?0051:
   \   044D            ?0052:
    854                      if (res != FR_OK) break;
   \   044D  DD6E08            LD      L,(IX+8)
   \   0450  DD6609            LD      H,(IX+9)
   \   0453  29                ADD     HL,HL
   \   0454  7C                LD      A,H
   \   0455  E601              AND     1
   \   0457  67                LD      H,A
   \   0458  FDE5              PUSH    IY
   \   045A  C1                POP     BC
   \   045B  09                ADD     HL,BC
   \   045C  013300            LD      BC,51
   \   045F  09                ADD     HL,BC
   \   0460  EB                EX      DE,HL
    855                      p = &fs->win[clst * 2 % SS(fs)];
   \   0461  DD6E0C            LD      L,(IX+12)
   \   0464  DD660D            LD      H,(IX+13)
   \   0467  E5                PUSH    HL
   \   0468  EB                EX      DE,HL
   \   0469  C1                POP     BC
   \   046A  186F              JR      ?1132
    856                      ST_WORD(p, (WORD)val);
   \   046C            ?0053:
   \   046C  FE03              CP      3
   \   046E  2070              JR      NZ,?0056
    857                      break;
    858          
    859                  case FS_FAT32 :
   \   0470  FD6E25            LD      L,(IY+37)
   \   0473  FD6626            LD      H,(IY+38)
   \   0476  E5                PUSH    HL
   \   0477  FD6E23            LD      L,(IY+35)
   \   047A  FD6624            LD      H,(IY+36)
   \   047D  E5                PUSH    HL
   \   047E  3E07              LD      A,7
   \   0480  CDF004            CALL    ?1297
   \   0483  59                LD      E,C
   \   0484  50                LD      D,B
   \   0485  C1                POP     BC
   \   0486  09                ADD     HL,BC
   \   0487  EB                EX      DE,HL
   \   0488  C1                POP     BC
   \   0489  ED4A              ADC     HL,BC
   \   048B  E5                PUSH    HL
   \   048C  D5                PUSH    DE
   \   048D  FDE5              PUSH    IY
   \   048F  D1                POP     DE
   \   0490  CD0000            CALL    move_window
   \   0493  E1                POP     HL
   \   0494  E1                POP     HL
   \   0495  DD77FE            LD      (IX-2),A
    860                      res = move_window(fs, fs->fatbase + (clst / (SS(fs) / 4)));
   \   0498  B7                OR      A
   \   0499  2049              JR      NZ,?0049
   \   049B            ?0054:
   \   049B            ?0055:
    861                      if (res != FR_OK) break;
   \   049B  DD6E08            LD      L,(IX+8)
   \   049E  DD6609            LD      H,(IX+9)
   \   04A1  29                ADD     HL,HL
   \   04A2  29                ADD     HL,HL
   \   04A3  7C                LD      A,H
   \   04A4  E601              AND     1
   \   04A6  67                LD      H,A
   \   04A7  FDE5              PUSH    IY
   \   04A9  C1                POP     BC
   \   04AA  09                ADD     HL,BC
   \   04AB  013300            LD      BC,51
   \   04AE  09                ADD     HL,BC
   \   04AF  EB                EX      DE,HL
    862                      p = &fs->win[clst * 4 % SS(fs)];
   \   04B0  D5                PUSH    DE
   \   04B1  211200            LD      HL,18
   \   04B4  39                ADD     HL,SP
   \   04B5  E5                PUSH    HL
   \   04B6  EB                EX      DE,HL
   \   04B7  23                INC     HL
   \   04B8  23                INC     HL
   \   04B9  23                INC     HL
   \   04BA  7E                LD      A,(HL)
   \   04BB  1E00              LD      E,0
   \   04BD  1600              LD      D,0
   \   04BF  48                LD      C,B
   \   04C0  E6F0              AND     240
   \   04C2  47                LD      B,A
   \   04C3  E1                POP     HL
   \   04C4  CD0000            CALL    ?L_ORASG_L03
   \   04C7  D1                POP     DE
    863                      val |= LD_DWORD(p) & 0xF0000000;
   \   04C8  DD4E0E            LD      C,(IX+14)
   \   04CB  DD460F            LD      B,(IX+15)
   \   04CE  DD6E0C            LD      L,(IX+12)
   \   04D1  DD660D            LD      H,(IX+13)
   \   04D4  E5                PUSH    HL
   \   04D5  EB                EX      DE,HL
   \   04D6  D1                POP     DE
   \   04D7  73                LD      (HL),E
   \   04D8  23                INC     HL
   \   04D9  72                LD      (HL),D
   \   04DA  23                INC     HL
   \   04DB            ?1132:
   \   04DB  71                LD      (HL),C
   \   04DC  23                INC     HL
   \   04DD  70                LD      (HL),B
    864                      ST_DWORD(p, val);
   \   04DE  1804              JR      ?0049
   \   04E0            ?0056:
    865                      break;
    866          
    867                  default :
   \   04E0  DD36FE02          LD      (IX-2),2
   \   04E4            ?0049:
    868                      res = FR_INT_ERR;
    869                  }
   \   04E4  FD360501          LD      (IY+5),1
   \   04E8            ?0048:
    870                  fs->wflag = 1;
    871              }
    872          
   \   04E8  DD7EFE            LD      A,(IX-2)
    873              return res;
   \   04EB  FDE1              POP     IY
   \   04ED  C30000            JP      ?LEAVE_DIRECT_L09
   \   04F0            ?1297:
   \   04F0  DD4E0A            LD      C,(IX+10)
   \   04F3  DD460B            LD      B,(IX+11)
   \   04F6  DD6E08            LD      L,(IX+8)
   \   04F9  DD6609            LD      H,(IX+9)
   \   04FC  C30000            JP      ?UL_RSH_L03
    874          }
    875          #endif /* !_FS_READONLY */
    876          
    877          
    878          
    879          
    880          /*-----------------------------------------------------------------------*/
    881          /* FAT handling - Remove a cluster chain                                 */
    882          /*-----------------------------------------------------------------------*/
    883          #if !_FS_READONLY
    884          static
    885          FRESULT remove_chain (
    886              FATFS *fs,          /* File system object */
    887              DWORD clst          /* Cluster# to remove a chain from */
    888          )
   \   04FF            remove_chain:
   \   04FF  CD0000            CALL    ?ENT_AUTO_DIRECT_L09
   \   0502  FAFF              DEFW    65530
   \   0504  FDE5              PUSH    IY
   \   0506  DD6E02            LD      L,(IX+2)
   \   0509  DD6603            LD      H,(IX+3)
   \   050C  E5                PUSH    HL
   \   050D  FDE1              POP     IY
    889          {
    890              FRESULT res;
    891              DWORD nxt;
    892          #if _USE_ERASE
    894          #endif
    895          
   \   050F  A7                AND     A
   \   0510  DD6E08            LD      L,(IX+8)
   \   0513  DD6609            LD      H,(IX+9)
   \   0516  010200            LD      BC,2
   \   0519  ED42              SBC     HL,BC
   \   051B  DD6E0A            LD      L,(IX+10)
   \   051E  DD660B            LD      H,(IX+11)
   \   0521  0B                DEC     BC
   \   0522  0B                DEC     BC
   \   0523  ED42              SBC     HL,BC
   \   0525  3873              JR      C,?1134
   \   0527  DD6E08            LD      L,(IX+8)
   \   052A  DD6609            LD      H,(IX+9)
   \   052D  FD4E1B            LD      C,(IY+27)
   \   0530  FD461C            LD      B,(IY+28)
   \   0533  ED42              SBC     HL,BC
   \   0535  DD6E0A            LD      L,(IX+10)
   \   0538  DD660B            LD      H,(IX+11)
   \   053B  FD4E1D            LD      C,(IY+29)
   \   053E  FD461E            LD      B,(IY+30)
   \   0541  ED42              SBC     HL,BC
   \   0543  3055              JR      NC,?1134
   \   0545            ?0059:
   \   0545            ?0060:
   \   0545            ?0057:
    896              if (clst < 2 || clst >= fs->n_fatent) { /* Check range */
    897                  res = FR_INT_ERR;
    898          
   \   0545            ?0058:
    899              } else {
   \   0545  DD36FA00          LD      (IX-6),0
   \   0549            ?0063:
    900                  res = FR_OK;
   \   0549  A7                AND     A
   \   054A  DD6E08            LD      L,(IX+8)
   \   054D  DD6609            LD      H,(IX+9)
   \   0550  FD4E1B            LD      C,(IY+27)
   \   0553  FD461C            LD      B,(IY+28)
   \   0556  ED42              SBC     HL,BC
   \   0558  DD6E0A            LD      L,(IX+10)
   \   055B  DD660B            LD      H,(IX+11)
   \   055E  FD4E1D            LD      C,(IY+29)
   \   0561  FD461E            LD      B,(IY+30)
   \   0564  ED42              SBC     HL,BC
   \   0566  D21906            JP      NC,?0062
   \   0569            ?0064:
    901                  while (clst < fs->n_fatent) {           /* Not a last link? */
   \   0569  DD6E0A            LD      L,(IX+10)
   \   056C  DD660B            LD      H,(IX+11)
   \   056F  E5                PUSH    HL
   \   0570  DD6E08            LD      L,(IX+8)
   \   0573  DD6609            LD      H,(IX+9)
   \   0576  E5                PUSH    HL
   \   0577  FDE5              PUSH    IY
   \   0579  D1                POP     DE
   \   057A  CDC102            CALL    get_fat
   \   057D  F1                POP     AF
   \   057E  F1                POP     AF
   \   057F  DD75FC            LD      (IX-4),L
   \   0582  DD74FD            LD      (IX-3),H
   \   0585  DD71FE            LD      (IX-2),C
   \   0588  DD70FF            LD      (IX-1),B
    902                      nxt = get_fat(fs, clst);            /* Get cluster status */
   \   058B  7D                LD      A,L
   \   058C  B4                OR      H
   \   058D  B1                OR      C
   \   058E  B0                OR      B
   \   058F  CA1906            JP      Z,?0062
   \   0592            ?0065:
   \   0592            ?0066:
    903                      if (nxt == 0) break;                /* Empty cluster? */
   \   0592  3E01              LD      A,1
   \   0594  AD                XOR     L
   \   0595  B4                OR      H
   \   0596  B1                OR      C
   \   0597  B0                OR      B
   \   0598  2006              JR      NZ,?0068
   \   059A            ?0067:
   \   059A            ?1134:
   \   059A  DD36FA02          LD      (IX-6),2
   \   059E  1879              JR      ?0062
   \   05A0            ?0068:
    904                      if (nxt == 1) { res = FR_INT_ERR; break; }  /* Internal error? */
   \   05A0  7D                LD      A,L
   \   05A1  A4                AND     H
   \   05A2  A1                AND     C
   \   05A3  A0                AND     B
   \   05A4  3C                INC     A
   \   05A5  2006              JR      NZ,?0070
   \   05A7            ?0069:
   \   05A7  DD36FA01          LD      (IX-6),1
   \   05AB  186C              JR      ?0062
   \   05AD            ?0070:
    905                      if (nxt == 0xFFFFFFFF) { res = FR_DISK_ERR; break; }    /* Disk error? */
   \   05AD  210000            LD      HL,0
   \   05B0  E5                PUSH    HL
   \   05B1  E5                PUSH    HL
   \   05B2  DD6E0A            LD      L,(IX+10)
   \   05B5  DD660B            LD      H,(IX+11)
   \   05B8  E5                PUSH    HL
   \   05B9  DD6E08            LD      L,(IX+8)
   \   05BC  DD6609            LD      H,(IX+9)
   \   05BF  E5                PUSH    HL
   \   05C0  FDE5              PUSH    IY
   \   05C2  D1                POP     DE
   \   05C3  CDC703            CALL    put_fat
   \   05C6  E1                POP     HL
   \   05C7  E1                POP     HL
   \   05C8  E1                POP     HL
   \   05C9  E1                POP     HL
   \   05CA  DD77FA            LD      (IX-6),A
    906                      res = put_fat(fs, clst, 0);         /* Mark the cluster "empty" */
   \   05CD  B7                OR      A
   \   05CE  2049              JR      NZ,?0062
   \   05D0            ?0071:
   \   05D0            ?0072:
    907                      if (res != FR_OK) break;
   \   05D0  FD7E0F            LD      A,(IY+15)
   \   05D3  FDA610            AND     (IY+16)
   \   05D6  FDA611            AND     (IY+17)
   \   05D9  FDA612            AND     (IY+18)
   \   05DC  3C                INC     A
   \   05DD  281F              JR      Z,?0074
   \   05DF            ?0073:
    908                      if (fs->free_clust != 0xFFFFFFFF) { /* Update FSInfo */
   \   05DF  FD6E0F            LD      L,(IY+15)
   \   05E2  FD6610            LD      H,(IY+16)
   \   05E5  FD4E11            LD      C,(IY+17)
   \   05E8  FD4612            LD      B,(IY+18)
   \   05EB  CD0000            CALL    ?L_INC_L03
   \   05EE  FD750F            LD      (IY+15),L
   \   05F1  FD7410            LD      (IY+16),H
   \   05F4  FD7111            LD      (IY+17),C
   \   05F7  FD7012            LD      (IY+18),B
    909                          fs->free_clust++;
   \   05FA  FD360601          LD      (IY+6),1
   \   05FE            ?0074:
    910                          fs->fsi_flag = 1;
    911                      }
    912          #if _USE_ERASE
    921          #endif
   \   05FE  DD4EFE            LD      C,(IX-2)
   \   0601  DD46FF            LD      B,(IX-1)
   \   0604  DD6EFC            LD      L,(IX-4)
   \   0607  DD66FD            LD      H,(IX-3)
   \   060A  DD7508            LD      (IX+8),L
   \   060D  DD7409            LD      (IX+9),H
   \   0610  DD710A            LD      (IX+10),C
   \   0613  DD700B            LD      (IX+11),B
    922                      clst = nxt; /* Next cluster */
    923                  }
   \   0616  C34905            JP      ?0063
   \   0619            ?0062:
   \   0619            ?0061:
    924              }
    925          
   \   0619  DD7EFA            LD      A,(IX-6)
    926              return res;
   \   061C  FDE1              POP     IY
   \   061E  C30000            JP      ?LEAVE_DIRECT_L09
    927          }
    928          #endif
    929          
    930          
    931          
    932          
    933          /*-----------------------------------------------------------------------*/
    934          /* FAT handling - Stretch or Create a cluster chain                      */
    935          /*-----------------------------------------------------------------------*/
    936          #if !_FS_READONLY
    937          static
    938          DWORD create_chain (    /* 0:No free cluster, 1:Internal error, 0xFFFFFFFF:Disk error, >=2:New cluster# */
    939              FATFS *fs,          /* File system object */
    940              DWORD clst          /* Cluster# to stretch. 0 means create a new chain. */
    941          )
   \   0621            create_chain:
   \   0621  CD0000            CALL    ?ENT_AUTO_DIRECT_L09
   \   0624  F2FF              DEFW    65522
   \   0626  FDE5              PUSH    IY
   \   0628  DD6E02            LD      L,(IX+2)
   \   062B  DD6603            LD      H,(IX+3)
   \   062E  E5                PUSH    HL
   \   062F  FDE1              POP     IY
    942          {
    943              DWORD cs, ncl, scl;
    944              FRESULT res;
    945          
    946          
   \   0631  DD7E08            LD      A,(IX+8)
   \   0634  DDB609            OR      (IX+9)
   \   0637  DDB60A            OR      (IX+10)
   \   063A  DDB60B            OR      (IX+11)
   \   063D  2046              JR      NZ,?0076
   \   063F            ?0075:
    947              if (clst == 0) {        /* Create a new chain */
   \   063F  FD4E0D            LD      C,(IY+13)
   \   0642  FD460E            LD      B,(IY+14)
   \   0645  FD6E0B            LD      L,(IY+11)
   \   0648  DD75FA            LD      (IX-6),L
   \   064B  FD660C            LD      H,(IY+12)
   \   064E  DD74FB            LD      (IX-5),H
   \   0651  DD71FC            LD      (IX-4),C
   \   0654  DD70FD            LD      (IX-3),B
    948                  scl = fs->last_clust;           /* Get suggested start point */
   \   0657  7D                LD      A,L
   \   0658  B4                OR      H
   \   0659  B1                OR      C
   \   065A  B0                OR      B
   \   065B  2818              JR      Z,?0079
   \   065D  FD4E1B            LD      C,(IY+27)
   \   0660  FD461C            LD      B,(IY+28)
   \   0663  ED42              SBC     HL,BC
   \   0665  DD6EFC            LD      L,(IX-4)
   \   0668  DD66FD            LD      H,(IX-3)
   \   066B  FD4E1D            LD      C,(IY+29)
   \   066E  FD461E            LD      B,(IY+30)
   \   0671  ED42              SBC     HL,BC
   \   0673  387E              JR      C,?0081
   \   0675            ?0079:
   \   0675            ?0080:
   \   0675            ?0077:
   \   0675  AF                XOR     A
   \   0676  DD36FA01          LD      (IX-6),1
   \   067A  DD77FB            LD      (IX-5),A
   \   067D  DD77FC            LD      (IX-4),A
   \   0680  DD77FD            LD      (IX-3),A
   \   0683            ?0078:
    949                  if (!scl || scl >= fs->n_fatent) scl = 1;
    950              }
   \   0683  186E              JR      ?0081
   \   0685            ?0076:
    951              else {                  /* Stretch the current chain */
   \   0685  DD6E0A            LD      L,(IX+10)
   \   0688  DD660B            LD      H,(IX+11)
   \   068B  E5                PUSH    HL
   \   068C  DD6E08            LD      L,(IX+8)
   \   068F  DD6609            LD      H,(IX+9)
   \   0692  E5                PUSH    HL
   \   0693  FDE5              PUSH    IY
   \   0695  D1                POP     DE
   \   0696  CDC102            CALL    get_fat
   \   0699  F1                POP     AF
   \   069A  F1                POP     AF
   \   069B  DD75F6            LD      (IX-10),L
   \   069E  DD74F7            LD      (IX-9),H
   \   06A1  DD71F8            LD      (IX-8),C
   \   06A4  DD70F9            LD      (IX-7),B
    952                  cs = get_fat(fs, clst);         /* Check the cluster status */
   \   06A7  59                LD      E,C
   \   06A8  50                LD      D,B
   \   06A9  A7                AND     A
   \   06AA  010200            LD      BC,2
   \   06AD  ED42              SBC     HL,BC
   \   06AF  EB                EX      DE,HL
   \   06B0  0B                DEC     BC
   \   06B1  0B                DEC     BC
   \   06B2  ED42              SBC     HL,BC
   \   06B4  3006              JR      NC,?0083
   \   06B6            ?0082:
   \   06B6  210100            LD      HL,1
    953                  if (cs < 2) return 1;           /* It is an invalid cluster */
   \   06B9  C3A708            JP      ?0112
   \   06BC            ?0083:
   \   06BC  DD6EF6            LD      L,(IX-10)
   \   06BF  DD66F7            LD      H,(IX-9)
   \   06C2  FD4E1B            LD      C,(IY+27)
   \   06C5  FD461C            LD      B,(IY+28)
   \   06C8  ED42              SBC     HL,BC
   \   06CA  DD6EF8            LD      L,(IX-8)
   \   06CD  DD66F9            LD      H,(IX-7)
   \   06D0  FD4E1D            LD      C,(IY+29)
   \   06D3  FD461E            LD      B,(IY+30)
   \   06D6  ED42              SBC     HL,BC
   \   06D8  DA9B07            JP      C,?0096
   \   06DB            ?0084:
    954                  if (cs < fs->n_fatent) return cs;   /* It is already followed by next cluster */
   \   06DB            ?0085:
   \   06DB  DD4E0A            LD      C,(IX+10)
   \   06DE  DD460B            LD      B,(IX+11)
   \   06E1  DD6E08            LD      L,(IX+8)
   \   06E4  DD6609            LD      H,(IX+9)
   \   06E7  DD75FA            LD      (IX-6),L
   \   06EA  DD74FB            LD      (IX-5),H
   \   06ED  DD71FC            LD      (IX-4),C
   \   06F0  DD70FD            LD      (IX-3),B
   \   06F3            ?0081:
    955                  scl = clst;
    956              }
    957          
   \   06F3  DD4EFC            LD      C,(IX-4)
   \   06F6  DD46FD            LD      B,(IX-3)
   \   06F9  DD6EFA            LD      L,(IX-6)
   \   06FC  DD66FB            LD      H,(IX-5)
   \   06FF  DD75F2            LD      (IX-14),L
   \   0702  DD74F3            LD      (IX-13),H
   \   0705  DD71F4            LD      (IX-12),C
   \   0708  DD70F5            LD      (IX-11),B
   \   070B            ?0087:
    958              ncl = scl;              /* Start cluster */
    959              for (;;) {
   \   070B  DD6EF2            LD      L,(IX-14)
   \   070E  DD66F3            LD      H,(IX-13)
   \   0711  DD4EF4            LD      C,(IX-12)
   \   0714  DD46F5            LD      B,(IX-11)
   \   0717  CD0000            CALL    ?L_INC_L03
   \   071A  DD75F2            LD      (IX-14),L
   \   071D  DD74F3            LD      (IX-13),H
   \   0720  DD71F4            LD      (IX-12),C
   \   0723  DD70F5            LD      (IX-11),B
    960                  ncl++;                          /* Next cluster */
   \   0726  A7                AND     A
   \   0727  FD4E1B            LD      C,(IY+27)
   \   072A  FD461C            LD      B,(IY+28)
   \   072D  ED42              SBC     HL,BC
   \   072F  DD6EF4            LD      L,(IX-12)
   \   0732  DD66F5            LD      H,(IX-11)
   \   0735  FD4E1D            LD      C,(IY+29)
   \   0738  FD461E            LD      B,(IY+30)
   \   073B  ED42              SBC     HL,BC
   \   073D  3825              JR      C,?0091
   \   073F            ?0088:
    961                  if (ncl >= fs->n_fatent) {      /* Wrap around */
   \   073F  AF                XOR     A
   \   0740  DD36F202          LD      (IX-14),2
   \   0744  DD77F3            LD      (IX-13),A
   \   0747  DD77F4            LD      (IX-12),A
   \   074A  DD77F5            LD      (IX-11),A
    962                      ncl = 2;
   \   074D  DD6EFA            LD      L,(IX-6)
   \   0750  DD66FB            LD      H,(IX-5)
   \   0753  010200            LD      BC,2
   \   0756  ED42              SBC     HL,BC
   \   0758  DD6EFC            LD      L,(IX-4)
   \   075B  DD66FD            LD      H,(IX-3)
   \   075E  0B                DEC     BC
   \   075F  0B                DEC     BC
   \   0760  ED42              SBC     HL,BC
   \   0762  3866              JR      C,?1136
   \   0764            ?0090:
    963                      if (ncl > scl) return 0;    /* No free cluster */
   \   0764            ?0091:
   \   0764            ?0089:
    964                  }
   \   0764  DD6EF4            LD      L,(IX-12)
   \   0767  DD66F5            LD      H,(IX-11)
   \   076A  E5                PUSH    HL
   \   076B  DD6EF2            LD      L,(IX-14)
   \   076E  DD66F3            LD      H,(IX-13)
   \   0771  E5                PUSH    HL
   \   0772  FDE5              PUSH    IY
   \   0774  D1                POP     DE
   \   0775  CDC102            CALL    get_fat
   \   0778  F1                POP     AF
   \   0779  F1                POP     AF
   \   077A  DD75F6            LD      (IX-10),L
   \   077D  DD74F7            LD      (IX-9),H
   \   0780  DD71F8            LD      (IX-8),C
   \   0783  DD70F9            LD      (IX-7),B
    965                  cs = get_fat(fs, ncl);          /* Get the cluster status */
   \   0786  7D                LD      A,L
   \   0787  B4                OR      H
   \   0788  B1                OR      C
   \   0789  B0                OR      B
   \   078A  2849              JR      Z,?0086
   \   078C            ?0092:
   \   078C            ?0093:
    966                  if (cs == 0) break;             /* Found a free cluster */
   \   078C  7D                LD      A,L
   \   078D  A4                AND     H
   \   078E  A1                AND     C
   \   078F  A0                AND     B
   \   0790  3C                INC     A
   \   0791  2808              JR      Z,?0096
   \   0793  3E01              LD      A,1
   \   0795  AD                XOR     L
   \   0796  B4                OR      H
   \   0797  B1                OR      C
   \   0798  B0                OR      B
   \   0799  200F              JR      NZ,?0095
   \   079B            ?0096:
   \   079B            ?0097:
   \   079B            ?0094:
    967                  if (cs == 0xFFFFFFFF || cs == 1)/* An error occurred */
   \   079B  DD4EF8            LD      C,(IX-8)
   \   079E  DD46F9            LD      B,(IX-7)
   \   07A1  DD6EF6            LD      L,(IX-10)
   \   07A4  DD66F7            LD      H,(IX-9)
    968                      return cs;
   \   07A7  C3A708            JP      ?0112
   \   07AA            ?0095:
   \   07AA  DD6EF2            LD      L,(IX-14)
   \   07AD  DD66F3            LD      H,(IX-13)
   \   07B0  DD4EFA            LD      C,(IX-6)
   \   07B3  DD46FB            LD      B,(IX-5)
   \   07B6  ED42              SBC     HL,BC
   \   07B8  2018              JR      NZ,?0099
   \   07BA  DD6EF4            LD      L,(IX-12)
   \   07BD  DD66F5            LD      H,(IX-11)
   \   07C0  DD4EFC            LD      C,(IX-4)
   \   07C3  DD46FD            LD      B,(IX-3)
   \   07C6  ED42              SBC     HL,BC
   \   07C8  2008              JR      NZ,?0099
   \   07CA            ?0098:
   \   07CA            ?1136:
   \   07CA  010000            LD      BC,0
   \   07CD  69                LD      L,C
   \   07CE  60                LD      H,B
    969                  if (ncl == scl) return 0;       /* No free cluster */
   \   07CF  C3A708            JP      ?0112
   \   07D2            ?0099:
    970              }
    971          
   \   07D2  C30B07            JP      ?0087
   \   07D5            ?0086:
   \   07D5  21FF0F            LD      HL,4095
   \   07D8  E5                PUSH    HL
   \   07D9  65                LD      H,L
   \   07DA  E5                PUSH    HL
   \   07DB  DD6EF4            LD      L,(IX-12)
   \   07DE  DD66F5            LD      H,(IX-11)
   \   07E1  E5                PUSH    HL
   \   07E2  DD6EF2            LD      L,(IX-14)
   \   07E5  DD66F3            LD      H,(IX-13)
   \   07E8  E5                PUSH    HL
   \   07E9  FDE5              PUSH    IY
   \   07EB  D1                POP     DE
   \   07EC  CDC703            CALL    put_fat
   \   07EF  E1                POP     HL
   \   07F0  E1                POP     HL
   \   07F1  E1                POP     HL
   \   07F2  E1                POP     HL
   \   07F3  DD77FE            LD      (IX-2),A
    972              res = put_fat(fs, ncl, 0x0FFFFFFF); /* Mark the new cluster "last link" */
   \   07F6  B7                OR      A
   \   07F7  2037              JR      NZ,?0101
   \   07F9  DD7E08            LD      A,(IX+8)
   \   07FC  DDB609            OR      (IX+9)
   \   07FF  DDB60A            OR      (IX+10)
   \   0802  DDB60B            OR      (IX+11)
   \   0805  2829              JR      Z,?0101
   \   0807            ?0103:
   \   0807            ?0102:
   \   0807            ?0100:
    973              if (res == FR_OK && clst != 0) {
   \   0807  DD6EF4            LD      L,(IX-12)
   \   080A  DD66F5            LD      H,(IX-11)
   \   080D  E5                PUSH    HL
   \   080E  DD6EF2            LD      L,(IX-14)
   \   0811  DD66F3            LD      H,(IX-13)
   \   0814  E5                PUSH    HL
   \   0815  DD6E0A            LD      L,(IX+10)
   \   0818  DD660B            LD      H,(IX+11)
   \   081B  E5                PUSH    HL
   \   081C  DD6E08            LD      L,(IX+8)
   \   081F  DD6609            LD      H,(IX+9)
   \   0822  E5                PUSH    HL
   \   0823  FDE5              PUSH    IY
   \   0825  D1                POP     DE
   \   0826  CDC703            CALL    put_fat
   \   0829  E1                POP     HL
   \   082A  E1                POP     HL
   \   082B  E1                POP     HL
   \   082C  E1                POP     HL
   \   082D  DD77FE            LD      (IX-2),A
   \   0830            ?0101:
    974                  res = put_fat(fs, clst, ncl);   /* Link it to the previous one if needed */
    975              }
   \   0830  AF                XOR     A
   \   0831  DDB6FE            OR      (IX-2)
   \   0834  2048              JR      NZ,?0105
   \   0836            ?0104:
    976              if (res == FR_OK) {
   \   0836  DD4EF4            LD      C,(IX-12)
   \   0839  DD46F5            LD      B,(IX-11)
   \   083C  DD6EF2            LD      L,(IX-14)
   \   083F  FD750B            LD      (IY+11),L
   \   0842  DD66F3            LD      H,(IX-13)
   \   0845  FD740C            LD      (IY+12),H
   \   0848  FD710D            LD      (IY+13),C
   \   084B  FD700E            LD      (IY+14),B
    977                  fs->last_clust = ncl;           /* Update FSINFO */
   \   084E  FD7E0F            LD      A,(IY+15)
   \   0851  FDA610            AND     (IY+16)
   \   0854  FDA611            AND     (IY+17)
   \   0857  FDA612            AND     (IY+18)
   \   085A  3C                INC     A
   \   085B  283E              JR      Z,?0108
   \   085D            ?0106:
    978                  if (fs->free_clust != 0xFFFFFFFF) {
   \   085D  FD6E0F            LD      L,(IY+15)
   \   0860  FD6610            LD      H,(IY+16)
   \   0863  FD4E11            LD      C,(IY+17)
   \   0866  FD4612            LD      B,(IY+18)
   \   0869  CD0000            CALL    ?L_DEC_L03
   \   086C  FD750F            LD      (IY+15),L
   \   086F  FD7410            LD      (IY+16),H
   \   0872  FD7111            LD      (IY+17),C
   \   0875  FD7012            LD      (IY+18),B
    979                      fs->free_clust--;
   \   0878  FD360601          LD      (IY+6),1
   \   087C            ?0107:
    980                      fs->fsi_flag = 1;
    981                  }
   \   087C  181D              JR      ?0108
   \   087E            ?0105:
    982              } else {
   \   087E  47                LD      B,A
   \   087F  05                DEC     B
   \   0880  2007              JR      NZ,?0110
   \   0882  01FFFF            LD      BC,65535
   \   0885  69                LD      L,C
   \   0886  60                LD      H,B
   \   0887  1806              JR      ?0111
   \   0889            ?0110:
   \   0889  010000            LD      BC,0
   \   088C  210100            LD      HL,1
   \   088F            ?0111:
   \   088F  DD75F2            LD      (IX-14),L
   \   0892  DD74F3            LD      (IX-13),H
   \   0895  DD71F4            LD      (IX-12),C
   \   0898  DD70F5            LD      (IX-11),B
   \   089B            ?0108:
    983                  ncl = (res == FR_DISK_ERR) ? 0xFFFFFFFF : 1;
    984              }
    985          
   \   089B  DD4EF4            LD      C,(IX-12)
   \   089E  DD46F5            LD      B,(IX-11)
   \   08A1  DD6EF2            LD      L,(IX-14)
   \   08A4  DD66F3            LD      H,(IX-13)
    986              return ncl;     /* Return new cluster number or error code */
   \   08A7            ?0112:
   \   08A7  FDE1              POP     IY
   \   08A9  C30000            JP      ?LEAVE_32_L09
    987          }
    988          #endif /* !_FS_READONLY */
    989          
    990          
    991          
    992          /*-----------------------------------------------------------------------*/
    993          /* FAT handling - Convert offset into cluster with link map table        */
    994          /*-----------------------------------------------------------------------*/
    995          
    996          #if _USE_FASTSEEK
   1016          #endif  /* _USE_FASTSEEK */
   1017          
   1018          
   1019          
   1020          /*-----------------------------------------------------------------------*/
   1021          /* Directory handling - Set directory index                              */
   1022          /*-----------------------------------------------------------------------*/
   1023          
   1024          static
   1025          FRESULT dir_sdi (
   1026              DIR *dj,        /* Pointer to directory object */
   1027              WORD idx        /* Directory index number */
   1028          )
   \   08AC            dir_sdi:
   \   08AC  CD0000            CALL    ?ENT_AUTO_DIRECT_L09
   \   08AF  FCFF              DEFW    -4
   \   08B1  FDE5              PUSH    IY
   \   08B3  D9                EXX
   \   08B4  C5                PUSH    BC
   \   08B5  D5                PUSH    DE
   \   08B6  D9                EXX
   \   08B7  C5                PUSH    BC
   \   08B8  D9                EXX
   \   08B9  D1                POP     DE
   \   08BA  D9                EXX
   \   08BB  DD6E02            LD      L,(IX+2)
   \   08BE  DD6603            LD      H,(IX+3)
   \   08C1  E5                PUSH    HL
   \   08C2  FDE1              POP     IY
   1029          {
   1030              DWORD clst;
   1031              WORD ic;
   1032          
   1033          
   \   08C4  FD7104            LD      (IY+4),C
   \   08C7  FD7005            LD      (IY+5),B
   1034              dj->index = idx;
   \   08CA  FD4E08            LD      C,(IY+8)
   \   08CD  FD4609            LD      B,(IY+9)
   \   08D0  FD6E06            LD      L,(IY+6)
   \   08D3  DD75FC            LD      (IX-4),L
   \   08D6  FD6607            LD      H,(IY+7)
   \   08D9  DD74FD            LD      (IX-3),H
   \   08DC  DD71FE            LD      (IX-2),C
   \   08DF  DD70FF            LD      (IX-1),B
   1035              clst = dj->sclust;
   \   08E2  3E01              LD      A,1
   \   08E4  AD                XOR     L
   \   08E5  B4                OR      H
   \   08E6  B1                OR      C
   \   08E7  B0                OR      B
   \   08E8  2828              JR      Z,?0115
   \   08EA  FD6E00            LD      L,(IY+0)
   \   08ED  FD6601            LD      H,(IY+1)
   \   08F0  011B00            LD      BC,27
   \   08F3  09                ADD     HL,BC
   \   08F4  4E                LD      C,(HL)
   \   08F5  23                INC     HL
   \   08F6  46                LD      B,(HL)
   \   08F7  23                INC     HL
   \   08F8  5E                LD      E,(HL)
   \   08F9  23                INC     HL
   \   08FA  56                LD      D,(HL)
   \   08FB  D5                PUSH    DE
   \   08FC  C5                PUSH    BC
   \   08FD  A7                AND     A
   \   08FE  DD6EFC            LD      L,(IX-4)
   \   0901  DD66FD            LD      H,(IX-3)
   \   0904  C1                POP     BC
   \   0905  ED42              SBC     HL,BC
   \   0907  DD6EFE            LD      L,(IX-2)
   \   090A  DD66FF            LD      H,(IX-1)
   \   090D  C1                POP     BC
   \   090E  ED42              SBC     HL,BC
   \   0910  3802              JR      C,?0114
   \   0912            ?0115:
   \   0912            ?0116:
   \   0912            ?0113:
   1036              if (clst == 1 || clst >= dj->fs->n_fatent)  /* Check start cluster range */
   \   0912  1867              JR      ?1138
   1037                  return FR_INT_ERR;
   \   0914            ?0114:
   \   0914  DD7EFC            LD      A,(IX-4)
   \   0917  DDB6FD            OR      (IX-3)
   \   091A  DDB6FE            OR      (IX-2)
   \   091D  DDB6FF            OR      (IX-1)
   \   0920  2029              JR      NZ,?0118
   \   0922  FD6E00            LD      L,(IY+0)
   \   0925  FD6601            LD      H,(IY+1)
   \   0928  7E                LD      A,(HL)
   \   0929  FE03              CP      3
   \   092B  201E              JR      NZ,?0118
   \   092D            ?0120:
   \   092D            ?0119:
   \   092D            ?0117:
   1038              if (!clst && dj->fs->fs_type == FS_FAT32)   /* Replace cluster# 0 with root cluster# if in FAT32 */
   \   092D  FD6E00            LD      L,(IY+0)
   \   0930  FD6601            LD      H,(IY+1)
   \   0933  012700            LD      BC,39
   \   0936  09                ADD     HL,BC
   \   0937  5E                LD      E,(HL)
   \   0938  23                INC     HL
   \   0939  56                LD      D,(HL)
   \   093A  23                INC     HL
   \   093B  4E                LD      C,(HL)
   \   093C  23                INC     HL
   \   093D  46                LD      B,(HL)
   \   093E  EB                EX      DE,HL
   \   093F  DD75FC            LD      (IX-4),L
   \   0942  DD74FD            LD      (IX-3),H
   \   0945  DD71FE            LD      (IX-2),C
   \   0948  DD70FF            LD      (IX-1),B
   \   094B            ?0118:
   1039                  clst = dj->fs->dirbase;
   1040          
   \   094B  DD7EFC            LD      A,(IX-4)
   \   094E  DDB6FD            OR      (IX-3)
   \   0951  DDB6FE            OR      (IX-2)
   \   0954  DDB6FF            OR      (IX-1)
   \   0957  203B              JR      NZ,?0122
   \   0959            ?0121:
   1041              if (clst == 0) {    /* Static table (root-dir in FAT12/16) */
   \   0959  FD770A            LD      (IY+10),A
   \   095C  FD770B            LD      (IY+11),A
   \   095F  FD770C            LD      (IY+12),A
   \   0962  FD770D            LD      (IY+13),A
   1042                  dj->clust = 0; //clst;
   \   0965  FD6E00            LD      L,(IY+0)
   \   0968  FD6601            LD      H,(IY+1)
   \   096B  010900            LD      BC,9
   \   096E  09                ADD     HL,BC
   \   096F  4E                LD      C,(HL)
   \   0970  23                INC     HL
   \   0971  46                LD      B,(HL)
   \   0972  D9                EXX
   \   0973  D5                PUSH    DE
   \   0974  D9                EXX
   \   0975  E1                POP     HL
   \   0976  A7                AND     A
   \   0977  ED42              SBC     HL,BC
   \   0979  3803              JR      C,?0124
   \   097B            ?0123:
   1043                  if (idx >= dj->fs->n_rootdir)       /* Index is out of range */
   \   097B            ?1138:
   \   097B  C3160A            JP      ?0133
   1044                      return FR_INT_ERR;
   \   097E            ?0124:
   \   097E  FD6E00            LD      L,(IY+0)
   \   0981  FD6601            LD      H,(IY+1)
   \   0984  012700            LD      BC,39
   \   0987  09                ADD     HL,BC
   \   0988  4E                LD      C,(HL)
   \   0989  23                INC     HL
   \   098A  46                LD      B,(HL)
   \   098B  23                INC     HL
   \   098C  5E                LD      E,(HL)
   \   098D  23                INC     HL
   \   098E  56                LD      D,(HL)
   \   098F  D5                PUSH    DE
   \   0990  C5                PUSH    BC
   \   0991  C34D0A            JP      ?1137
   1045                  dj->sect = dj->fs->dirbase + idx / (SS(dj->fs) / SZ_DIR);   /* Sector# */
   1046              }
   \   0994            ?0122:
   1047              else {              /* Dynamic table (sub-dirs or root-dir in FAT32) */
   \   0994  FD6E00            LD      L,(IY+0)
   \   0997  FD6601            LD      H,(IY+1)
   \   099A  23                INC     HL
   \   099B  23                INC     HL
   \   099C  23                INC     HL
   \   099D  6E                LD      L,(HL)
   \   099E  2600              LD      H,0
   \   09A0  29                ADD     HL,HL
   \   09A1  29                ADD     HL,HL
   \   09A2  29                ADD     HL,HL
   \   09A3  29                ADD     HL,HL
   \   09A4  E5                PUSH    HL
   \   09A5  D9                EXX
   \   09A6  C1                POP     BC
   \   09A7            ?1140:
   \   09A7            ?0127:
   1048                  ic = SS(dj->fs) / SZ_DIR * dj->fs->csize;   /* Entries per cluster */
   \   09A7  C5                PUSH    BC
   \   09A8  D9                EXX
   \   09A9  C1                POP     BC
   \   09AA  D9                EXX
   \   09AB  D5                PUSH    DE
   \   09AC  D9                EXX
   \   09AD  E1                POP     HL
   \   09AE  A7                AND     A
   \   09AF  ED42              SBC     HL,BC
   \   09B1  3871              JR      C,?0126
   \   09B3            ?0128:
   1049                  while (idx >= ic) { /* Follow cluster chain */
   \   09B3  DD6EFE            LD      L,(IX-2)
   \   09B6  DD66FF            LD      H,(IX-1)
   \   09B9  E5                PUSH    HL
   \   09BA  DD6EFC            LD      L,(IX-4)
   \   09BD  DD66FD            LD      H,(IX-3)
   \   09C0  E5                PUSH    HL
   \   09C1  CD9D0A            CALL    ?1298
   \   09C4  F1                POP     AF
   \   09C5  F1                POP     AF
   \   09C6  DD75FC            LD      (IX-4),L
   \   09C9  DD74FD            LD      (IX-3),H
   \   09CC  DD71FE            LD      (IX-2),C
   \   09CF  DD70FF            LD      (IX-1),B
   1050                      clst = get_fat(dj->fs, clst);               /* Get next cluster */
   \   09D2  7D                LD      A,L
   \   09D3  A4                AND     H
   \   09D4  A1                AND     C
   \   09D5  A0                AND     B
   \   09D6  3C                INC     A
   \   09D7  2005              JR      NZ,?0130
   \   09D9            ?0129:
   \   09D9  3E01              LD      A,1
   1051                      if (clst == 0xFFFFFFFF) return FR_DISK_ERR; /* Disk error */
   \   09DB  C3940A            JP      ?0135
   \   09DE            ?0130:
   \   09DE  010200            LD      BC,2
   \   09E1  ED42              SBC     HL,BC
   \   09E3  DD6EFE            LD      L,(IX-2)
   \   09E6  DD66FF            LD      H,(IX-1)
   \   09E9  0B                DEC     BC
   \   09EA  0B                DEC     BC
   \   09EB  ED42              SBC     HL,BC
   \   09ED  3827              JR      C,?0133
   \   09EF  FD6E00            LD      L,(IY+0)
   \   09F2  FD6601            LD      H,(IY+1)
   \   09F5  0E1B              LD      C,27
   \   09F7  09                ADD     HL,BC
   \   09F8  4E                LD      C,(HL)
   \   09F9  23                INC     HL
   \   09FA  46                LD      B,(HL)
   \   09FB  23                INC     HL
   \   09FC  5E                LD      E,(HL)
   \   09FD  23                INC     HL
   \   09FE  56                LD      D,(HL)
   \   09FF  D5                PUSH    DE
   \   0A00  C5                PUSH    BC
   \   0A01  A7                AND     A
   \   0A02  DD6EFC            LD      L,(IX-4)
   \   0A05  DD66FD            LD      H,(IX-3)
   \   0A08  C1                POP     BC
   \   0A09  ED42              SBC     HL,BC
   \   0A0B  DD6EFE            LD      L,(IX-2)
   \   0A0E  DD66FF            LD      H,(IX-1)
   \   0A11  C1                POP     BC
   \   0A12  ED42              SBC     HL,BC
   \   0A14  3804              JR      C,?0132
   \   0A16            ?0133:
   \   0A16            ?0134:
   \   0A16            ?0131:
   1052                      if (clst < 2 || clst >= dj->fs->n_fatent)   /* Reached to end of table or int error */
   \   0A16  3E02              LD      A,2
   1053                          return FR_INT_ERR;
   \   0A18  187A              JR      ?0135
   \   0A1A            ?0132:
   \   0A1A  D9                EXX
   \   0A1B  C5                PUSH    BC
   \   0A1C  EB                EX      DE,HL
   \   0A1D  D1                POP     DE
   \   0A1E  A7                AND     A
   \   0A1F  ED52              SBC     HL,DE
   \   0A21  EB                EX      DE,HL
   \   0A22  1883              JR      ?1140
   1054                      idx -= ic;
   1055                  }
   \   0A24            ?0126:
   \   0A24  DD4EFE            LD      C,(IX-2)
   \   0A27  DD46FF            LD      B,(IX-1)
   \   0A2A  DD6EFC            LD      L,(IX-4)
   \   0A2D  FD750A            LD      (IY+10),L
   \   0A30  DD66FD            LD      H,(IX-3)
   \   0A33  FD740B            LD      (IY+11),H
   \   0A36  FD710C            LD      (IY+12),C
   \   0A39  FD700D            LD      (IY+13),B
   1056                  dj->clust = clst;
   \   0A3C  69                LD      L,C
   \   0A3D  60                LD      H,B
   \   0A3E  C5                PUSH    BC
   \   0A3F  DD6EFC            LD      L,(IX-4)
   \   0A42  DD66FD            LD      H,(IX-3)
   \   0A45  E5                PUSH    HL
   \   0A46  CDA60A            CALL    ?1299
   \   0A49  F1                POP     AF
   \   0A4A  F1                POP     AF
   \   0A4B  C5                PUSH    BC
   \   0A4C  E5                PUSH    HL
   \   0A4D            ?1137:
   \   0A4D  0604              LD      B,4
   \   0A4F  D9                EXX
   \   0A50  D5                PUSH    DE
   \   0A51  D9                EXX
   \   0A52  D1                POP     DE
   \   0A53  CD0000            CALL    ?US_RSH_L02
   \   0A56  EB                EX      DE,HL
   \   0A57  110000            LD      DE,0
   \   0A5A  C1                POP     BC
   \   0A5B  09                ADD     HL,BC
   \   0A5C  EB                EX      DE,HL
   \   0A5D  C1                POP     BC
   \   0A5E  ED4A              ADC     HL,BC
   \   0A60  4D                LD      C,L
   \   0A61  44                LD      B,H
   \   0A62  EB                EX      DE,HL
   \   0A63  FD750E            LD      (IY+14),L
   \   0A66  FD740F            LD      (IY+15),H
   \   0A69  FD7110            LD      (IY+16),C
   \   0A6C  FD7011            LD      (IY+17),B
   \   0A6F            ?0125:
   1057                  dj->sect = clust2sect(dj->fs, clst) + idx / (SS(dj->fs) / SZ_DIR);  /* Sector# */
   1058              }
   1059          
   \   0A6F  FD6E00            LD      L,(IY+0)
   \   0A72  FD6601            LD      H,(IY+1)
   \   0A75  013300            LD      BC,51
   \   0A78  09                ADD     HL,BC
   \   0A79  E5                PUSH    HL
   \   0A7A  D9                EXX
   \   0A7B  D5                PUSH    DE
   \   0A7C  D9                EXX
   \   0A7D  C1                POP     BC
   \   0A7E  79                LD      A,C
   \   0A7F  E60F              AND     15
   \   0A81  6F                LD      L,A
   \   0A82  2600              LD      H,0
   \   0A84  29                ADD     HL,HL
   \   0A85  29                ADD     HL,HL
   \   0A86  29                ADD     HL,HL
   \   0A87  29                ADD     HL,HL
   \   0A88  29                ADD     HL,HL
   \   0A89  4D                LD      C,L
   \   0A8A  44                LD      B,H
   \   0A8B  E1                POP     HL
   \   0A8C  09                ADD     HL,BC
   \   0A8D  FD7512            LD      (IY+18),L
   \   0A90  FD7413            LD      (IY+19),H
   1060              dj->dir = dj->fs->win + (idx % (SS(dj->fs) / SZ_DIR)) * SZ_DIR; /* Ptr to the entry in the sector */
   1061          
   \   0A93  AF                XOR     A
   1062              return FR_OK;   /* Seek succeeded */
   \   0A94            ?0135:
   \   0A94  D9                EXX
   \   0A95  D1                POP     DE
   \   0A96  C1                POP     BC
   \   0A97  D9                EXX
   \   0A98  FDE1              POP     IY
   \   0A9A  C30000            JP      ?LEAVE_DIRECT_L09
   \   0A9D            ?1298:
   \   0A9D  FD5E00            LD      E,(IY+0)
   \   0AA0  FD5601            LD      D,(IY+1)
   \   0AA3  C3C102            JP      get_fat
   \   0AA6            ?1299:
   \   0AA6  FD5E00            LD      E,(IY+0)
   \   0AA9  FD5601            LD      D,(IY+1)
   \   0AAC  C34402            JP      clust2sect
   1063          }
   1064          
   1065          
   1066          
   1067          
   1068          /*-----------------------------------------------------------------------*/
   1069          /* Directory handling - Move directory index next                        */
   1070          /*-----------------------------------------------------------------------*/
   1071          
   1072          static
   1073          FRESULT dir_next (  /* FR_OK:Succeeded, FR_NO_FILE:End of table, FR_DENIED:EOT and could not stretch */
   1074              DIR *dj,        /* Pointer to directory object */
   1075              int stretch     /* 0: Do not stretch table, 1: Stretch table if needed */
   1076          )
   \   0AAF            dir_next:
   \   0AAF  CD0000            CALL    ?ENT_AUTO_DIRECT_L09
   \   0AB2  F8FF              DEFW    65528
   \   0AB4  FDE5              PUSH    IY
   \   0AB6  D9                EXX
   \   0AB7  C5                PUSH    BC
   \   0AB8  D9                EXX
   \   0AB9  DD6E02            LD      L,(IX+2)
   \   0ABC  DD6603            LD      H,(IX+3)
   \   0ABF  E5                PUSH    HL
   \   0AC0  FDE1              POP     IY
   1077          {
   1078              DWORD clst;
   1079              WORD i;
   1080          
   1081          
   \   0AC2  FD6E04            LD      L,(IY+4)
   \   0AC5  FD6605            LD      H,(IY+5)
   \   0AC8  23                INC     HL
   \   0AC9  E5                PUSH    HL
   \   0ACA  D9                EXX
   \   0ACB  C1                POP     BC
   \   0ACC  D9                EXX
   1082              i = dj->index + 1;
   \   0ACD  7D                LD      A,L
   \   0ACE  B4                OR      H
   \   0ACF  2853              JR      Z,?1144
   \   0AD1  FD7E0E            LD      A,(IY+14)
   \   0AD4  FDB60F            OR      (IY+15)
   \   0AD7  FDB610            OR      (IY+16)
   \   0ADA  FDB611            OR      (IY+17)
   \   0ADD  2845              JR      Z,?1144
   \   0ADF            ?0138:
   \   0ADF            ?0139:
   \   0ADF            ?0136:
   1083              if (!i || !dj->sect)    /* Report EOT when index has reached 65535 */
   1084                  return FR_NO_FILE;
   1085          
   \   0ADF            ?0137:
   \   0ADF  7D                LD      A,L
   \   0AE0  E60F              AND     15
   \   0AE2  C2C10C            JP      NZ,?0148
   \   0AE5            ?0140:
   1086              if (!(i % (SS(dj->fs) / SZ_DIR))) { /* Sector changed? */
   \   0AE5  FD6E0E            LD      L,(IY+14)
   \   0AE8  FD660F            LD      H,(IY+15)
   \   0AEB  FD4E10            LD      C,(IY+16)
   \   0AEE  FD4611            LD      B,(IY+17)
   \   0AF1  CD0000            CALL    ?L_INC_L03
   \   0AF4  FD750E            LD      (IY+14),L
   \   0AF7  FD740F            LD      (IY+15),H
   \   0AFA  FD7110            LD      (IY+16),C
   \   0AFD  FD7011            LD      (IY+17),B
   1087                  dj->sect++;                 /* Next sector */
   1088          
   \   0B00  FD7E0A            LD      A,(IY+10)
   \   0B03  FDB60B            OR      (IY+11)
   \   0B06  FDB60C            OR      (IY+12)
   \   0B09  FDB60D            OR      (IY+13)
   \   0B0C  201C              JR      NZ,?0143
   \   0B0E            ?0142:
   1089                  if (dj->clust == 0) {   /* Static table */
   \   0B0E  FD6E00            LD      L,(IY+0)
   \   0B11  FD6601            LD      H,(IY+1)
   \   0B14  010900            LD      BC,9
   \   0B17  09                ADD     HL,BC
   \   0B18  4E                LD      C,(HL)
   \   0B19  23                INC     HL
   \   0B1A  46                LD      B,(HL)
   \   0B1B  D9                EXX
   \   0B1C  C5                PUSH    BC
   \   0B1D  D9                EXX
   \   0B1E  E1                POP     HL
   \   0B1F  A7                AND     A
   \   0B20  ED42              SBC     HL,BC
   \   0B22  3803              JR      C,?0145
   \   0B24            ?0144:
   1090                      if (i >= dj->fs->n_rootdir) /* Report EOT when end of table */
   \   0B24            ?1144:
   \   0B24  C3BA0B            JP      ?1145
   1091                          return FR_NO_FILE;
   \   0B27            ?0145:
   1092                  }
   \   0B27  C3C10C            JP      ?0148
   \   0B2A            ?0143:
   1093                  else {                  /* Dynamic table */
   \   0B2A  0604              LD      B,4
   \   0B2C  D9                EXX
   \   0B2D  C5                PUSH    BC
   \   0B2E  D9                EXX
   \   0B2F  D1                POP     DE
   \   0B30  CD0000            CALL    ?US_RSH_L02
   \   0B33  FD6E00            LD      L,(IY+0)
   \   0B36  FD6601            LD      H,(IY+1)
   \   0B39  23                INC     HL
   \   0B3A  23                INC     HL
   \   0B3B  23                INC     HL
   \   0B3C  4E                LD      C,(HL)
   \   0B3D  0600              LD      B,0
   \   0B3F  0B                DEC     BC
   \   0B40  7B                LD      A,E
   \   0B41  A1                AND     C
   \   0B42  67                LD      H,A
   \   0B43  7A                LD      A,D
   \   0B44  A0                AND     B
   \   0B45  B4                OR      H
   \   0B46  C2C10C            JP      NZ,?0148
   \   0B49            ?0147:
   1094                      if (((i / (SS(dj->fs) / SZ_DIR)) & (dj->fs->csize - 1)) == 0) { /* Cluster changed? */
   \   0B49  FD6E0C            LD      L,(IY+12)
   \   0B4C  FD660D            LD      H,(IY+13)
   \   0B4F  E5                PUSH    HL
   \   0B50  FD6E0A            LD      L,(IY+10)
   \   0B53  FD660B            LD      H,(IY+11)
   \   0B56  E5                PUSH    HL
   \   0B57  CD9D0A            CALL    ?1298
   \   0B5A  F1                POP     AF
   \   0B5B  F1                POP     AF
   \   0B5C  DD75F8            LD      (IX-8),L
   \   0B5F  DD74F9            LD      (IX-7),H
   \   0B62  DD71FA            LD      (IX-6),C
   \   0B65  DD70FB            LD      (IX-5),B
   1095                          clst = get_fat(dj->fs, dj->clust);              /* Get next cluster */
   \   0B68  C5                PUSH    BC
   \   0B69  E5                PUSH    HL
   \   0B6A  A7                AND     A
   \   0B6B  210100            LD      HL,1
   \   0B6E  C1                POP     BC
   \   0B6F  ED42              SBC     HL,BC
   \   0B71  210000            LD      HL,0
   \   0B74  C1                POP     BC
   \   0B75  ED42              SBC     HL,BC
   \   0B77  3078              JR      NC,?1146
   \   0B79            ?0149:
   1096                          if (clst <= 1) return FR_INT_ERR;
   \   0B79            ?0150:
   \   0B79  DD7EF8            LD      A,(IX-8)
   \   0B7C  DDA6F9            AND     (IX-7)
   \   0B7F  DDA6FA            AND     (IX-6)
   \   0B82  DDA6FB            AND     (IX-5)
   \   0B85  3C                INC     A
   \   0B86  CA6F0C            JP      Z,?1149
   \   0B89            ?0151:
   1097                          if (clst == 0xFFFFFFFF) return FR_DISK_ERR;
   \   0B89            ?0152:
   \   0B89  FD6E00            LD      L,(IY+0)
   \   0B8C  FD6601            LD      H,(IY+1)
   \   0B8F  011B00            LD      BC,27
   \   0B92  09                ADD     HL,BC
   \   0B93  4E                LD      C,(HL)
   \   0B94  23                INC     HL
   \   0B95  46                LD      B,(HL)
   \   0B96  23                INC     HL
   \   0B97  5E                LD      E,(HL)
   \   0B98  23                INC     HL
   \   0B99  56                LD      D,(HL)
   \   0B9A  D5                PUSH    DE
   \   0B9B  C5                PUSH    BC
   \   0B9C  A7                AND     A
   \   0B9D  DD6EF8            LD      L,(IX-8)
   \   0BA0  DD66F9            LD      H,(IX-7)
   \   0BA3  C1                POP     BC
   \   0BA4  ED42              SBC     HL,BC
   \   0BA6  DD6EFA            LD      L,(IX-6)
   \   0BA9  DD66FB            LD      H,(IX-5)
   \   0BAC  C1                POP     BC
   \   0BAD  ED42              SBC     HL,BC
   \   0BAF  DA8E0C            JP      C,?0154
   \   0BB2            ?0153:
   1098                          if (clst >= dj->fs->n_fatent) {                 /* When it reached end of dynamic table */
   1099          #if !_FS_READONLY
   1100                              BYTE c;
   \   0BB2  DD7E04            LD      A,(IX+4)
   \   0BB5  DDB605            OR      (IX+5)
   \   0BB8  2005              JR      NZ,?0156
   \   0BBA            ?0155:
   \   0BBA            ?1145:
   \   0BBA  3E04              LD      A,4
   1101                              if (!stretch) return FR_NO_FILE;            /* When do not stretch, report EOT */
   \   0BBC  C3F00C            JP      ?0171
   \   0BBF            ?0156:
   \   0BBF  FD6E0C            LD      L,(IY+12)
   \   0BC2  FD660D            LD      H,(IY+13)
   \   0BC5  E5                PUSH    HL
   \   0BC6  FD6E0A            LD      L,(IY+10)
   \   0BC9  FD660B            LD      H,(IY+11)
   \   0BCC  E5                PUSH    HL
   \   0BCD  CD010D            CALL    ?1300
   \   0BD0  F1                POP     AF
   \   0BD1  F1                POP     AF
   \   0BD2  DD75F8            LD      (IX-8),L
   \   0BD5  DD74F9            LD      (IX-7),H
   \   0BD8  DD71FA            LD      (IX-6),C
   \   0BDB  DD70FB            LD      (IX-5),B
   1102                              clst = create_chain(dj->fs, dj->clust);     /* Stretch cluster chain */
   \   0BDE  7D                LD      A,L
   \   0BDF  B4                OR      H
   \   0BE0  B1                OR      C
   \   0BE1  B0                OR      B
   \   0BE2  2005              JR      NZ,?0158
   \   0BE4            ?0157:
   \   0BE4  3E07              LD      A,7
   1103                              if (clst == 0) return FR_DENIED;            /* No free cluster */
   \   0BE6  C3F00C            JP      ?0171
   \   0BE9            ?0158:
   \   0BE9  3E01              LD      A,1
   \   0BEB  AD                XOR     L
   \   0BEC  B4                OR      H
   \   0BED  B1                OR      C
   \   0BEE  B0                OR      B
   \   0BEF  2005              JR      NZ,?0160
   \   0BF1            ?0159:
   \   0BF1            ?1146:
   \   0BF1  3E02              LD      A,2
   1104                              if (clst == 1) return FR_INT_ERR;
   \   0BF3  C3F00C            JP      ?0171
   \   0BF6            ?0160:
   \   0BF6  7D                LD      A,L
   \   0BF7  A4                AND     H
   \   0BF8  A1                AND     C
   \   0BF9  A0                AND     B
   \   0BFA  3C                INC     A
   \   0BFB  280D              JR      Z,?1148
   \   0BFD            ?0161:
   1105                              if (clst == 0xFFFFFFFF) return FR_DISK_ERR;
   1106                              /* Clean-up stretched table */
   \   0BFD            ?0162:
   \   0BFD  210000            LD      HL,0
   \   0C00  E5                PUSH    HL
   \   0C01  E5                PUSH    HL
   \   0C02  CDF80C            CALL    ?1293
   \   0C05  E1                POP     HL
   \   0C06  E1                POP     HL
   \   0C07  B7                OR      A
   \   0C08  2802              JR      Z,?0164
   \   0C0A            ?0163:
   \   0C0A            ?1148:
   \   0C0A  1863              JR      ?1149
   1107                              if (move_window(dj->fs, 0)) return FR_DISK_ERR; /* Flush active window */
   \   0C0C            ?0164:
   \   0C0C  010002            LD      BC,512
   \   0C0F  FD6E00            LD      L,(IY+0)
   \   0C12  FD6601            LD      H,(IY+1)
   \   0C15  113300            LD      DE,51
   \   0C18  19                ADD     HL,DE
   \   0C19  EB                EX      DE,HL
   \   0C1A  69                LD      L,C
   \   0C1B  CD0000            CALL    ?MEMSET_L11
   1108                              memset(dj->fs->win, 0, SS(dj->fs));         /* Clear window buffer */
   \   0C1E  DD6EFA            LD      L,(IX-6)
   \   0C21  DD66FB            LD      H,(IX-5)
   \   0C24  E5                PUSH    HL
   \   0C25  DD6EF8            LD      L,(IX-8)
   \   0C28  DD66F9            LD      H,(IX-7)
   \   0C2B  E5                PUSH    HL
   \   0C2C  CDA60A            CALL    ?1299
   \   0C2F  F1                POP     AF
   \   0C30  F1                POP     AF
   \   0C31  E5                PUSH    HL
   \   0C32  FD6E00            LD      L,(IY+0)
   \   0C35  FD6601            LD      H,(IY+1)
   \   0C38  112F00            LD      DE,47
   \   0C3B  19                ADD     HL,DE
   \   0C3C  D1                POP     DE
   \   0C3D  73                LD      (HL),E
   \   0C3E  23                INC     HL
   \   0C3F  72                LD      (HL),D
   \   0C40  23                INC     HL
   \   0C41  71                LD      (HL),C
   \   0C42  23                INC     HL
   \   0C43  70                LD      (HL),B
   1109                              dj->fs->winsect = clust2sect(dj->fs, clst); /* Cluster start sector */
   \   0C44  DD36FE00          LD      (IX-2),0
   \   0C48            ?0166:
   \   0C48  FD6E00            LD      L,(IY+0)
   \   0C4B  FD6601            LD      H,(IY+1)
   \   0C4E  23                INC     HL
   \   0C4F  23                INC     HL
   \   0C50  23                INC     HL
   \   0C51  DD7EFE            LD      A,(IX-2)
   \   0C54  BE                CP      (HL)
   \   0C55  FD6E00            LD      L,(IY+0)
   \   0C58  FD6601            LD      H,(IY+1)
   \   0C5B  3027              JR      NC,?0165
   \   0C5D            ?0167:
   1110                              for (c = 0; c < dj->fs->csize; c++) {       /* Fill the new cluster with 0 */
   \   0C5D  010500            LD      BC,5
   \   0C60  09                ADD     HL,BC
   \   0C61  3601              LD      (HL),1
   1111                                  dj->fs->wflag = 1;
   \   0C63  68                LD      L,B
   \   0C64  60                LD      H,B
   \   0C65  E5                PUSH    HL
   \   0C66  E5                PUSH    HL
   \   0C67  CDF80C            CALL    ?1293
   \   0C6A  E1                POP     HL
   \   0C6B  E1                POP     HL
   \   0C6C  B7                OR      A
   \   0C6D  2804              JR      Z,?0170
   \   0C6F            ?0169:
   \   0C6F            ?1149:
   \   0C6F  3E01              LD      A,1
   1112                                  if (move_window(dj->fs, 0)) return FR_DISK_ERR;
   \   0C71  187D              JR      ?0171
   \   0C73            ?0170:
   \   0C73  FD6E00            LD      L,(IY+0)
   \   0C76  FD6601            LD      H,(IY+1)
   \   0C79  0E2F              LD      C,47
   \   0C7B  09                ADD     HL,BC
   \   0C7C  CD0000            CALL    ?L_INCASG_L03
   \   0C7F  DD34FE            INC     (IX-2)
   1113                                  dj->fs->winsect++;
   1114                              }
   \   0C82  18C4              JR      ?0166
   \   0C84            ?0165:
   \   0C84  012F00            LD      BC,47
   \   0C87  09                ADD     HL,BC
   \   0C88  5F                LD      E,A
   \   0C89  48                LD      C,B
   \   0C8A  51                LD      D,C
   \   0C8B  CD0000            CALL    ?L_SUBASG_L03
   \   0C8E            ?0154:
   1115                              dj->fs->winsect -= c;                       /* Rewind window address */
   1116          #else
   1118          #endif
   1119                          }
   \   0C8E  DD4EFA            LD      C,(IX-6)
   \   0C91  DD46FB            LD      B,(IX-5)
   \   0C94  DD6EF8            LD      L,(IX-8)
   \   0C97  FD750A            LD      (IY+10),L
   \   0C9A  DD66F9            LD      H,(IX-7)
   \   0C9D  FD740B            LD      (IY+11),H
   \   0CA0  FD710C            LD      (IY+12),C
   \   0CA3  FD700D            LD      (IY+13),B
   1120                          dj->clust = clst;               /* Initialize data for new cluster */
   \   0CA6  69                LD      L,C
   \   0CA7  60                LD      H,B
   \   0CA8  C5                PUSH    BC
   \   0CA9  DD6EF8            LD      L,(IX-8)
   \   0CAC  DD66F9            LD      H,(IX-7)
   \   0CAF  E5                PUSH    HL
   \   0CB0  CDA60A            CALL    ?1299
   \   0CB3  F1                POP     AF
   \   0CB4  F1                POP     AF
   \   0CB5  FD750E            LD      (IY+14),L
   \   0CB8  FD740F            LD      (IY+15),H
   \   0CBB  FD7110            LD      (IY+16),C
   \   0CBE  FD7011            LD      (IY+17),B
   \   0CC1            ?0148:
   \   0CC1            ?0146:
   \   0CC1            ?0141:
   1121                          dj->sect = clust2sect(dj->fs, clst);
   1122                      }
   1123                  }
   1124              }
   1125          
   \   0CC1  D9                EXX
   \   0CC2  C5                PUSH    BC
   \   0CC3  D9                EXX
   \   0CC4  E1                POP     HL
   \   0CC5  FD7504            LD      (IY+4),L
   \   0CC8  FD7405            LD      (IY+5),H
   1126              dj->index = i;
   \   0CCB  FD6E00            LD      L,(IY+0)
   \   0CCE  FD6601            LD      H,(IY+1)
   \   0CD1  013300            LD      BC,51
   \   0CD4  09                ADD     HL,BC
   \   0CD5  E5                PUSH    HL
   \   0CD6  D9                EXX
   \   0CD7  C5                PUSH    BC
   \   0CD8  D9                EXX
   \   0CD9  C1                POP     BC
   \   0CDA  79                LD      A,C
   \   0CDB  E60F              AND     15
   \   0CDD  6F                LD      L,A
   \   0CDE  2600              LD      H,0
   \   0CE0  29                ADD     HL,HL
   \   0CE1  29                ADD     HL,HL
   \   0CE2  29                ADD     HL,HL
   \   0CE3  29                ADD     HL,HL
   \   0CE4  29                ADD     HL,HL
   \   0CE5  4D                LD      C,L
   \   0CE6  44                LD      B,H
   \   0CE7  E1                POP     HL
   \   0CE8  09                ADD     HL,BC
   \   0CE9  FD7512            LD      (IY+18),L
   \   0CEC  FD7413            LD      (IY+19),H
   1127              dj->dir = dj->fs->win + (i % (SS(dj->fs) / SZ_DIR)) * SZ_DIR;
   1128          
   \   0CEF  AF                XOR     A
   1129              return FR_OK;
   \   0CF0            ?0171:
   \   0CF0  D9                EXX
   \   0CF1  C1                POP     BC
   \   0CF2  D9                EXX
   \   0CF3  FDE1              POP     IY
   \   0CF5  C30000            JP      ?LEAVE_DIRECT_L09
   \   0CF8            ?1293:
   \   0CF8  FD5E00            LD      E,(IY+0)
   \   0CFB  FD5601            LD      D,(IY+1)
   \   0CFE  C30000            JP      move_window
   \   0D01            ?1300:
   \   0D01  FD5E00            LD      E,(IY+0)
   \   0D04  FD5601            LD      D,(IY+1)
   \   0D07  C32106            JP      create_chain
   1130          }
   1131          
   1132          
   1133          
   1134          
   1135          /*-----------------------------------------------------------------------*/
   1136          /* LFN handling - Test/Pick/Fit an LFN segment from/to directory entry   */
   1137          /*-----------------------------------------------------------------------*/
   1138          #if _USE_LFN
   1139          static
   1140          const BYTE LfnOfs[] = {1,3,5,7,9,14,16,18,20,22,24,28,30};  /* Offset of LFN chars in the directory entry */
   1141          
   1142          
   1143          static
   1144          int cmp_lfn (           /* 1:Matched, 0:Not matched */
   1145              WCHAR *lfnbuf,      /* Pointer to the LFN to be compared */
   1146              BYTE *dir           /* Pointer to the directory entry containing a part of LFN */
   1147          )
   \   0D0A            cmp_lfn:
   \   0D0A  CD0000            CALL    ?ENT_AUTO_DIRECT_L09
   \   0D0D  0000              DEFW    0
   \   0D0F  FDE5              PUSH    IY
   \   0D11  D9                EXX
   \   0D12  C5                PUSH    BC
   \   0D13  D5                PUSH    DE
   \   0D14  D9                EXX
   1148          {
   1149              UINT i, s;
   1150              WCHAR wc, uc;
   1151          
   1152          
   \   0D15  0A                LD      A,(BC)
   \   0D16  CBB7              RES     6,A
   \   0D18  CDA40D            CALL    ?1301
   \   0D1B  D5                PUSH    DE
   \   0D1C  FDE1              POP     IY
   1153              i = ((dir[LDIR_Ord] & ~LLE) - 1) * 13;  /* Get offset in the LFN buffer */
   \   0D1E  D9                EXX
   \   0D1F  010000            LD      BC,0
   \   0D22  D9                EXX
   \   0D23  110100            LD      DE,1
   \   0D26            ?0174:
   1154              s = 0; wc = 1;
   1155              do {
   \   0D26  210000            LD      HL,LfnOfs
   \   0D29  D9                EXX
   \   0D2A  C5                PUSH    BC
   \   0D2B  D9                EXX
   \   0D2C  C1                POP     BC
   \   0D2D  09                ADD     HL,BC
   \   0D2E  4E                LD      C,(HL)
   \   0D2F  0600              LD      B,0
   \   0D31  DD6E04            LD      L,(IX+4)
   \   0D34  DD6605            LD      H,(IX+5)
   \   0D37  09                ADD     HL,BC
   \   0D38  46                LD      B,(HL)
   \   0D39  23                INC     HL
   \   0D3A  66                LD      H,(HL)
   \   0D3B  68                LD      L,B
   \   0D3C  E5                PUSH    HL
   \   0D3D  D9                EXX
   \   0D3E  D1                POP     DE
   \   0D3F  D9                EXX
   1156                  uc = LD_WORD(dir+LfnOfs[s]);    /* Pick an LFN character from the entry */
   \   0D40  7B                LD      A,E
   \   0D41  B2                OR      D
   \   0D42  2823              JR      Z,?0176
   \   0D44            ?0175:
   1157                  if (wc) {   /* Last char has not been processed */
   1158                      //wc = ff_wtoupper(uc);     /* Convert it to upper case */
   1159                      //if (i >= _MAX_LFN || wc != ff_wtoupper(lfnbuf[i++]))  /* Compare it */
   \   0D44  EB                EX      DE,HL
   1160                      wc = uc;        /* Convert it to upper case */
   \   0D45  013F00            LD      BC,63
   \   0D48  FDE5              PUSH    IY
   \   0D4A  E1                POP     HL
   \   0D4B  ED42              SBC     HL,BC
   \   0D4D  304A              JR      NC,?1151
   \   0D4F  FDE5              PUSH    IY
   \   0D51  E1                POP     HL
   \   0D52  29                ADD     HL,HL
   \   0D53  DD4E02            LD      C,(IX+2)
   \   0D56  DD4603            LD      B,(IX+3)
   \   0D59  09                ADD     HL,BC
   \   0D5A  46                LD      B,(HL)
   \   0D5B  23                INC     HL
   \   0D5C  66                LD      H,(HL)
   \   0D5D  68                LD      L,B
   \   0D5E  A7                AND     A
   \   0D5F  ED52              SBC     HL,DE
   \   0D61  FD23              INC     IY
   \   0D63  2809              JR      Z,?0183
   \   0D65            ?0179:
   \   0D65            ?0180:
   \   0D65            ?0177:
   1161                      if (i >= _MAX_LFN || wc != lfnbuf[i++]) /* Compare it */
   \   0D65  1832              JR      ?1151
   1162                          return 0;               /* Not matched */
   \   0D67            ?0178:
   \   0D67            ?0176:
   1163                  } else {
   \   0D67  D9                EXX
   \   0D68  7B                LD      A,E
   \   0D69  A2                AND     D
   \   0D6A  D9                EXX
   \   0D6B  3C                INC     A
   \   0D6C  202B              JR      NZ,?1151
   \   0D6E            ?0182:
   1164                      if (uc != 0xFFFF) return 0; /* Check filler */
   \   0D6E            ?0183:
   \   0D6E            ?0181:
   1165                  }
   \   0D6E  D9                EXX
   \   0D6F  03                INC     BC
   \   0D70  C5                PUSH    BC
   \   0D71  D9                EXX
   \   0D72  E1                POP     HL
   \   0D73  010D00            LD      BC,13
   \   0D76  A7                AND     A
   \   0D77  ED42              SBC     HL,BC
   \   0D79  38AB              JR      C,?0174
   \   0D7B            ?0172:
   1166              } while (++s < 13);             /* Repeat until all chars in the entry are checked */
   1167          
   \   0D7B  DD6E04            LD      L,(IX+4)
   \   0D7E  DD6605            LD      H,(IX+5)
   \   0D81  CB76              BIT     6,(HL)
   \   0D83  2819              JR      Z,?0185
   \   0D85  7B                LD      A,E
   \   0D86  B2                OR      D
   \   0D87  2815              JR      Z,?0185
   \   0D89  FDE5              PUSH    IY
   \   0D8B  E1                POP     HL
   \   0D8C  29                ADD     HL,HL
   \   0D8D  DD4E02            LD      C,(IX+2)
   \   0D90  DD4603            LD      B,(IX+3)
   \   0D93  09                ADD     HL,BC
   \   0D94  7E                LD      A,(HL)
   \   0D95  23                INC     HL
   \   0D96  B6                OR      (HL)
   \   0D97  2805              JR      Z,?0185
   \   0D99            ?0187:
   \   0D99            ?0186:
   \   0D99            ?0184:
   1168              if ((dir[LDIR_Ord] & LLE) && wc && lfnbuf[i])   /* Last segment matched but different length */
   \   0D99            ?1151:
   \   0D99  210000            LD      HL,0
   1169                  return 0;
   1170          
   \   0D9C  1803              JR      ?0188
   \   0D9E            ?0185:
   \   0D9E  210100            LD      HL,1
   1171              return 1;                       /* The part of LFN matched */
   \   0DA1            ?0188:
   \   0DA1  C3940A            JP      ?0135
   \   0DA4            ?1301:
   \   0DA4  4F                LD      C,A
   \   0DA5  0600              LD      B,0
   \   0DA7            ?1302:
   \   0DA7  0B                DEC     BC
   \   0DA8  110D00            LD      DE,13
   \   0DAB  C30000            JP      ?S_MUL_L02
   1172          }
   1173          
   1174          
   1175          
   1176          static
   1177          int pick_lfn (          /* 1:Succeeded, 0:Buffer overflow */
   1178              WCHAR *lfnbuf,      /* Pointer to the Unicode-LFN buffer */
   1179              BYTE *dir           /* Pointer to the directory entry */
   1180          )
   \   0DAE            pick_lfn:
   \   0DAE  CD0000            CALL    ?ENT_AUTO_DIRECT_L09
   \   0DB1  FEFF              DEFW    -2
   \   0DB3  FDE5              PUSH    IY
   \   0DB5  D9                EXX
   \   0DB6  C5                PUSH    BC
   \   0DB7  D5                PUSH    DE
   \   0DB8  D9                EXX
   1181          {
   1182              UINT i, s;
   1183              WCHAR wc, uc;
   1184          
   1185          
   \   0DB9  0A                LD      A,(BC)
   \   0DBA  E63F              AND     63
   \   0DBC  CDA40D            CALL    ?1301
   \   0DBF  D5                PUSH    DE
   \   0DC0  FDE1              POP     IY
   1186              i = ((dir[LDIR_Ord] & 0x3F) - 1) * 13;  /* Offset in the LFN buffer */
   1187          
   \   0DC2  AF                XOR     A
   \   0DC3  DD77FE            LD      (IX-2),A
   \   0DC6  DD77FF            LD      (IX-1),A
   \   0DC9  D9                EXX
   \   0DCA  110100            LD      DE,1
   \   0DCD  D9                EXX
   \   0DCE            ?0191:
   1188              s = 0; wc = 1;
   1189              do {
   \   0DCE  210000            LD      HL,LfnOfs
   \   0DD1  DD4EFE            LD      C,(IX-2)
   \   0DD4  DD46FF            LD      B,(IX-1)
   \   0DD7  09                ADD     HL,BC
   \   0DD8  4E                LD      C,(HL)
   \   0DD9  0600              LD      B,0
   \   0DDB  DD6E04            LD      L,(IX+4)
   \   0DDE  DD6605            LD      H,(IX+5)
   \   0DE1  09                ADD     HL,BC
   \   0DE2  46                LD      B,(HL)
   \   0DE3  23                INC     HL
   \   0DE4  66                LD      H,(HL)
   \   0DE5  68                LD      L,B
   \   0DE6  E5                PUSH    HL
   \   0DE7  D9                EXX
   \   0DE8  C1                POP     BC
   1190                  uc = LD_WORD(dir+LfnOfs[s]);        /* Pick an LFN character from the entry */
   \   0DE9  7B                LD      A,E
   \   0DEA  B2                OR      D
   \   0DEB  D9                EXX
   \   0DEC  2824              JR      Z,?0193
   \   0DEE            ?0192:
   1191                  if (wc) {   /* Last char has not been processed */
   \   0DEE  013F00            LD      BC,63
   \   0DF1  FDE5              PUSH    IY
   \   0DF3  E1                POP     HL
   \   0DF4  ED42              SBC     HL,BC
   \   0DF6  3049              JR      NC,?1155
   \   0DF8            ?0194:
   1192                      if (i >= _MAX_LFN) return 0;    /* Buffer overflow? */
   \   0DF8            ?0195:
   \   0DF8  FDE5              PUSH    IY
   \   0DFA  E1                POP     HL
   \   0DFB  29                ADD     HL,HL
   \   0DFC  DD4E02            LD      C,(IX+2)
   \   0DFF  DD4603            LD      B,(IX+3)
   \   0E02  09                ADD     HL,BC
   \   0E03  D9                EXX
   \   0E04  C5                PUSH    BC
   \   0E05  D9                EXX
   \   0E06  C1                POP     BC
   \   0E07  71                LD      (HL),C
   \   0E08  23                INC     HL
   \   0E09  70                LD      (HL),B
   \   0E0A  C5                PUSH    BC
   \   0E0B  D9                EXX
   \   0E0C  D1                POP     DE
   \   0E0D  D9                EXX
   1193                      lfnbuf[i++] = wc = uc;          /* Store it */
   \   0E0E  FD23              INC     IY
   \   0E10  1807              JR      ?0198
   \   0E12            ?0193:
   1194                  } else {
   \   0E12  D9                EXX
   \   0E13  79                LD      A,C
   \   0E14  A0                AND     B
   \   0E15  D9                EXX
   \   0E16  3C                INC     A
   \   0E17  2028              JR      NZ,?1155
   \   0E19            ?0197:
   1195                      if (uc != 0xFFFF) return 0;     /* Check filler */
   \   0E19            ?0198:
   \   0E19            ?0196:
   1196                  }
   \   0E19  DD6EFE            LD      L,(IX-2)
   \   0E1C  DD66FF            LD      H,(IX-1)
   \   0E1F  23                INC     HL
   \   0E20  DD75FE            LD      (IX-2),L
   \   0E23  DD74FF            LD      (IX-1),H
   \   0E26  010D00            LD      BC,13
   \   0E29  A7                AND     A
   \   0E2A  ED42              SBC     HL,BC
   \   0E2C  38A0              JR      C,?0191
   \   0E2E            ?0189:
   1197              } while (++s < 13);                     /* Read all character in the entry */
   1198          
   \   0E2E  DD6E04            LD      L,(IX+4)
   \   0E31  DD6605            LD      H,(IX+5)
   \   0E34  CB76              BIT     6,(HL)
   \   0E36  281D              JR      Z,?0200
   \   0E38            ?0199:
   1199              if (dir[LDIR_Ord] & LLE) {              /* Put terminator if it is the last LFN part */
   \   0E38  0E3F              LD      C,63
   \   0E3A  FDE5              PUSH    IY
   \   0E3C  E1                POP     HL
   \   0E3D  ED42              SBC     HL,BC
   \   0E3F  3805              JR      C,?0202
   \   0E41            ?0201:
   \   0E41            ?1155:
   \   0E41  210000            LD      HL,0
   1200                  if (i >= _MAX_LFN) return 0;        /* Buffer overflow? */
   \   0E44  1812              JR      ?0203
   \   0E46            ?0202:
   \   0E46  FDE5              PUSH    IY
   \   0E48  E1                POP     HL
   \   0E49  29                ADD     HL,HL
   \   0E4A  DD4E02            LD      C,(IX+2)
   \   0E4D  DD4603            LD      B,(IX+3)
   \   0E50  09                ADD     HL,BC
   \   0E51  AF                XOR     A
   \   0E52  77                LD      (HL),A
   \   0E53  23                INC     HL
   \   0E54  77                LD      (HL),A
   \   0E55            ?0200:
   1201                  lfnbuf[i] = 0;
   1202              }
   1203          
   \   0E55  210100            LD      HL,1
   1204              return 1;
   \   0E58            ?0203:
   \   0E58  C3940A            JP      ?0135
   1205          }
   1206          
   1207          
   1208          #if !_FS_READONLY
   1209          static
   1210          void fit_lfn (
   1211              const WCHAR *lfnbuf,    /* Pointer to the LFN buffer */
   1212              BYTE *dir,              /* Pointer to the directory entry */
   1213              BYTE ord,               /* LFN order (1-20) */
   1214              BYTE sum                /* SFN sum */
   1215          )
   \   0E5B            fit_lfn:
   \   0E5B  CD0000            CALL    ?ENT_AUTO_DIRECT_L09
   \   0E5E  0000              DEFW    0
   \   0E60  FDE5              PUSH    IY
   \   0E62  D9                EXX
   \   0E63  C5                PUSH    BC
   \   0E64  D5                PUSH    DE
   \   0E65  D9                EXX
   \   0E66  C5                PUSH    BC
   \   0E67  FDE1              POP     IY
   1216          {
   1217              UINT i, s;
   1218              WCHAR wc;
   1219          
   1220          
   \   0E69  210D00            LD      HL,13
   \   0E6C  09                ADD     HL,BC
   \   0E6D  DD7E0A            LD      A,(IX+10)
   \   0E70  77                LD      (HL),A
   1221              dir[LDIR_Chksum] = sum;         /* Set check sum */
   \   0E71  210B00            LD      HL,11
   \   0E74  09                ADD     HL,BC
   \   0E75  360F              LD      (HL),15
   1222              dir[LDIR_Attr] = AM_LFN;        /* Set attribute. LFN entry */
   \   0E77  210C00            LD      HL,12
   \   0E7A  09                ADD     HL,BC
   \   0E7B  3600              LD      (HL),0
   1223              dir[LDIR_Type] = 0;
   \   0E7D  211A00            LD      HL,26
   \   0E80  09                ADD     HL,BC
   \   0E81  AF                XOR     A
   \   0E82  77                LD      (HL),A
   \   0E83  23                INC     HL
   \   0E84  77                LD      (HL),A
   1224              ST_WORD(dir+LDIR_FstClusLO, 0);
   1225          
   \   0E85  DD4E08            LD      C,(IX+8)
   \   0E88  47                LD      B,A
   \   0E89  CDA70D            CALL    ?1302
   \   0E8C  D5                PUSH    DE
   \   0E8D  D9                EXX
   \   0E8E  C1                POP     BC
   \   0E8F  D9                EXX
   1226              i = (ord - 1) * 13;             /* Get offset in the LFN buffer */
   \   0E90  110000            LD      DE,0
   \   0E93  D9                EXX
   \   0E94  110000            LD      DE,0
   \   0E97  D9                EXX
   \   0E98            ?0206:
   1227              s = wc = 0;
   1228              do {
   \   0E98  7B                LD      A,E
   \   0E99  A2                AND     D
   \   0E9A  3C                INC     A
   \   0E9B  2812              JR      Z,?0208
   \   0E9D            ?0207:
   \   0E9D  D9                EXX
   \   0E9E  C5                PUSH    BC
   \   0E9F  03                INC     BC
   \   0EA0  D9                EXX
   \   0EA1  E1                POP     HL
   \   0EA2  29                ADD     HL,HL
   \   0EA3  DD4E02            LD      C,(IX+2)
   \   0EA6  DD4603            LD      B,(IX+3)
   \   0EA9  09                ADD     HL,BC
   \   0EAA  46                LD      B,(HL)
   \   0EAB  23                INC     HL
   \   0EAC  66                LD      H,(HL)
   \   0EAD  68                LD      L,B
   \   0EAE  EB                EX      DE,HL
   \   0EAF            ?0208:
   1229                  if (wc != 0xFFFF) wc = lfnbuf[i++]; /* Get an effective char */
   \   0EAF  210000            LD      HL,LfnOfs
   \   0EB2  D9                EXX
   \   0EB3  D5                PUSH    DE
   \   0EB4  D9                EXX
   \   0EB5  C1                POP     BC
   \   0EB6  09                ADD     HL,BC
   \   0EB7  4E                LD      C,(HL)
   \   0EB8  0600              LD      B,0
   \   0EBA  FDE5              PUSH    IY
   \   0EBC  E1                POP     HL
   \   0EBD  09                ADD     HL,BC
   \   0EBE  73                LD      (HL),E
   \   0EBF  23                INC     HL
   \   0EC0  72                LD      (HL),D
   1230                  ST_WORD(dir+LfnOfs[s], wc); /* Put it */
   \   0EC1  7B                LD      A,E
   \   0EC2  B2                OR      D
   \   0EC3  2003              JR      NZ,?0210
   \   0EC5            ?0209:
   \   0EC5  11FFFF            LD      DE,65535
   \   0EC8            ?0210:
   1231                  if (!wc) wc = 0xFFFF;       /* Padding chars following last char */
   \   0EC8  D9                EXX
   \   0EC9  13                INC     DE
   \   0ECA  D5                PUSH    DE
   \   0ECB  D9                EXX
   \   0ECC  E1                POP     HL
   \   0ECD  0E0D              LD      C,13
   \   0ECF  ED42              SBC     HL,BC
   \   0ED1  38C5              JR      C,?0206
   \   0ED3            ?0204:
   1232              } while (++s < 13);
   \   0ED3  7B                LD      A,E
   \   0ED4  A2                AND     D
   \   0ED5  3C                INC     A
   \   0ED6  2811              JR      Z,?0213
   \   0ED8  D9                EXX
   \   0ED9  C5                PUSH    BC
   \   0EDA  D9                EXX
   \   0EDB  E1                POP     HL
   \   0EDC  29                ADD     HL,HL
   \   0EDD  DD4E02            LD      C,(IX+2)
   \   0EE0  DD4603            LD      B,(IX+3)
   \   0EE3  09                ADD     HL,BC
   \   0EE4  7E                LD      A,(HL)
   \   0EE5  23                INC     HL
   \   0EE6  B6                OR      (HL)
   \   0EE7  2004              JR      NZ,?0212
   \   0EE9            ?0213:
   \   0EE9            ?0214:
   \   0EE9            ?0211:
   \   0EE9  DDCB08F6          SET     6,(IX+8)
   \   0EED            ?0212:
   1233              if (wc == 0xFFFF || !lfnbuf[i]) ord |= LLE; /* Bottom LFN part is the start of LFN sequence */
   \   0EED  DD4608            LD      B,(IX+8)
   \   0EF0  FD7000            LD      (IY+0),B
   1234              dir[LDIR_Ord] = ord;            /* Set the LFN order */
   \   0EF3  C3940A            JP      ?0135
   1235          }
   1236          
   1237          #endif
   1238          #endif
   1239          
   1240          
   1241          
   1242          /*-----------------------------------------------------------------------*/
   1243          /* Create numbered name                                                  */
   1244          /*-----------------------------------------------------------------------*/
   1245          #if _USE_LFN
   1246          void gen_numname (
   1247              BYTE *dst,          /* Pointer to generated SFN */
   1248              const BYTE *src,    /* Pointer to source SFN to be modified */
   1249              const WCHAR *lfn,   /* Pointer to LFN */
   1250              WORD seq            /* Sequence number */
   1251          )
   \   0EF6            gen_numname:
   \   0EF6  CD0000            CALL    ?ENT_AUTO_DIRECT_L09
   \   0EF9  F6FF              DEFW    -10
   \   0EFB  FDE5              PUSH    IY
   \   0EFD  D9                EXX
   \   0EFE  C5                PUSH    BC
   \   0EFF  D5                PUSH    DE
   \   0F00  DD4E0A            LD      C,(IX+10)
   \   0F03  DD460B            LD      B,(IX+11)
   \   0F06  DD5E08            LD      E,(IX+8)
   \   0F09  DD5609            LD      D,(IX+9)
   \   0F0C  D9                EXX
   1252          {
   1253              BYTE ns[8], c;
   1254              UINT i, j;
   1255          
   1256          
   \   0F0D  010B00            LD      BC,11
   \   0F10  DD5E02            LD      E,(IX+2)
   \   0F13  DD5603            LD      D,(IX+3)
   \   0F16  DD6E04            LD      L,(IX+4)
   \   0F19  DD6605            LD      H,(IX+5)
   \   0F1C  EDB0              LDIR
   1257              memcpy(dst, src, 11);
   1258          
   \   0F1E  D9                EXX
   \   0F1F  C5                PUSH    BC
   \   0F20  D9                EXX
   \   0F21  C1                POP     BC
   \   0F22  210500            LD      HL,5
   \   0F25  A7                AND     A
   \   0F26  ED42              SBC     HL,BC
   \   0F28  302A              JR      NC,?0217
   \   0F2A            ?0215:
   \   0F2A            ?0219:
   1259              if (seq > 5) {  /* On many collisions, generate a hash number instead of sequential number */
   \   0F2A  D9                EXX
   \   0F2B  D5                PUSH    DE
   \   0F2C  13                INC     DE
   \   0F2D  13                INC     DE
   \   0F2E  D9                EXX
   \   0F2F  E1                POP     HL
   \   0F30  46                LD      B,(HL)
   \   0F31  23                INC     HL
   \   0F32  66                LD      H,(HL)
   \   0F33  68                LD      L,B
   \   0F34  D9                EXX
   \   0F35  C5                PUSH    BC
   \   0F36  D9                EXX
   \   0F37  C1                POP     BC
   \   0F38  79                LD      A,C
   \   0F39  0F                RRCA
   \   0F3A  E680              AND     128
   \   0F3C  47                LD      B,A
   \   0F3D  0E00              LD      C,0
   \   0F3F  09                ADD     HL,BC
   \   0F40  D9                EXX
   \   0F41  C5                PUSH    BC
   \   0F42  D9                EXX
   \   0F43  C1                POP     BC
   \   0F44  CB38              SRL     B
   \   0F46  CB19              RR      C
   \   0F48  09                ADD     HL,BC
   \   0F49  E5                PUSH    HL
   \   0F4A  D9                EXX
   \   0F4B  C1                POP     BC
   \   0F4C  D5                PUSH    DE
   \   0F4D  D9                EXX
   \   0F4E  E1                POP     HL
   \   0F4F  7E                LD      A,(HL)
   \   0F50  23                INC     HL
   \   0F51  B6                OR      (HL)
   \   0F52  20D6              JR      NZ,?0215
   \   0F54            ?0217:
   \   0F54            ?0216:
   1260                  do seq = (seq >> 1) + (seq << 15) + (WORD)*lfn++; while (*lfn);
   1261              }
   1262          
   1263              /* itoa (hexdecimal) */
   \   0F54  FD210700          LD      IY,7
   \   0F58            ?0222:
   1264              i = 7;
   1265              do {
   \   0F58  D9                EXX
   \   0F59  C5                PUSH    BC
   \   0F5A  D9                EXX
   \   0F5B  E1                POP     HL
   \   0F5C  7D                LD      A,L
   \   0F5D  E60F              AND     15
   \   0F5F  C630              ADD     A,48
   \   0F61  DD77F6            LD      (IX-10),A
   1266                  c = (seq % 16) + '0';
   \   0F64  47                LD      B,A
   \   0F65  3E39              LD      A,57
   \   0F67  B8                CP      B
   \   0F68  3006              JR      NC,?0224
   \   0F6A            ?0223:
   \   0F6A  78                LD      A,B
   \   0F6B  C607              ADD     A,7
   \   0F6D  DD77F6            LD      (IX-10),A
   \   0F70            ?0224:
   1267                  if (c > '9') c += 7;
   \   0F70  FDE5              PUSH    IY
   \   0F72  210A00            LD      HL,10
   \   0F75  39                ADD     HL,SP
   \   0F76  4D                LD      C,L
   \   0F77  44                LD      B,H
   \   0F78  E1                POP     HL
   \   0F79  09                ADD     HL,BC
   \   0F7A  DD46F6            LD      B,(IX-10)
   \   0F7D  70                LD      (HL),B
   1268                  ns[i--] = c;
   \   0F7E  3E04              LD      A,4
   \   0F80  CD0000            CALL    ?US_RSHASG_BC_prim_L12
   1269                  seq /= 16;
   \   0F83  7D                LD      A,L
   \   0F84  B4                OR      H
   \   0F85  FD2B              DEC     IY
   \   0F87  20CF              JR      NZ,?0222
   \   0F89            ?0220:
   1270              } while (seq);
   \   0F89  210800            LD      HL,8
   \   0F8C  39                ADD     HL,SP
   \   0F8D  FDE5              PUSH    IY
   \   0F8F  C1                POP     BC
   \   0F90  09                ADD     HL,BC
   \   0F91  367E              LD      (HL),126
   1271              ns[i] = '~';
   1272          
   1273              /* Append the number */
   \   0F93  110000            LD      DE,0
   \   0F96            ?0226:
   \   0F96  FDE5              PUSH    IY
   \   0F98  C1                POP     BC
   \   0F99  6B                LD      L,E
   \   0F9A  62                LD      H,D
   \   0F9B  A7                AND     A
   \   0F9C  ED42              SBC     HL,BC
   \   0F9E  301C              JR      NC,?0225
   \   0FA0  DD6E02            LD      L,(IX+2)
   \   0FA3  DD6603            LD      H,(IX+3)
   \   0FA6  19                ADD     HL,DE
   \   0FA7  7E                LD      A,(HL)
   \   0FA8  FE20              CP      32
   \   0FAA  2810              JR      Z,?0225
   \   0FAC            ?0229:
   \   0FAC            ?0228:
   \   0FAC            ?0227:
   1274              for (j = 0; j < i && dst[j] != ' '; j++) {
   \   0FAC  AF                XOR     A
   \   0FAD  280A              JR      Z,?0232
   \   0FAF            ?0231:
   1275                  if (IsDBCS1(dst[j])) {
   \   0FAF  21FFFF            LD      HL,65535
   \   0FB2  09                ADD     HL,BC
   \   0FB3  A7                AND     A
   \   0FB4  ED52              SBC     HL,DE
   \   0FB6  2804              JR      Z,?0225
   \   0FB8            ?0233:
   \   0FB8            ?0234:
   1276                      if (j == i - 1) break;
   \   0FB8  13                INC     DE
   \   0FB9            ?0232:
   \   0FB9  13                INC     DE
   1277                      j++;
   1278                  }
   1279              }
   \   0FBA  18DA              JR      ?0226
   \   0FBC            ?0225:
   \   0FBC            ?0237:
   1280              do {
   \   0FBC  010800            LD      BC,8
   \   0FBF  FDE5              PUSH    IY
   \   0FC1  E1                POP     HL
   \   0FC2  A7                AND     A
   \   0FC3  ED42              SBC     HL,BC
   \   0FC5  300F              JR      NC,?0239
   \   0FC7  FDE5              PUSH    IY
   \   0FC9  210A00            LD      HL,10
   \   0FCC  39                ADD     HL,SP
   \   0FCD  4D                LD      C,L
   \   0FCE  44                LD      B,H
   \   0FCF  E1                POP     HL
   \   0FD0  09                ADD     HL,BC
   \   0FD1  7E                LD      A,(HL)
   \   0FD2  FD23              INC     IY
   \   0FD4  1802              JR      ?0240
   \   0FD6            ?0239:
   \   0FD6  3E20              LD      A,32
   \   0FD8            ?0240:
   \   0FD8  6B                LD      L,E
   \   0FD9  62                LD      H,D
   \   0FDA  13                INC     DE
   \   0FDB  DD4E02            LD      C,(IX+2)
   \   0FDE  DD4603            LD      B,(IX+3)
   \   0FE1  09                ADD     HL,BC
   \   0FE2  77                LD      (HL),A
   1281                  dst[j++] = (i < 8) ? ns[i++] : ' ';
   \   0FE3  010800            LD      BC,8
   \   0FE6  6B                LD      L,E
   \   0FE7  62                LD      H,D
   \   0FE8  A7                AND     A
   \   0FE9  ED42              SBC     HL,BC
   \   0FEB  38CF              JR      C,?0225
   \   0FED            ?0235:
   1282              } while (j < 8);
   \   0FED  C3940A            JP      ?0135
   1283          }
   1284          #endif
   1285          
   1286          
   1287          
   1288          
   1289          /*-----------------------------------------------------------------------*/
   1290          /* Calculate sum of an SFN                                               */
   1291          /*-----------------------------------------------------------------------*/
   1292          #if _USE_LFN
   1293          static
   1294          BYTE sum_sfn (
   1295              const BYTE *dir     /* Ptr to directory entry */
   1296          )
   \   0FF0            sum_sfn:
   \   0FF0  C5                PUSH    BC
   \   0FF1  FDE5              PUSH    IY
   \   0FF3  DDE5              PUSH    IX
   \   0FF5  F5                PUSH    AF
   \   0FF6  D5                PUSH    DE
   \   0FF7  FDE1              POP     IY
   1297          {
   1298              BYTE sum = 0;
   \   0FF9  210000            LD      HL,0
   \   0FFC  39                ADD     HL,SP
   \   0FFD  3600              LD      (HL),0
   \   0FFF  DD210B00          LD      IX,11
   \   1003            ?0243:
   1299              UINT n = 11;
   1300          
   \   1003  7E                LD      A,(HL)
   \   1004  0F                RRCA
   \   1005  E680              AND     128
   \   1007  FD8600            ADD     A,(IY+0)
   \   100A  46                LD      B,(HL)
   \   100B  CB38              SRL     B
   \   100D  80                ADD     A,B
   \   100E  77                LD      (HL),A
   \   100F  DD2B              DEC     IX
   \   1011  DD7D              LD      A,IXL
   \   1013  DDB4              OR      IXH
   \   1015  FD23              INC     IY
   \   1017  20EA              JR      NZ,?0243
   \   1019            ?0241:
   1301              do sum = (sum >> 1) + (sum << 7) + *dir++; while (--n);
   \   1019  7E                LD      A,(HL)
   1302              return sum;
   \   101A  E1                POP     HL
   \   101B  DDE1              POP     IX
   \   101D  FDE1              POP     IY
   \   101F  C1                POP     BC
   \   1020  C9                RET
   1303          }
   1304          #endif
   1305          
   1306          
   1307          
   1308          
   1309          /*-----------------------------------------------------------------------*/
   1310          /* Directory handling - Find an object in the directory                  */
   1311          /*-----------------------------------------------------------------------*/
   1312          
   1313          static
   1314          FRESULT dir_find (
   1315              DIR *dj         /* Pointer to the directory object linked to the file name */
   1316          )
   \   1021            dir_find:
   \   1021  CD0000            CALL    ?ENT_AUTO_DIRECT_L09
   \   1024  FAFF              DEFW    -6
   \   1026  FDE5              PUSH    IY
   \   1028  D9                EXX
   \   1029  C5                PUSH    BC
   \   102A  D9                EXX
   \   102B  DD6E02            LD      L,(IX+2)
   \   102E  DD6603            LD      H,(IX+3)
   \   1031  E5                PUSH    HL
   \   1032  FDE1              POP     IY
   1317          {
   1318              FRESULT res;
   1319              BYTE c, *dir;
   1320          #if _USE_LFN
   1321              BYTE a, ord, sum;
   1322          #endif
   1323          
   \   1034  CD5B11            CALL    ?1303
   \   1037  DD77FA            LD      (IX-6),A
   1324              res = dir_sdi(dj, 0);           /* Rewind directory object */
   \   103A  B7                OR      A
   \   103B  C25511            JP      NZ,?0246
   \   103E            ?0244:
   1325              if (res != FR_OK) return res;
   1326          
   1327          #if _USE_LFN
   \   103E            ?0245:
   \   103E  DD36FDFF          LD      (IX-3),255
   \   1042  DD36FBFF          LD      (IX-5),255
   \   1046            ?0248:
   1328              ord = sum = 0xFF;
   1329          #endif
   1330              do {
   \   1046  FD6E10            LD      L,(IY+16)
   \   1049  FD6611            LD      H,(IY+17)
   \   104C  E5                PUSH    HL
   \   104D  FD6E0E            LD      L,(IY+14)
   \   1050  FD660F            LD      H,(IY+15)
   \   1053  E5                PUSH    HL
   \   1054  CDF80C            CALL    ?1293
   \   1057  E1                POP     HL
   \   1058  E1                POP     HL
   \   1059  DD77FA            LD      (IX-6),A
   1331                  res = move_window(dj->fs, dj->sect);
   \   105C  B7                OR      A
   \   105D  C25511            JP      NZ,?0246
   \   1060            ?0249:
   \   1060            ?0250:
   1332                  if (res != FR_OK) break;
   \   1060  D9                EXX
   \   1061  FD4E12            LD      C,(IY+18)
   \   1064  FD4613            LD      B,(IY+19)
   1333                  dir = dj->dir;                  /* Ptr to the directory entry of current index */
   \   1067  C5                PUSH    BC
   \   1068  D9                EXX
   \   1069  E1                POP     HL
   \   106A  46                LD      B,(HL)
   \   106B  DD70FC            LD      (IX-4),B
   1334                  c = dir[DIR_Name];
   \   106E  04                INC     B
   \   106F  05                DEC     B
   \   1070  2007              JR      NZ,?0252
   \   1072            ?0251:
   \   1072  DD36FA04          LD      (IX-6),4
   \   1076  C35511            JP      ?0246
   \   1079            ?0252:
   1335                  if (c == 0) { res = FR_NO_FILE; break; }    /* Reached to end of table */
   1336          #if _USE_LFN    /* LFN configuration */
   \   1079  210B00            LD      HL,11
   \   107C  D9                EXX
   \   107D  C5                PUSH    BC
   \   107E  D9                EXX
   \   107F  C1                POP     BC
   \   1080  09                ADD     HL,BC
   \   1081  7E                LD      A,(HL)
   \   1082  E63F              AND     63
   \   1084  DD77FE            LD      (IX-2),A
   1337                  a = dir[DIR_Attr] & AM_MASK;
   \   1087  DD7EFC            LD      A,(IX-4)
   \   108A  FEE5              CP      229
   \   108C  280D              JR      Z,?0258
   \   108E  DDCBFE5E          BIT     3,(IX-2)
   \   1092  280E              JR      Z,?0254
   \   1094  DD7EFE            LD      A,(IX-2)
   \   1097  FE0F              CP      15
   \   1099  2807              JR      Z,?0254
   \   109B            ?0258:
   \   109B            ?0257:
   \   109B            ?0255:
   \   109B            ?0256:
   \   109B            ?0253:
   1338                  if (c == DDE || ((a & AM_VOL) && a != AM_LFN)) {    /* An entry without valid data */
   \   109B  DD36FBFF          LD      (IX-5),255
   1339                      ord = 0xFF;
   \   109F  C34B11            JP      ?0278
   \   10A2            ?0254:
   1340                  } else {
   \   10A2  DD7EFE            LD      A,(IX-2)
   \   10A5  FE0F              CP      15
   \   10A7  2065              JR      NZ,?0261
   \   10A9            ?0260:
   1341                      if (a == AM_LFN) {          /* An LFN entry is found */
   \   10A9  FD7E16            LD      A,(IY+22)
   \   10AC  FDB617            OR      (IY+23)
   \   10AF  285B              JR      Z,?0263
   \   10B1            ?0262:
   1342                          if (dj->lfn) {
   \   10B1  DDCBFC76          BIT     6,(IX-4)
   \   10B5  2822              JR      Z,?0265
   \   10B7            ?0264:
   1343                              if (c & LLE) {      /* Is it start of LFN sequence? */
   \   10B7  210D00            LD      HL,13
   \   10BA  D9                EXX
   \   10BB  C5                PUSH    BC
   \   10BC  D9                EXX
   \   10BD  C1                POP     BC
   \   10BE  09                ADD     HL,BC
   \   10BF  46                LD      B,(HL)
   \   10C0  DD70FD            LD      (IX-3),B
   1344                                  sum = dir[LDIR_Chksum];
   \   10C3  DDCBFCB6          RES     6,(IX-4)
   1345                                  c &= ~LLE; ord = c; /* LFN start order */
   \   10C7  FD6E04            LD      L,(IY+4)
   \   10CA  FD6605            LD      H,(IY+5)
   \   10CD  FD7518            LD      (IY+24),L
   \   10D0  FD7419            LD      (IY+25),H
   \   10D3  DD46FC            LD      B,(IX-4)
   \   10D6  DD70FB            LD      (IX-5),B
   \   10D9            ?0265:
   1346                                  dj->lfn_idx = dj->index;
   1347                              }
   1348                              /* Check validity of the LFN entry and compare it with given name */
   \   10D9  DD7EFC            LD      A,(IX-4)
   \   10DC  DDBEFB            CP      (IX-5)
   \   10DF  2026              JR      NZ,?0269
   \   10E1  210D00            LD      HL,13
   \   10E4  D9                EXX
   \   10E5  C5                PUSH    BC
   \   10E6  D9                EXX
   \   10E7  C1                POP     BC
   \   10E8  09                ADD     HL,BC
   \   10E9  7E                LD      A,(HL)
   \   10EA  DDBEFD            CP      (IX-3)
   \   10ED  2018              JR      NZ,?0269
   \   10EF  D9                EXX
   \   10F0  C5                PUSH    BC
   \   10F1  D9                EXX
   \   10F2  C1                POP     BC
   \   10F3  FD5E16            LD      E,(IY+22)
   \   10F6  FD5617            LD      D,(IY+23)
   \   10F9  CD0A0D            CALL    cmp_lfn
   \   10FC  7D                LD      A,L
   \   10FD  B4                OR      H
   \   10FE  2807              JR      Z,?0269
   \   1100  DD7EFB            LD      A,(IX-5)
   \   1103  C6FF              ADD     A,255
   \   1105  1802              JR      ?0270
   \   1107            ?0269:
   \   1107  3EFF              LD      A,255
   \   1109            ?0270:
   \   1109  DD77FB            LD      (IX-5),A
   \   110C            ?0263:
   1349                              ord = (c == ord && sum == dir[LDIR_Chksum] && cmp_lfn(dj->lfn, dir)) ? ord - 1 : 0xFF;
   1350                          }
   \   110C  183D              JR      ?0278
   \   110E            ?0261:
   1351                      } else {                    /* An SFN entry is found */
   \   110E  AF                XOR     A
   \   110F  DDB6FB            OR      (IX-5)
   \   1112  200C              JR      NZ,?0274
   \   1114  D9                EXX
   \   1115  C5                PUSH    BC
   \   1116  D9                EXX
   \   1117  D1                POP     DE
   \   1118  CDF00F            CALL    sum_sfn
   \   111B  DDBEFD            CP      (IX-3)
   \   111E  2835              JR      Z,?0246
   \   1120            ?0276:
   \   1120            ?0275:
   \   1120            ?0273:
   \   1120            ?0274:
   1352                          if (!ord && sum == sum_sfn(dir)) break; /* LFN matched? */
   \   1120  FD3618FF          LD      (IY+24),255
   \   1124  FD3619FF          LD      (IY+25),255
   1353                          ord = 0xFF; dj->lfn_idx = 0xFFFF;   /* Reset LFN sequence */
   \   1128  DD36FBFF          LD      (IX-5),255
   \   112C  FD6E14            LD      L,(IY+20)
   \   112F  FD6615            LD      H,(IY+21)
   \   1132  010B00            LD      BC,11
   \   1135  09                ADD     HL,BC
   \   1136  CB46              BIT     0,(HL)
   \   1138  2011              JR      NZ,?0278
   \   113A  D9                EXX
   \   113B  C5                PUSH    BC
   \   113C  D9                EXX
   \   113D  D1                POP     DE
   \   113E  FD6E14            LD      L,(IY+20)
   \   1141  FD6615            LD      H,(IY+21)
   \   1144  CD0000            CALL    ?MEMCMP_L11
   \   1147  7D                LD      A,L
   \   1148  B4                OR      H
   \   1149  280A              JR      Z,?0246
   \   114B            ?0280:
   \   114B            ?0279:
   \   114B            ?0277:
   \   114B            ?0278:
   \   114B            ?0272:
   \   114B            ?0259:
   1354                          if (!(dj->fn[NS] & NS_LOSS) && !memcmp(dir, dj->fn, 11)) break; /* SFN matched? */
   1355                      }
   1356                  }
   1357          #else       /* Non LFN configuration */
   1360          #endif
   \   114B  CD6411            CALL    ?1305
   \   114E  DD77FA            LD      (IX-6),A
   1361                  res = dir_next(dj, 0);      /* Next entry */
   \   1151  B7                OR      A
   \   1152  CA4610            JP      Z,?0248
   \   1155            ?0246:
   1362              } while (res == FR_OK);
   1363          
   \   1155  DD7EFA            LD      A,(IX-6)
   1364              return res;
   \   1158            ?0281:
   \   1158  C3F00C            JP      ?0171
   \   115B            ?1303:
   \   115B  010000            LD      BC,0
   \   115E            ?1304:
   \   115E  FDE5              PUSH    IY
   \   1160  D1                POP     DE
   \   1161  C3AC08            JP      dir_sdi
   \   1164            ?1305:
   \   1164  010000            LD      BC,0
   \   1167            ?1306:
   \   1167  FDE5              PUSH    IY
   \   1169  D1                POP     DE
   \   116A  C3AF0A            JP      dir_next
   1365          }
   1366          
   1367          
   1368          
   1369          
   1370          /*-----------------------------------------------------------------------*/
   1371          /* Read an object from the directory                                     */
   1372          /*-----------------------------------------------------------------------*/
   1373          #if _FS_MINIMIZE <= 1
   1374          static
   1375          FRESULT dir_read (
   1376              DIR *dj         /* Pointer to the directory object that pointing the entry to be read */
   1377          )
   \   116D            dir_read:
   \   116D  CD0000            CALL    ?ENT_AUTO_DIRECT_L09
   \   1170  FAFF              DEFW    -6
   \   1172  FDE5              PUSH    IY
   \   1174  D9                EXX
   \   1175  C5                PUSH    BC
   \   1176  D9                EXX
   \   1177  DD6E02            LD      L,(IX+2)
   \   117A  DD6603            LD      H,(IX+3)
   \   117D  E5                PUSH    HL
   \   117E  FDE1              POP     IY
   1378          {
   1379              FRESULT res;
   1380              BYTE c, *dir;
   1381          #if _USE_LFN
   1382              BYTE a, ord = 0xFF, sum = 0xFF;
   1383          #endif
   1384          
   \   1180  DD36FCFF          LD      (IX-4),255
   \   1184  DD36FDFF          LD      (IX-3),255
   \   1188  DD36FB04          LD      (IX-5),4
   \   118C            ?0283:
   1385              res = FR_NO_FILE;
   \   118C  FD7E0E            LD      A,(IY+14)
   \   118F  FDB60F            OR      (IY+15)
   \   1192  FDB610            OR      (IY+16)
   \   1195  FDB611            OR      (IY+17)
   \   1198  CA8B12            JP      Z,?0282
   \   119B            ?0284:
   1386              while (dj->sect) {
   \   119B  FD6E10            LD      L,(IY+16)
   \   119E  FD6611            LD      H,(IY+17)
   \   11A1  E5                PUSH    HL
   \   11A2  FD6E0E            LD      L,(IY+14)
   \   11A5  FD660F            LD      H,(IY+15)
   \   11A8  E5                PUSH    HL
   \   11A9  CDF80C            CALL    ?1293
   \   11AC  E1                POP     HL
   \   11AD  E1                POP     HL
   \   11AE  DD77FB            LD      (IX-5),A
   1387                  res = move_window(dj->fs, dj->sect);
   \   11B1  B7                OR      A
   \   11B2  C28B12            JP      NZ,?0282
   \   11B5            ?0285:
   \   11B5            ?0286:
   1388                  if (res != FR_OK) break;
   \   11B5  D9                EXX
   \   11B6  FD4E12            LD      C,(IY+18)
   \   11B9  FD4613            LD      B,(IY+19)
   1389                  dir = dj->dir;                  /* Ptr to the directory entry of current index */
   \   11BC  C5                PUSH    BC
   \   11BD  D9                EXX
   \   11BE  E1                POP     HL
   \   11BF  46                LD      B,(HL)
   \   11C0  DD70FA            LD      (IX-6),B
   1390                  c = dir[DIR_Name];
   \   11C3  04                INC     B
   \   11C4  05                DEC     B
   \   11C5  2007              JR      NZ,?0288
   \   11C7            ?0287:
   \   11C7  DD36FB04          LD      (IX-5),4
   \   11CB  C38B12            JP      ?0282
   \   11CE            ?0288:
   1391                  if (c == 0) { res = FR_NO_FILE; break; }    /* Reached to end of table */
   1392          #if _USE_LFN    /* LFN configuration */
   \   11CE  210B00            LD      HL,11
   \   11D1  D9                EXX
   \   11D2  C5                PUSH    BC
   \   11D3  D9                EXX
   \   11D4  C1                POP     BC
   \   11D5  09                ADD     HL,BC
   \   11D6  7E                LD      A,(HL)
   \   11D7  E63F              AND     63
   \   11D9  DD77FE            LD      (IX-2),A
   1393                  a = dir[DIR_Attr] & AM_MASK;
   \   11DC  DD7EFA            LD      A,(IX-6)
   \   11DF  FEE5              CP      229
   \   11E1  2817              JR      Z,?0296
   \   11E3  AF                XOR     A
   \   11E4  2807              JR      Z,?0294
   \   11E6  DD7EFA            LD      A,(IX-6)
   \   11E9  FE2E              CP      46
   \   11EB  280D              JR      Z,?0296
   \   11ED            ?0294:
   \   11ED            ?0293:
   \   11ED  DDCBFE5E          BIT     3,(IX-2)
   \   11F1  280E              JR      Z,?0290
   \   11F3  DD7EFE            LD      A,(IX-2)
   \   11F6  FE0F              CP      15
   \   11F8  2807              JR      Z,?0290
   \   11FA            ?0296:
   \   11FA            ?0295:
   \   11FA            ?0291:
   \   11FA            ?0292:
   \   11FA            ?0289:
   1394                  if (c == DDE || (!_FS_RPATH && c == '.') || ((a & AM_VOL) && a != AM_LFN)) {    /* An entry without valid data */
   \   11FA  DD36FCFF          LD      (IX-4),255
   1395                      ord = 0xFF;
   \   11FE  C38112            JP      ?0308
   \   1201            ?0290:
   1396                  } else {
   \   1201  DD7EFE            LD      A,(IX-2)
   \   1204  FE0F              CP      15
   \   1206  205D              JR      NZ,?0299
   \   1208            ?0298:
   1397                      if (a == AM_LFN) {          /* An LFN entry is found */
   \   1208  DDCBFA76          BIT     6,(IX-6)
   \   120C  2822              JR      Z,?0301
   \   120E            ?0300:
   1398                          if (c & LLE) {          /* Is it start of LFN sequence? */
   \   120E  210D00            LD      HL,13
   \   1211  D9                EXX
   \   1212  C5                PUSH    BC
   \   1213  D9                EXX
   \   1214  C1                POP     BC
   \   1215  09                ADD     HL,BC
   \   1216  46                LD      B,(HL)
   \   1217  DD70FD            LD      (IX-3),B
   1399                              sum = dir[LDIR_Chksum];
   \   121A  DDCBFAB6          RES     6,(IX-6)
   1400                              c &= ~LLE; ord = c;
   \   121E  FD6E04            LD      L,(IY+4)
   \   1221  FD6605            LD      H,(IY+5)
   \   1224  FD7518            LD      (IY+24),L
   \   1227  FD7419            LD      (IY+25),H
   \   122A  DD46FA            LD      B,(IX-6)
   \   122D  DD70FC            LD      (IX-4),B
   \   1230            ?0301:
   1401                              dj->lfn_idx = dj->index;
   1402                          }
   1403                          /* Check LFN validity and capture it */
   \   1230  DD7EFA            LD      A,(IX-6)
   \   1233  DDBEFC            CP      (IX-4)
   \   1236  2026              JR      NZ,?0305
   \   1238  210D00            LD      HL,13
   \   123B  D9                EXX
   \   123C  C5                PUSH    BC
   \   123D  D9                EXX
   \   123E  C1                POP     BC
   \   123F  09                ADD     HL,BC
   \   1240  7E                LD      A,(HL)
   \   1241  DDBEFD            CP      (IX-3)
   \   1244  2018              JR      NZ,?0305
   \   1246  D9                EXX
   \   1247  C5                PUSH    BC
   \   1248  D9                EXX
   \   1249  C1                POP     BC
   \   124A  FD5E16            LD      E,(IY+22)
   \   124D  FD5617            LD      D,(IY+23)
   \   1250  CDAE0D            CALL    pick_lfn
   \   1253  7D                LD      A,L
   \   1254  B4                OR      H
   \   1255  2807              JR      Z,?0305
   \   1257  DD7EFC            LD      A,(IX-4)
   \   125A  C6FF              ADD     A,255
   \   125C  1802              JR      ?0306
   \   125E            ?0305:
   \   125E  3EFF              LD      A,255
   \   1260            ?0306:
   \   1260  DD77FC            LD      (IX-4),A
   1404                          ord = (c == ord && sum == dir[LDIR_Chksum] && pick_lfn(dj->lfn, dir)) ? ord - 1 : 0xFF;
   \   1263  181C              JR      ?0308
   \   1265            ?0299:
   1405                      } else {                    /* An SFN entry is found */
   \   1265  AF                XOR     A
   \   1266  DDB6FC            OR      (IX-4)
   \   1269  200C              JR      NZ,?0311
   \   126B  D9                EXX
   \   126C  C5                PUSH    BC
   \   126D  D9                EXX
   \   126E  D1                POP     DE
   \   126F  CDF00F            CALL    sum_sfn
   \   1272  DDBEFD            CP      (IX-3)
   \   1275  2814              JR      Z,?0282
   \   1277            ?0311:
   \   1277            ?0312:
   \   1277            ?0309:
   1406                          if (ord || sum != sum_sfn(dir)) /* Is there a valid LFN? */
   \   1277  FD3618FF          LD      (IY+24),255
   \   127B  FD3619FF          LD      (IY+25),255
   \   127F            ?0310:
   1407                              dj->lfn_idx = 0xFFFF;       /* It has no LFN. */
   \   127F  180A              JR      ?0282
   \   1281            ?0308:
   \   1281            ?0297:
   1408                          break;
   1409                      }
   1410                  }
   1411          #else       /* Non LFN configuration */
   1414          #endif
   \   1281  CD6411            CALL    ?1305
   \   1284  DD77FB            LD      (IX-5),A
   1415                  res = dir_next(dj, 0);              /* Next entry */
   \   1287  B7                OR      A
   \   1288  CA8C11            JP      Z,?0283
   \   128B            ?0313:
   \   128B            ?0314:
   1416                  if (res != FR_OK) break;
   1417              }
   1418          
   \   128B            ?0282:
   \   128B  AF                XOR     A
   \   128C  DDB6FB            OR      (IX-5)
   \   128F  280D              JR      Z,?0316
   \   1291            ?0315:
   \   1291  AF                XOR     A
   \   1292  FD770E            LD      (IY+14),A
   \   1295  FD770F            LD      (IY+15),A
   \   1298  FD7710            LD      (IY+16),A
   \   129B  FD7711            LD      (IY+17),A
   \   129E            ?0316:
   1419              if (res != FR_OK) dj->sect = 0;
   1420          
   \   129E  DD7EFB            LD      A,(IX-5)
   1421              return res;
   \   12A1  C3F00C            JP      ?0171
   1422          }
   1423          #endif
   1424          
   1425          
   1426          
   1427          /*-----------------------------------------------------------------------*/
   1428          /* Register an object to the directory                                   */
   1429          /*-----------------------------------------------------------------------*/
   1430          #if !_FS_READONLY
   1431          static
   1432          FRESULT dir_register (  /* FR_OK:Successful, FR_DENIED:No free entry or too many SFN collision, FR_DISK_ERR:Disk error */
   1433              DIR *dj             /* Target directory with object name to be created */
   1434          )
   \   12A4            dir_register:
   \   12A4  CD0000            CALL    ?ENT_AUTO_DIRECT_L09
   \   12A7  E8FF              DEFW    -24
   \   12A9  FDE5              PUSH    IY
   \   12AB  D9                EXX
   \   12AC  C5                PUSH    BC
   \   12AD  D5                PUSH    DE
   \   12AE  D9                EXX
   \   12AF  DD6E02            LD      L,(IX+2)
   \   12B2  DD6603            LD      H,(IX+3)
   \   12B5  E5                PUSH    HL
   \   12B6  FDE1              POP     IY
   1435          {
   1436              FRESULT res;
   1437              BYTE c, *dir;
   1438          #if _USE_LFN    /* LFN configuration */
   1439              WORD n, ne, is;
   1440              BYTE sn[12], *fn, sum;
   1441              WCHAR *lfn;
   1442          
   1443          
   \   12B8  FD6E14            LD      L,(IY+20)
   \   12BB  DD75EA            LD      (IX-22),L
   \   12BE  FD6615            LD      H,(IY+21)
   \   12C1  DD74EB            LD      (IX-21),H
   \   12C4  FD4E16            LD      C,(IY+22)
   \   12C7  DD71EC            LD      (IX-20),C
   \   12CA  FD4617            LD      B,(IY+23)
   \   12CD  DD70ED            LD      (IX-19),B
   1444              fn = dj->fn; lfn = dj->lfn;
   \   12D0  010C00            LD      BC,12
   \   12D3  211200            LD      HL,18
   \   12D6  39                ADD     HL,SP
   \   12D7  EB                EX      DE,HL
   \   12D8  DD6EEA            LD      L,(IX-22)
   \   12DB  DD66EB            LD      H,(IX-21)
   \   12DE  EDB0              LDIR
   1445              memcpy(sn, fn, 12);
   1446          
   \   12E0  DDCBFF6E          BIT     5,(IX-1)
   \   12E4  2805              JR      Z,?0318
   \   12E6            ?0320:
   \   12E6            ?0319:
   \   12E6            ?0317:
   1447              if (_FS_RPATH && (sn[NS] & NS_DOT))     /* Cannot create dot entry */
   \   12E6  3E06              LD      A,6
   1448                  return FR_INVALID_NAME;
   1449          
   \   12E8  C3F814            JP      ?0373
   \   12EB            ?0318:
   \   12EB  DDCBFF46          BIT     0,(IX-1)
   \   12EF  287E              JR      Z,?0322
   \   12F1            ?0321:
   1450              if (sn[NS] & NS_LOSS) {         /* When LFN is out of 8.3 format, generate a numbered name */
   \   12F1  210B00            LD      HL,11
   \   12F4  DD4EEA            LD      C,(IX-22)
   \   12F7  DD46EB            LD      B,(IX-21)
   \   12FA  09                ADD     HL,BC
   \   12FB  3600              LD      (HL),0
   \   12FD  AF                XOR     A
   \   12FE  FD7716            LD      (IY+22),A
   \   1301  FD7717            LD      (IY+23),A
   1451                  fn[NS] = 0; dj->lfn = 0;            /* Find only SFN */
   \   1304  D9                EXX
   \   1305  110100            LD      DE,1
   \   1308            ?1159:
   \   1308  D9                EXX
   \   1309            ?0324:
   \   1309  016400            LD      BC,100
   \   130C  D9                EXX
   \   130D  D5                PUSH    DE
   \   130E  D9                EXX
   \   130F  E1                POP     HL
   \   1310  A7                AND     A
   \   1311  ED42              SBC     HL,BC
   \   1313  302B              JR      NC,?0323
   \   1315            ?0325:
   1452                  for (n = 1; n < 100; n++) {
   \   1315  D9                EXX
   \   1316  D5                PUSH    DE
   \   1317  D9                EXX
   \   1318  DD6EEC            LD      L,(IX-20)
   \   131B  DD66ED            LD      H,(IX-19)
   \   131E  E5                PUSH    HL
   \   131F  211600            LD      HL,22
   \   1322  39                ADD     HL,SP
   \   1323  4D                LD      C,L
   \   1324  44                LD      B,H
   \   1325  DD5EEA            LD      E,(IX-22)
   \   1328  DD56EB            LD      D,(IX-21)
   \   132B  CDF60E            CALL    gen_numname
   \   132E  E1                POP     HL
   \   132F  E1                POP     HL
   1453                      gen_numname(fn, sn, lfn, n);    /* Generate a numbered name */
   \   1330  FDE5              PUSH    IY
   \   1332  D1                POP     DE
   \   1333  CD2110            CALL    dir_find
   \   1336  DD77E8            LD      (IX-24),A
   1454                      res = dir_find(dj);             /* Check if the name collides with existing SFN */
   \   1339  B7                OR      A
   \   133A  2004              JR      NZ,?0323
   \   133C            ?0327:
   \   133C            ?0328:
   \   133C  D9                EXX
   \   133D  13                INC     DE
   \   133E  18C8              JR      ?1159
   1455                      if (res != FR_OK) break;
   1456                  }
   \   1340            ?0323:
   \   1340  3E64              LD      A,100
   \   1342  D9                EXX
   \   1343  AB                XOR     E
   \   1344  B2                OR      D
   \   1345  D9                EXX
   \   1346  2005              JR      NZ,?0330
   \   1348            ?0329:
   \   1348  3E07              LD      A,7
   1457                  if (n == 100) return FR_DENIED;     /* Abort if too many collisions */
   \   134A  C3F814            JP      ?0373
   \   134D            ?0330:
   \   134D  DD7EE8            LD      A,(IX-24)
   \   1350  FE04              CP      4
   \   1352  C2F514            JP      NZ,?0372
   \   1355            ?0331:
   1458                  if (res != FR_NO_FILE) return res;  /* Abort if the result is other than 'not collided' */
   \   1355            ?0332:
   \   1355  210B00            LD      HL,11
   \   1358  DD4EEA            LD      C,(IX-22)
   \   135B  DD46EB            LD      B,(IX-21)
   \   135E  09                ADD     HL,BC
   \   135F  DD46FF            LD      B,(IX-1)
   \   1362  70                LD      (HL),B
   \   1363  DD6EEC            LD      L,(IX-20)
   \   1366  FD7516            LD      (IY+22),L
   \   1369  DD66ED            LD      H,(IX-19)
   \   136C  FD7417            LD      (IY+23),H
   \   136F            ?0322:
   1459                  fn[NS] = sn[NS]; dj->lfn = lfn;
   1460              }
   1461          
   \   136F  DDCBFF4E          BIT     1,(IX-1)
   \   1373  D9                EXX
   \   1374  282B              JR      Z,?0334
   \   1376            ?0333:
   1462              if (sn[NS] & NS_LFN) {          /* When LFN is to be created, reserve an SFN + LFN entries. */
   \   1376  010000            LD      BC,0
   \   1379            ?1160:
   \   1379            ?0336:
   \   1379  C5                PUSH    BC
   \   137A  D9                EXX
   \   137B  E1                POP     HL
   \   137C  29                ADD     HL,HL
   \   137D  DD4EEC            LD      C,(IX-20)
   \   1380  DD46ED            LD      B,(IX-19)
   \   1383  09                ADD     HL,BC
   \   1384  7E                LD      A,(HL)
   \   1385  23                INC     HL
   \   1386  B6                OR      (HL)
   \   1387  2804              JR      Z,?0335
   \   1389            ?0337:
   \   1389  D9                EXX
   \   138A  03                INC     BC
   \   138B  18EC              JR      ?1160
   1463                  for (ne = 0; lfn[ne]; ne++) ;
   \   138D            ?0335:
   \   138D  211900            LD      HL,25
   \   1390  D9                EXX
   \   1391  C5                PUSH    BC
   \   1392  D9                EXX
   \   1393  C1                POP     BC
   \   1394  09                ADD     HL,BC
   \   1395  EB                EX      DE,HL
   \   1396  010D00            LD      BC,13
   \   1399  CD0000            CALL    ?US_DIV_L02
   \   139C  D5                PUSH    DE
   \   139D  D9                EXX
   \   139E  C1                POP     BC
   \   139F  1803              JR      ?1164
   1464                  ne = (ne + 25) / 13;
   \   13A1            ?0334:
   1465              } else {                        /* Otherwise reserve only an SFN entry. */
   \   13A1  010100            LD      BC,1
   \   13A4            ?1164:
   \   13A4  D9                EXX
   \   13A5            ?0339:
   1466                  ne = 1;
   1467              }
   1468          
   1469              /* Reserve contiguous entries */
   \   13A5  CD5B11            CALL    ?1303
   \   13A8  DD77E8            LD      (IX-24),A
   1470              res = dir_sdi(dj, 0);
   \   13AB  B7                OR      A
   \   13AC  C2F514            JP      NZ,?0372
   \   13AF            ?0340:
   1471              if (res != FR_OK) return res;
   \   13AF            ?0341:
   \   13AF  DD77F0            LD      (IX-16),A
   \   13B2  DD77F1            LD      (IX-15),A
   \   13B5  D9                EXX
   \   13B6  110000            LD      DE,0
   \   13B9  D9                EXX
   \   13BA            ?0344:
   1472              n = is = 0;
   1473              do {
   \   13BA  FD6E10            LD      L,(IY+16)
   \   13BD  FD6611            LD      H,(IY+17)
   \   13C0  E5                PUSH    HL
   \   13C1  FD6E0E            LD      L,(IY+14)
   \   13C4  FD660F            LD      H,(IY+15)
   \   13C7  E5                PUSH    HL
   \   13C8  CDF80C            CALL    ?1293
   \   13CB  E1                POP     HL
   \   13CC  E1                POP     HL
   \   13CD  DD77E8            LD      (IX-24),A
   1474                  res = move_window(dj->fs, dj->sect);
   \   13D0  B7                OR      A
   \   13D1  2042              JR      NZ,?0342
   \   13D3            ?0345:
   \   13D3            ?0346:
   1475                  if (res != FR_OK) break;
   \   13D3  FD6E12            LD      L,(IY+18)
   \   13D6  FD6613            LD      H,(IY+19)
   \   13D9  46                LD      B,(HL)
   \   13DA  78                LD      A,B
   1476                  c = *dj->dir;               /* Check the entry status */
   \   13DB  FEE5              CP      229
   \   13DD  2804              JR      Z,?0349
   \   13DF  AF                XOR     A
   \   13E0  B0                OR      B
   \   13E1  2021              JR      NZ,?0348
   \   13E3            ?0349:
   \   13E3            ?0350:
   \   13E3            ?0347:
   1477                  if (c == DDE || c == 0) {   /* Is it a blank entry? */
   \   13E3  D9                EXX
   \   13E4  7B                LD      A,E
   \   13E5  B2                OR      D
   \   13E6  D9                EXX
   \   13E7  200C              JR      NZ,?0352
   \   13E9            ?0351:
   \   13E9  FD6E04            LD      L,(IY+4)
   \   13EC  DD75F0            LD      (IX-16),L
   \   13EF  FD6605            LD      H,(IY+5)
   \   13F2  DD74F1            LD      (IX-15),H
   \   13F5            ?0352:
   1478                      if (n == 0) is = dj->index; /* First index of the contiguous entry */
   \   13F5  D9                EXX
   \   13F6  13                INC     DE
   \   13F7  D5                PUSH    DE
   \   13F8  D9                EXX
   \   13F9  E1                POP     HL
   \   13FA  D9                EXX
   \   13FB  C5                PUSH    BC
   \   13FC  D9                EXX
   \   13FD  C1                POP     BC
   \   13FE  ED42              SBC     HL,BC
   \   1400  2007              JR      NZ,?0355
   \   1402            ?0353:
   \   1402  1811              JR      ?0342
   \   1404            ?0354:
   1479                      if (++n == ne) break;   /* A contiguous entry that required count is found */
   \   1404            ?0348:
   1480                  } else {
   \   1404  D9                EXX
   \   1405  110000            LD      DE,0
   \   1408  D9                EXX
   \   1409            ?0355:
   1481                      n = 0;                  /* Not a blank entry. Restart to search */
   1482                  }
   \   1409  010100            LD      BC,1
   \   140C  CD6711            CALL    ?1306
   \   140F  DD77E8            LD      (IX-24),A
   1483                  res = dir_next(dj, 1);      /* Next entry with table stretch */
   \   1412  B7                OR      A
   \   1413  28A5              JR      Z,?0344
   \   1415            ?0342:
   1484              } while (res == FR_OK);
   1485          
   \   1415  AF                XOR     A
   \   1416  DDB6E8            OR      (IX-24)
   \   1419  2079              JR      NZ,?0362
   \   141B  D9                EXX
   \   141C  C5                PUSH    BC
   \   141D  D9                EXX
   \   141E  C1                POP     BC
   \   141F  210100            LD      HL,1
   \   1422  ED42              SBC     HL,BC
   \   1424  306E              JR      NC,?0362
   \   1426            ?0359:
   \   1426            ?0358:
   \   1426            ?0356:
   1486              if (res == FR_OK && ne > 1) {   /* Initialize LFN entry if needed */
   \   1426  DD4EF0            LD      C,(IX-16)
   \   1429  DD46F1            LD      B,(IX-15)
   \   142C  CD5E11            CALL    ?1304
   \   142F  DD77E8            LD      (IX-24),A
   1487                  res = dir_sdi(dj, is);
   \   1432  B7                OR      A
   \   1433  205F              JR      NZ,?0362
   \   1435            ?0360:
   1488                  if (res == FR_OK) {
   \   1435  FD5E14            LD      E,(IY+20)
   \   1438  FD5615            LD      D,(IY+21)
   \   143B  CDF00F            CALL    sum_sfn
   \   143E  DD77F2            LD      (IX-14),A
   1489                      sum = sum_sfn(dj->fn);  /* Sum of the SFN tied to the LFN */
   \   1441  D9                EXX
   \   1442  0B                DEC     BC
   \   1443  D9                EXX
   \   1444            ?0364:
   1490                      ne--;
   1491                      do {                    /* Store LFN entries in bottom first */
   \   1444  FD6E10            LD      L,(IY+16)
   \   1447  FD6611            LD      H,(IY+17)
   \   144A  E5                PUSH    HL
   \   144B  FD6E0E            LD      L,(IY+14)
   \   144E  FD660F            LD      H,(IY+15)
   \   1451  E5                PUSH    HL
   \   1452  CDF80C            CALL    ?1293
   \   1455  E1                POP     HL
   \   1456  E1                POP     HL
   \   1457  DD77E8            LD      (IX-24),A
   1492                          res = move_window(dj->fs, dj->sect);
   \   145A  B7                OR      A
   \   145B  2037              JR      NZ,?0362
   \   145D            ?0365:
   \   145D            ?0366:
   1493                          if (res != FR_OK) break;
   \   145D  DD6EF2            LD      L,(IX-14)
   \   1460  E5                PUSH    HL
   \   1461  D9                EXX
   \   1462  C5                PUSH    BC
   \   1463  D9                EXX
   \   1464  FD4E12            LD      C,(IY+18)
   \   1467  FD4613            LD      B,(IY+19)
   \   146A  FD5E16            LD      E,(IY+22)
   \   146D  FD5617            LD      D,(IY+23)
   \   1470  CD5B0E            CALL    fit_lfn
   \   1473  E1                POP     HL
   \   1474  E1                POP     HL
   1494                          fit_lfn(dj->lfn, dj->dir, (BYTE)ne, sum);
   \   1475  FD6E00            LD      L,(IY+0)
   \   1478  FD6601            LD      H,(IY+1)
   \   147B  010500            LD      BC,5
   \   147E  09                ADD     HL,BC
   \   147F  3601              LD      (HL),1
   1495                          dj->fs->wflag = 1;
   \   1481  48                LD      C,B
   \   1482  CD6711            CALL    ?1306
   \   1485  DD77E8            LD      (IX-24),A
   1496                          res = dir_next(dj, 0);  /* Next entry */
   \   1488  B7                OR      A
   \   1489  2009              JR      NZ,?0362
   \   148B  D9                EXX
   \   148C  0B                DEC     BC
   \   148D  C5                PUSH    BC
   \   148E  D9                EXX
   \   148F  E1                POP     HL
   \   1490  7D                LD      A,L
   \   1491  B4                OR      H
   \   1492  20B0              JR      NZ,?0364
   \   1494            ?0362:
   \   1494            ?0361:
   \   1494            ?0357:
   1497                      } while (res == FR_OK && --ne);
   1498                  }
   1499              }
   1500          
   1501          #else   /* Non LFN configuration */
   1512          #endif
   1513          
   \   1494  AF                XOR     A
   \   1495  DDB6E8            OR      (IX-24)
   \   1498  205B              JR      NZ,?0372
   \   149A            ?0369:
   1514              if (res == FR_OK) {     /* Initialize the SFN entry */
   \   149A  FD6E10            LD      L,(IY+16)
   \   149D  FD6611            LD      H,(IY+17)
   \   14A0  E5                PUSH    HL
   \   14A1  FD6E0E            LD      L,(IY+14)
   \   14A4  FD660F            LD      H,(IY+15)
   \   14A7  E5                PUSH    HL
   \   14A8  CDF80C            CALL    ?1293
   \   14AB  E1                POP     HL
   \   14AC  E1                POP     HL
   \   14AD  DD77E8            LD      (IX-24),A
   1515                  res = move_window(dj->fs, dj->sect);
   \   14B0  B7                OR      A
   \   14B1  2042              JR      NZ,?0372
   \   14B3            ?0371:
   1516                  if (res == FR_OK) {
   \   14B3  FD6E12            LD      L,(IY+18)
   \   14B6  DD75EE            LD      (IX-18),L
   \   14B9  FD6613            LD      H,(IY+19)
   \   14BC  DD74EF            LD      (IX-17),H
   1517                      dir = dj->dir;
   \   14BF  012000            LD      BC,32
   \   14C2  EB                EX      DE,HL
   \   14C3  68                LD      L,B
   \   14C4  CD0000            CALL    ?MEMSET_L11
   1518                      memset(dir, 0, SZ_DIR); /* Clean the entry */
   \   14C7  010B00            LD      BC,11
   \   14CA  FD6E14            LD      L,(IY+20)
   \   14CD  FD6615            LD      H,(IY+21)
   \   14D0  EDB0              LDIR
   1519                      memcpy(dir, dj->fn, 11);    /* Put SFN */
   1520          #if _USE_LFN
   \   14D2  FD6E14            LD      L,(IY+20)
   \   14D5  FD6615            LD      H,(IY+21)
   \   14D8  0E0B              LD      C,11
   \   14DA  09                ADD     HL,BC
   \   14DB  7E                LD      A,(HL)
   \   14DC  E618              AND     24
   \   14DE  210C00            LD      HL,12
   \   14E1  DD4EEE            LD      C,(IX-18)
   \   14E4  DD46EF            LD      B,(IX-17)
   \   14E7  09                ADD     HL,BC
   \   14E8  77                LD      (HL),A
   1521                      dir[DIR_NTres] = *(dj->fn+NS) & (NS_BODY | NS_EXT); /* Put NT flag */
   1522          #endif
   \   14E9  FD6E00            LD      L,(IY+0)
   \   14EC  FD6601            LD      H,(IY+1)
   \   14EF  010500            LD      BC,5
   \   14F2  09                ADD     HL,BC
   \   14F3  3601              LD      (HL),1
   \   14F5            ?0372:
   \   14F5            ?0370:
   1523                      dj->fs->wflag = 1;
   1524                  }
   1525              }
   1526          
   \   14F5  DD7EE8            LD      A,(IX-24)
   1527              return res;
   \   14F8            ?0373:
   \   14F8  C3940A            JP      ?0135
   1528          }
   1529          #endif /* !_FS_READONLY */
   1530          
   1531          
   1532          
   1533          
   1534          /*-----------------------------------------------------------------------*/
   1535          /* Remove an object from the directory                                   */
   1536          /*-----------------------------------------------------------------------*/
   1537          #if !_FS_READONLY && !_FS_MINIMIZE
   1538          static
   1539          FRESULT dir_remove (    /* FR_OK: Successful, FR_DISK_ERR: A disk error */
   1540              DIR *dj             /* Directory object pointing the entry to be removed */
   1541          )
   \   14FB            dir_remove:
   \   14FB  C5                PUSH    BC
   \   14FC  FDE5              PUSH    IY
   \   14FE  DDE5              PUSH    IX
   \   1500  D9                EXX
   \   1501  C5                PUSH    BC
   \   1502  D9                EXX
   \   1503  D5                PUSH    DE
   \   1504  DDE1              POP     IX
   1542          {
   1543              FRESULT res;
   1544          #if _USE_LFN    /* LFN configuration */
   1545              WORD i;
   1546          
   \   1506  210400            LD      HL,4
   \   1509  19                ADD     HL,DE
   \   150A  46                LD      B,(HL)
   \   150B  23                INC     HL
   \   150C  66                LD      H,(HL)
   \   150D  68                LD      L,B
   \   150E  E5                PUSH    HL
   \   150F  D9                EXX
   \   1510  C1                POP     BC
   \   1511  D9                EXX
   1547              i = dj->index;  /* SFN index */
   \   1512  211800            LD      HL,24
   \   1515  19                ADD     HL,DE
   \   1516  7E                LD      A,(HL)
   \   1517  23                INC     HL
   \   1518  A6                AND     (HL)
   \   1519  3C                INC     A
   \   151A  2006              JR      NZ,?0377
   \   151C  D9                EXX
   \   151D  C5                PUSH    BC
   \   151E  D9                EXX
   \   151F  C1                POP     BC
   \   1520  1806              JR      ?0378
   \   1522            ?0377:
   \   1522  DD4E18            LD      C,(IX+24)
   \   1525  DD4619            LD      B,(IX+25)
   \   1528            ?0378:
   \   1528  DDE5              PUSH    IX
   \   152A  D1                POP     DE
   \   152B  CDAC08            CALL    dir_sdi
   \   152E  FD6F              LD      IYL,A
   1548              res = dir_sdi(dj, (WORD)((dj->lfn_idx == 0xFFFF) ? i : dj->lfn_idx));   /* Goto the SFN or top of the LFN entries */
   \   1530  B7                OR      A
   \   1531  2055              JR      NZ,?0389
   \   1533            ?0379:
   \   1533            ?0383:
   1549              if (res == FR_OK) {
   1550                  do {
   \   1533  DD6E10            LD      L,(IX+16)
   \   1536  DD6611            LD      H,(IX+17)
   \   1539  E5                PUSH    HL
   \   153A  DD6E0E            LD      L,(IX+14)
   \   153D  DD660F            LD      H,(IX+15)
   \   1540  E5                PUSH    HL
   \   1541  DD5E00            LD      E,(IX+0)
   \   1544  DD5601            LD      D,(IX+1)
   \   1547  CD0000            CALL    move_window
   \   154A  E1                POP     HL
   \   154B  E1                POP     HL
   \   154C  FD6F              LD      IYL,A
   1551                      res = move_window(dj->fs, dj->sect);
   \   154E  B7                OR      A
   \   154F  2030              JR      NZ,?0381
   \   1551            ?0384:
   \   1551            ?0385:
   1552                      if (res != FR_OK) break;
   \   1551  DD6E12            LD      L,(IX+18)
   \   1554  DD6613            LD      H,(IX+19)
   \   1557  36E5              LD      (HL),229
   1553                      *dj->dir = DDE;         /* Mark the entry "deleted" */
   \   1559  DD6E00            LD      L,(IX+0)
   \   155C  DD6601            LD      H,(IX+1)
   \   155F  010500            LD      BC,5
   \   1562  09                ADD     HL,BC
   \   1563  3601              LD      (HL),1
   1554                      dj->fs->wflag = 1;
   \   1565  DD6E04            LD      L,(IX+4)
   \   1568  DD6605            LD      H,(IX+5)
   \   156B  D9                EXX
   \   156C  C5                PUSH    BC
   \   156D  D9                EXX
   \   156E  C1                POP     BC
   \   156F  A7                AND     A
   \   1570  ED42              SBC     HL,BC
   \   1572  300D              JR      NC,?0381
   \   1574            ?0386:
   \   1574            ?0387:
   1555                      if (dj->index >= i) break;  /* When reached SFN, all entries of the object has been deleted. */
   \   1574  4F                LD      C,A
   \   1575  47                LD      B,A
   \   1576  DDE5              PUSH    IX
   \   1578  D1                POP     DE
   \   1579  CDAF0A            CALL    dir_next
   \   157C  FD6F              LD      IYL,A
   1556                      res = dir_next(dj, 0);      /* Next entry */
   \   157E  B7                OR      A
   \   157F  28B2              JR      Z,?0379
   \   1581            ?0381:
   1557                  } while (res == FR_OK);
   \   1581  FE04              CP      4
   \   1583  2003              JR      NZ,?0389
   \   1585            ?0388:
   \   1585  FD2E02            LD      IYL,2
   \   1588            ?0389:
   \   1588            ?0380:
   1558                  if (res == FR_NO_FILE) res = FR_INT_ERR;
   1559              }
   1560          
   1561          #else           /* Non LFN configuration */
   1570          #endif
   1571          
   \   1588  FD7D              LD      A,IYL
   1572              return res;
   \   158A  D9                EXX
   \   158B  C1                POP     BC
   \   158C  D9                EXX
   \   158D  DDE1              POP     IX
   \   158F  FDE1              POP     IY
   \   1591  C1                POP     BC
   \   1592  C9                RET
   1573          }
   1574          #endif /* !_FS_READONLY */
   1575          
   1576          
   1577          
   1578          
   1579          /*-----------------------------------------------------------------------*/
   1580          /* Pick a segment and create the object name in directory form           */
   1581          /*-----------------------------------------------------------------------*/
   1582          
   1583          static
   1584          FRESULT create_name (
   1585              DIR *dj,            /* Pointer to the directory object */
   1586              const TCHAR **path  /* Pointer to pointer to the segment in the path string */
   1587          )
   \   1593            create_name:
   \   1593  CD0000            CALL    ?ENT_AUTO_DIRECT_L09
   \   1596  F6FF              DEFW    -10
   \   1598  FDE5              PUSH    IY
   \   159A  D9                EXX
   \   159B  C5                PUSH    BC
   \   159C  D5                PUSH    DE
   \   159D  D9                EXX
   1588          {
   1589          #ifdef _EXCVT
   1590          //  static const BYTE excvt[] = _EXCVT; /* Upper conversion table for extended chars */
   1591          #endif
   1592          
   1593          #if _USE_LFN    /* LFN configuration */
   1594              BYTE b, cf;
   1595              WCHAR w, *lfn;
   1596              UINT i, ni, si, di;
   1597              const TCHAR *p;
   1598          
   1599              /* Create LFN in Unicode */
   \   159E  0A                LD      A,(BC)
   \   159F  DD77FC            LD      (IX-4),A
   \   15A2  03                INC     BC
   \   15A3  0A                LD      A,(BC)
   \   15A4  DD77FD            LD      (IX-3),A
   \   15A7            ?0391:
   \   15A7  DD6EFC            LD      L,(IX-4)
   \   15AA  DD66FD            LD      H,(IX-3)
   \   15AD  7E                LD      A,(HL)
   \   15AE  FE2F              CP      47
   \   15B0  2805              JR      Z,?0393
   \   15B2  7E                LD      A,(HL)
   \   15B3  FE5C              CP      92
   \   15B5  200A              JR      NZ,?0390
   \   15B7            ?0393:
   \   15B7            ?0394:
   \   15B7            ?0392:
   \   15B7  DD34FC            INC     (IX-4)
   \   15BA  20EB              JR      NZ,?0391
   \   15BC  DD34FD            INC     (IX-3)
   1600              for (p = *path; *p == '/' || *p == '\\'; p++) ; /* Strip duplicated separator */
   \   15BF  18E6              JR      ?0391
   \   15C1            ?0390:
   \   15C1  211600            LD      HL,22
   \   15C4  DD4E02            LD      C,(IX+2)
   \   15C7  DD4603            LD      B,(IX+3)
   \   15CA  09                ADD     HL,BC
   \   15CB  46                LD      B,(HL)
   \   15CC  DD70FA            LD      (IX-6),B
   \   15CF  23                INC     HL
   \   15D0  66                LD      H,(HL)
   \   15D1  DD74FB            LD      (IX-5),H
   1601              lfn = dj->lfn;
   \   15D4  D9                EXX
   \   15D5  010000            LD      BC,0
   \   15D8  110000            LD      DE,0
   \   15DB  D9                EXX
   \   15DC            ?0397:
   1602              si = di = 0;
   1603              for (;;) {
   \   15DC  D9                EXX
   \   15DD  D5                PUSH    DE
   \   15DE  13                INC     DE
   \   15DF  D9                EXX
   \   15E0  E1                POP     HL
   \   15E1  DD4EFC            LD      C,(IX-4)
   \   15E4  DD46FD            LD      B,(IX-3)
   \   15E7  09                ADD     HL,BC
   \   15E8  4E                LD      C,(HL)
   \   15E9  0600              LD      B,0
   \   15EB  C5                PUSH    BC
   \   15EC  FDE1              POP     IY
   1604                  w = p[si++];                    /* Get a character */
   \   15EE  112000            LD      DE,32
   \   15F1  69                LD      L,C
   \   15F2  60                LD      H,B
   \   15F3  A7                AND     A
   \   15F4  ED52              SBC     HL,DE
   \   15F6  3860              JR      C,?0396
   \   15F8  3E2F              LD      A,47
   \   15FA  FDAD              XOR     IYL
   \   15FC  FDB4              OR      IYH
   \   15FE  2858              JR      Z,?0396
   \   1600  3E5C              LD      A,92
   \   1602  FDAD              XOR     IYL
   \   1604  FDB4              OR      IYH
   \   1606  2850              JR      Z,?0396
   \   1608            ?0400:
   \   1608            ?0401:
   \   1608            ?0398:
   \   1608            ?0399:
   1605                  if (w < ' ' || w == '/' || w == '\\') break;    /* Break on end of segment */
   \   1608  0E3F              LD      C,63
   \   160A  D9                EXX
   \   160B  C5                PUSH    BC
   \   160C  D9                EXX
   \   160D  E1                POP     HL
   \   160E  ED42              SBC     HL,BC
   \   1610  302E              JR      NC,?1173
   \   1612            ?0402:
   1606                  if (di >= _MAX_LFN)             /* Reject too long name */
   1607                      return FR_INVALID_NAME;
   1608          #if !_LFN_UNICODE
   \   1612            ?0403:
   \   1612  AF                XOR     A
   \   1613  FD67              LD      IYH,A
   1609                  w &= 0xFF;
   \   1615  2806              JR      Z,?0405
   \   1617            ?0404:
   1610                  if (IsDBCS1(w)) {               /* Check if it is a DBC 1st byte (always false on SBCS cfg) */
   \   1617  D9                EXX
   \   1618  D5                PUSH    DE
   \   1619  D9                EXX
   \   161A  E1                POP     HL
   1611                      b = (BYTE)p[si++];          /* Get 2nd byte */
   \   161B  1823              JR      ?1173
   \   161D            ?0406:
   1612                      if (!IsDBCS2(b))
   1613                          return FR_INVALID_NAME; /* Reject invalid sequence */
   \   161D            ?0407:
   \   161D            ?0405:
   1614                      w = (w << 8) + b;           /* Create a DBC */
   1615                  }
   \   161D  0E01              LD      C,1
   \   161F  FDE5              PUSH    IY
   \   1621  D1                POP     DE
   \   1622  CD0000            CALL    ff_convert
   \   1625  E5                PUSH    HL
   \   1626  FDE1              POP     IY
   1616                  w = ff_convert(w, 1);           /* Convert ANSI/OEM to Unicode */
   \   1628  7D                LD      A,L
   \   1629  B4                OR      H
   \   162A  2814              JR      Z,?1173
   \   162C            ?0408:
   1617                  if (!w) return FR_INVALID_NAME; /* Reject invalid code */
   1618          #endif
   \   162C            ?0409:
   \   162C  018000            LD      BC,128
   \   162F  ED42              SBC     HL,BC
   \   1631  3010              JR      NC,?0411
   \   1633  FDE5              PUSH    IY
   \   1635  D1                POP     DE
   \   1636  210000            LD      HL,?0414
   \   1639  CD0000            CALL    ?STRCHR_L11
   \   163C  7D                LD      A,L
   \   163D  B4                OR      H
   \   163E  2803              JR      Z,?0411
   \   1640            ?0413:
   \   1640            ?0412:
   \   1640            ?0410:
   1619                  if (w < 0x80 && strchr("\"*:<>\?|\x7F", w)) /* Reject illegal chars for LFN */
   \   1640            ?1173:
   \   1640  C36B17            JP      ?1174
   1620                      return FR_INVALID_NAME;
   \   1643            ?0411:
   \   1643  D9                EXX
   \   1644  C5                PUSH    BC
   \   1645  03                INC     BC
   \   1646  D9                EXX
   \   1647  E1                POP     HL
   \   1648  29                ADD     HL,HL
   \   1649  DD4EFA            LD      C,(IX-6)
   \   164C  DD46FB            LD      B,(IX-5)
   \   164F  09                ADD     HL,BC
   \   1650  FDE5              PUSH    IY
   \   1652  C1                POP     BC
   \   1653  71                LD      (HL),C
   \   1654  23                INC     HL
   \   1655  70                LD      (HL),B
   1621                  lfn[di++] = w;                  /* Store the Unicode char */
   1622              }
   \   1656  1884              JR      ?0397
   \   1658            ?0396:
   \   1658  D9                EXX
   \   1659  D5                PUSH    DE
   \   165A  D9                EXX
   \   165B  E1                POP     HL
   \   165C  DD4EFC            LD      C,(IX-4)
   \   165F  DD46FD            LD      B,(IX-3)
   \   1662  09                ADD     HL,BC
   \   1663  E5                PUSH    HL
   \   1664  DD6E04            LD      L,(IX+4)
   \   1667  DD6605            LD      H,(IX+5)
   \   166A  C1                POP     BC
   \   166B  71                LD      (HL),C
   \   166C  23                INC     HL
   \   166D  70                LD      (HL),B
   1623              *path = &p[si];                     /* Return pointer to the next segment */
   \   166E  4B                LD      C,E
   \   166F  42                LD      B,D
   \   1670  FDE5              PUSH    IY
   \   1672  E1                POP     HL
   \   1673  A7                AND     A
   \   1674  ED42              SBC     HL,BC
   \   1676  3004              JR      NC,?0416
   \   1678  3E04              LD      A,4
   \   167A  1801              JR      ?0417
   \   167C            ?0416:
   \   167C  AF                XOR     A
   \   167D            ?0417:
   \   167D  DD77F6            LD      (IX-10),A
   1624              cf = (w < ' ') ? NS_LAST : 0;       /* Set last segment flag if end of path */
   1625          #if _FS_RPATH
   1626              if ((di == 1 && lfn[di-1] == '.') || /* Is this a dot entry? */
   \   1680  3E01              LD      A,1
   \   1682  D9                EXX
   \   1683  A9                XOR     C
   \   1684  B0                OR      B
   \   1685  D9                EXX
   \   1686  2015              JR      NZ,?0421
   \   1688  D9                EXX
   \   1689  C5                PUSH    BC
   \   168A  D9                EXX
   \   168B  E1                POP     HL
   \   168C  29                ADD     HL,HL
   \   168D  DD4EFA            LD      C,(IX-6)
   \   1690  DD46FB            LD      B,(IX-5)
   \   1693  09                ADD     HL,BC
   \   1694  2B                DEC     HL
   \   1695  2B                DEC     HL
   \   1696  3E2E              LD      A,46
   \   1698  AE                XOR     (HL)
   \   1699  23                INC     HL
   \   169A  B6                OR      (HL)
   \   169B  282F              JR      Z,?0425
   \   169D            ?0421:
   \   169D            ?0420:
   \   169D  3E02              LD      A,2
   \   169F  D9                EXX
   \   16A0  A9                XOR     C
   \   16A1  B0                OR      B
   \   16A2  D9                EXX
   \   16A3  C23717            JP      NZ,?0419
   \   16A6  D9                EXX
   \   16A7  C5                PUSH    BC
   \   16A8  D9                EXX
   \   16A9  E1                POP     HL
   \   16AA  29                ADD     HL,HL
   \   16AB  DD4EFA            LD      C,(IX-6)
   \   16AE  DD46FB            LD      B,(IX-5)
   \   16B1  09                ADD     HL,BC
   \   16B2  2B                DEC     HL
   \   16B3  2B                DEC     HL
   \   16B4  3E2E              LD      A,46
   \   16B6  AE                XOR     (HL)
   \   16B7  23                INC     HL
   \   16B8  B6                OR      (HL)
   \   16B9  207C              JR      NZ,?0419
   \   16BB  D9                EXX
   \   16BC  C5                PUSH    BC
   \   16BD  D9                EXX
   \   16BE  E1                POP     HL
   \   16BF  29                ADD     HL,HL
   \   16C0  09                ADD     HL,BC
   \   16C1  01FCFF            LD      BC,65532
   \   16C4  09                ADD     HL,BC
   \   16C5  3E2E              LD      A,46
   \   16C7  AE                XOR     (HL)
   \   16C8  23                INC     HL
   \   16C9  B6                OR      (HL)
   \   16CA  206B              JR      NZ,?0419
   \   16CC            ?0425:
   \   16CC            ?0424:
   \   16CC            ?0422:
   \   16CC            ?0423:
   \   16CC            ?0418:
   1627                  (di == 2 && lfn[di-1] == '.' && lfn[di-2] == '.')) {
   \   16CC  D9                EXX
   \   16CD  C5                PUSH    BC
   \   16CE  D9                EXX
   \   16CF  E1                POP     HL
   \   16D0  29                ADD     HL,HL
   \   16D1  DD4EFA            LD      C,(IX-6)
   \   16D4  DD46FB            LD      B,(IX-5)
   \   16D7  09                ADD     HL,BC
   \   16D8  AF                XOR     A
   \   16D9  77                LD      (HL),A
   \   16DA  23                INC     HL
   \   16DB  77                LD      (HL),A
   1628                  lfn[di] = 0;
   \   16DC  DD77F8            LD      (IX-8),A
   \   16DF  DD77F9            LD      (IX-7),A
   \   16E2            ?0427:
   \   16E2  010B00            LD      BC,11
   \   16E5  DD6EF8            LD      L,(IX-8)
   \   16E8  DD66F9            LD      H,(IX-7)
   \   16EB  A7                AND     A
   \   16EC  ED42              SBC     HL,BC
   \   16EE  211400            LD      HL,20
   \   16F1  DD4E02            LD      C,(IX+2)
   \   16F4  DD4603            LD      B,(IX+3)
   \   16F7  302A              JR      NC,?0426
   \   16F9            ?0428:
   1629                  for (i = 0; i < 11; i++)
   \   16F9  09                ADD     HL,BC
   \   16FA  46                LD      B,(HL)
   \   16FB  23                INC     HL
   \   16FC  66                LD      H,(HL)
   \   16FD  68                LD      L,B
   \   16FE  DD4EF8            LD      C,(IX-8)
   \   1701  DD46F9            LD      B,(IX-7)
   \   1704  09                ADD     HL,BC
   \   1705  E5                PUSH    HL
   \   1706  D9                EXX
   \   1707  C5                PUSH    BC
   \   1708  D9                EXX
   \   1709  D1                POP     DE
   \   170A  69                LD      L,C
   \   170B  60                LD      H,B
   \   170C  A7                AND     A
   \   170D  ED52              SBC     HL,DE
   \   170F  3004              JR      NC,?0431
   \   1711  3E2E              LD      A,46
   \   1713  1802              JR      ?0432
   \   1715            ?0431:
   \   1715  3E20              LD      A,32
   \   1717            ?0432:
   \   1717  E1                POP     HL
   \   1718  77                LD      (HL),A
   \   1719  DD34F8            INC     (IX-8)
   \   171C  20C4              JR      NZ,?0427
   \   171E  DD34F9            INC     (IX-7)
   1630                      dj->fn[i] = (i < di) ? '.' : ' ';
   \   1721  18BF              JR      ?0427
   \   1723            ?0426:
   \   1723  09                ADD     HL,BC
   \   1724  46                LD      B,(HL)
   \   1725  23                INC     HL
   \   1726  66                LD      H,(HL)
   \   1727  68                LD      L,B
   \   1728  DD4EF8            LD      C,(IX-8)
   \   172B  DD46F9            LD      B,(IX-7)
   \   172E  09                ADD     HL,BC
   \   172F  DD46F6            LD      B,(IX-10)
   \   1732  CBE8              SET     5,B
   \   1734  C3AA19            JP      ?1170
   1631                  dj->fn[i] = cf | NS_DOT;        /* This is a dot entry */
   1632                  return FR_OK;
   \   1737            ?0419:
   \   1737            ?0434:
   1633              }
   1634          #endif
   \   1737  D9                EXX
   \   1738  79                LD      A,C
   \   1739  B0                OR      B
   \   173A  D9                EXX
   \   173B  2828              JR      Z,?0433
   \   173D            ?0435:
   1635              while (di) {                        /* Strip trailing spaces and dots */
   \   173D  D9                EXX
   \   173E  C5                PUSH    BC
   \   173F  D9                EXX
   \   1740  E1                POP     HL
   \   1741  29                ADD     HL,HL
   \   1742  DD4EFA            LD      C,(IX-6)
   \   1745  DD46FB            LD      B,(IX-5)
   \   1748  09                ADD     HL,BC
   \   1749  2B                DEC     HL
   \   174A  2B                DEC     HL
   \   174B  46                LD      B,(HL)
   \   174C  23                INC     HL
   \   174D  66                LD      H,(HL)
   \   174E  68                LD      L,B
   \   174F  E5                PUSH    HL
   \   1750  FDE1              POP     IY
   1636                  w = lfn[di-1];
   \   1752  3E20              LD      A,32
   \   1754  AD                XOR     L
   \   1755  B4                OR      H
   \   1756  2808              JR      Z,?0437
   \   1758  3E2E              LD      A,46
   \   175A  FDAD              XOR     IYL
   \   175C  FDB4              OR      IYH
   \   175E  2005              JR      NZ,?0433
   \   1760            ?0439:
   \   1760            ?0438:
   \   1760            ?0436:
   \   1760            ?0437:
   1637                  if (w != ' ' && w != '.') break;
   \   1760  D9                EXX
   \   1761  0B                DEC     BC
   \   1762  D9                EXX
   1638                  di--;
   1639              }
   \   1763  18D2              JR      ?0419
   \   1765            ?0433:
   \   1765  D9                EXX
   \   1766  79                LD      A,C
   \   1767  B0                OR      B
   \   1768  D9                EXX
   \   1769  2005              JR      NZ,?0441
   \   176B            ?0440:
   \   176B            ?1174:
   \   176B  3E06              LD      A,6
   1640              if (!di) return FR_INVALID_NAME;    /* Reject nul string */
   1641          
   \   176D  C3AC19            JP      ?0506
   \   1770            ?0441:
   \   1770  D9                EXX
   \   1771  C5                PUSH    BC
   \   1772  D9                EXX
   \   1773  E1                POP     HL
   \   1774  29                ADD     HL,HL
   \   1775  DD4EFA            LD      C,(IX-6)
   \   1778  DD46FB            LD      B,(IX-5)
   \   177B  09                ADD     HL,BC
   \   177C  AF                XOR     A
   \   177D  77                LD      (HL),A
   \   177E  23                INC     HL
   \   177F  77                LD      (HL),A
   1642              lfn[di] = 0;                        /* LFN is created */
   1643          
   1644              /* Create SFN in directory form */
   \   1780  010B00            LD      BC,11
   \   1783  211400            LD      HL,20
   \   1786  DD5E02            LD      E,(IX+2)
   \   1789  DD5603            LD      D,(IX+3)
   \   178C  19                ADD     HL,DE
   \   178D  5E                LD      E,(HL)
   \   178E  23                INC     HL
   \   178F  56                LD      D,(HL)
   \   1790  212000            LD      HL,32
   \   1793  CD0000            CALL    ?MEMSET_L11
   1645              memset(dj->fn, ' ', 11);
   \   1796  D9                EXX
   \   1797  110000            LD      DE,0
   \   179A            ?1168:
   \   179A            ?0443:
   \   179A  D5                PUSH    DE
   \   179B  D9                EXX
   \   179C  E1                POP     HL
   \   179D  29                ADD     HL,HL
   \   179E  DD4EFA            LD      C,(IX-6)
   \   17A1  DD46FB            LD      B,(IX-5)
   \   17A4  09                ADD     HL,BC
   \   17A5  3E20              LD      A,32
   \   17A7  AE                XOR     (HL)
   \   17A8  23                INC     HL
   \   17A9  B6                OR      (HL)
   \   17AA  280D              JR      Z,?0445
   \   17AC  D9                EXX
   \   17AD  D5                PUSH    DE
   \   17AE  D9                EXX
   \   17AF  E1                POP     HL
   \   17B0  29                ADD     HL,HL
   \   17B1  09                ADD     HL,BC
   \   17B2  3E2E              LD      A,46
   \   17B4  AE                XOR     (HL)
   \   17B5  23                INC     HL
   \   17B6  B6                OR      (HL)
   \   17B7  2004              JR      NZ,?0442
   \   17B9            ?0445:
   \   17B9            ?0446:
   \   17B9            ?0444:
   \   17B9  D9                EXX
   \   17BA  13                INC     DE
   \   17BB  18DD              JR      ?1168
   1646              for (si = 0; lfn[si] == ' ' || lfn[si] == '.'; si++) ;  /* Strip leading spaces and dots */
   \   17BD            ?0442:
   \   17BD  D9                EXX
   \   17BE  7B                LD      A,E
   \   17BF  B2                OR      D
   \   17C0  D9                EXX
   \   17C1  2808              JR      Z,?0449
   \   17C3            ?0448:
   \   17C3  DD7EF6            LD      A,(IX-10)
   \   17C6  F603              OR      3
   \   17C8  DD77F6            LD      (IX-10),A
   \   17CB            ?0449:
   \   17CB            ?0451:
   1647              if (si) cf |= NS_LOSS | NS_LFN;
   \   17CB  D9                EXX
   \   17CC  79                LD      A,C
   \   17CD  B0                OR      B
   \   17CE  D9                EXX
   \   17CF  2814              JR      Z,?0450
   \   17D1  D9                EXX
   \   17D2  C5                PUSH    BC
   \   17D3  D9                EXX
   \   17D4  E1                POP     HL
   \   17D5  29                ADD     HL,HL
   \   17D6  09                ADD     HL,BC
   \   17D7  2B                DEC     HL
   \   17D8  2B                DEC     HL
   \   17D9  3E2E              LD      A,46
   \   17DB  AE                XOR     (HL)
   \   17DC  23                INC     HL
   \   17DD  B6                OR      (HL)
   \   17DE  2805              JR      Z,?0450
   \   17E0            ?0454:
   \   17E0            ?0453:
   \   17E0            ?0452:
   \   17E0  D9                EXX
   \   17E1  0B                DEC     BC
   \   17E2  D9                EXX
   1648              while (di && lfn[di - 1] != '.') di--;  /* Find extension (di<=si: no extension) */
   1649          
   \   17E3  18E6              JR      ?0449
   \   17E5            ?0450:
   \   17E5  DD77F8            LD      (IX-8),A
   \   17E8  DD77F9            LD      (IX-7),A
   \   17EB  DD77F7            LD      (IX-9),A
   \   17EE  DD36FE08          LD      (IX-2),8
   \   17F2            ?1169:
   \   17F2  DD36FF00          LD      (IX-1),0
   \   17F6            ?0456:
   1650              b = i = 0; ni = 8;
   1651              for (;;) {
   \   17F6  D9                EXX
   \   17F7  D5                PUSH    DE
   \   17F8  13                INC     DE
   \   17F9  D9                EXX
   \   17FA  E1                POP     HL
   \   17FB  29                ADD     HL,HL
   \   17FC  DD4EFA            LD      C,(IX-6)
   \   17FF  DD46FB            LD      B,(IX-5)
   \   1802  09                ADD     HL,BC
   \   1803  46                LD      B,(HL)
   \   1804  23                INC     HL
   \   1805  66                LD      H,(HL)
   \   1806  68                LD      L,B
   \   1807  E5                PUSH    HL
   \   1808  FDE1              POP     IY
   1652                  w = lfn[si++];                  /* Get an LFN char */
   \   180A  7D                LD      A,L
   \   180B  B4                OR      H
   \   180C  CA3719            JP      Z,?0455
   \   180F            ?0457:
   \   180F            ?0458:
   1653                  if (!w) break;                  /* Break on end of the LFN */
   \   180F  3E20              LD      A,32
   \   1811  FDAD              XOR     IYL
   \   1813  FDB4              OR      IYH
   \   1815  2814              JR      Z,?0464
   \   1817  3E2E              LD      A,46
   \   1819  FDAD              XOR     IYL
   \   181B  FDB4              OR      IYH
   \   181D  2016              JR      NZ,?0460
   \   181F  D9                EXX
   \   1820  C5                PUSH    BC
   \   1821  D9                EXX
   \   1822  E1                POP     HL
   \   1823  D9                EXX
   \   1824  D5                PUSH    DE
   \   1825  D9                EXX
   \   1826  C1                POP     BC
   \   1827  ED42              SBC     HL,BC
   \   1829  280A              JR      Z,?0460
   \   182B            ?0464:
   \   182B            ?0463:
   \   182B            ?0461:
   \   182B            ?0462:
   \   182B            ?0459:
   1654                  if (w == ' ' || (w == '.' && si != di)) {   /* Remove spaces and dots */
   \   182B  DD7EF6            LD      A,(IX-10)
   \   182E  F603              OR      3
   \   1830  DD77F6            LD      (IX-10),A
   \   1833  18C1              JR      ?0456
   \   1835            ?0460:
   1655                      cf |= NS_LOSS | NS_LFN; continue;
   1656                  }
   1657          
   \   1835  DD4EFE            LD      C,(IX-2)
   \   1838  DD46FF            LD      B,(IX-1)
   \   183B  DD6EF8            LD      L,(IX-8)
   \   183E  DD66F9            LD      H,(IX-7)
   \   1841  A7                AND     A
   \   1842  ED42              SBC     HL,BC
   \   1844  300D              JR      NC,?0467
   \   1846  D9                EXX
   \   1847  C5                PUSH    BC
   \   1848  D9                EXX
   \   1849  E1                POP     HL
   \   184A  D9                EXX
   \   184B  D5                PUSH    DE
   \   184C  D9                EXX
   \   184D  C1                POP     BC
   \   184E  A7                AND     A
   \   184F  ED42              SBC     HL,BC
   \   1851  204E              JR      NZ,?0466
   \   1853            ?0467:
   \   1853            ?0468:
   \   1853            ?0465:
   1658                  if (i >= ni || si == di) {      /* Extension or end of SFN */
   \   1853  3E0B              LD      A,11
   \   1855  DDAEFE            XOR     (IX-2)
   \   1858  DDB6FF            OR      (IX-1)
   \   185B  200B              JR      NZ,?0470
   \   185D            ?0469:
   1659                      if (ni == 11) {             /* Long extension */
   \   185D  DD7EF6            LD      A,(IX-10)
   \   1860  F603              OR      3
   \   1862  DD77F6            LD      (IX-10),A
   \   1865  C33719            JP      ?0455
   \   1868            ?0470:
   1660                          cf |= NS_LOSS | NS_LFN; break;
   1661                      }
   \   1868  D9                EXX
   \   1869  C5                PUSH    BC
   \   186A  D9                EXX
   \   186B  E1                POP     HL
   \   186C  D9                EXX
   \   186D  D5                PUSH    DE
   \   186E  D9                EXX
   \   186F  C1                POP     BC
   \   1870  ED42              SBC     HL,BC
   \   1872  2808              JR      Z,?0472
   \   1874            ?0471:
   \   1874  DD7EF6            LD      A,(IX-10)
   \   1877  F603              OR      3
   \   1879  DD77F6            LD      (IX-10),A
   \   187C            ?0472:
   1662                      if (si != di) cf |= NS_LOSS | NS_LFN;   /* Out of 8.3 format */
   \   187C  D9                EXX
   \   187D  C5                PUSH    BC
   \   187E  D9                EXX
   \   187F  E1                POP     HL
   \   1880  A7                AND     A
   \   1881  ED42              SBC     HL,BC
   \   1883  DA3719            JP      C,?0455
   \   1886            ?0473:
   \   1886            ?0474:
   1663                      if (si > di) break;         /* No extension */
   1664                      si = di; i = 8; ni = 11;    /* Enter extension section */
   \   1886  DDCBF726          SLA     (IX-9)
   \   188A  DDCBF726          SLA     (IX-9)
   \   188E  D9                EXX
   \   188F  C5                PUSH    BC
   \   1890  D1                POP     DE
   \   1891  D9                EXX
   \   1892  DD36F808          LD      (IX-8),8
   \   1896  DD36F900          LD      (IX-7),0
   \   189A  DD36FE0B          LD      (IX-2),11
   \   189E  C3F217            JP      ?1169
   \   18A1            ?0466:
   1665                      b <<= 2; continue;
   1666                  }
   1667          
   \   18A1  018000            LD      BC,128
   \   18A4  FDE5              PUSH    IY
   \   18A6  E1                POP     HL
   \   18A7  A7                AND     A
   \   18A8  ED42              SBC     HL,BC
   \   18AA  380E              JR      C,?0476
   \   18AC            ?0475:
   1668                  if (w >= 0x80) {                /* Non ASCII char */
   1669          #ifdef _EXCVT
   \   18AC  48                LD      C,B
   \   18AD  FDE5              PUSH    IY
   \   18AF  D1                POP     DE
   \   18B0  CD0000            CALL    ff_convert
   \   18B3  E5                PUSH    HL
   \   18B4  FDE1              POP     IY
   1670                      w = ff_convert(w, 0);       /* Unicode -> OEM code */
   1671                      //if (w) w = excvt[w - 0x80];   /* Convert extended char to upper (SBCS) */
   1672          #else
   1674          #endif
   \   18B6  DDCBF6CE          SET     1,(IX-10)
   \   18BA            ?0476:
   1675                      cf |= NS_LFN;               /* Force create LFN entry */
   1676                  }
   1677          #if 0
   1684          #endif
   1685                  {                       /* Single byte char */
   \   18BA  FD7D              LD      A,IYL
   \   18BC  FDB4              OR      IYH
   \   18BE  280D              JR      Z,?0479
   \   18C0  FDE5              PUSH    IY
   \   18C2  D1                POP     DE
   \   18C3  210900            LD      HL,?0481
   \   18C6  CD0000            CALL    ?STRCHR_L11
   \   18C9  7D                LD      A,L
   \   18CA  B4                OR      H
   \   18CB  280E              JR      Z,?0478
   \   18CD            ?0479:
   \   18CD            ?0480:
   \   18CD            ?0477:
   1686                      if (!w || strchr("+,;=[]", w)) {    /* Replace illegal chars for SFN */
   \   18CD  DD7EF6            LD      A,(IX-10)
   \   18D0  F603              OR      3
   \   18D2  DD77F6            LD      (IX-10),A
   \   18D5  FD215F00          LD      IY,95
   1687                          w = '_'; cf |= NS_LOSS | NS_LFN;/* Lossy conversion */
   \   18D9  1838              JR      ?0489
   \   18DB            ?0478:
   1688                      } else {
   \   18DB  014100            LD      BC,65
   \   18DE  FDE5              PUSH    IY
   \   18E0  E1                POP     HL
   \   18E1  ED42              SBC     HL,BC
   \   18E3  3810              JR      C,?0484
   \   18E5  FDE5              PUSH    IY
   \   18E7  C1                POP     BC
   \   18E8  215A00            LD      HL,90
   \   18EB  ED42              SBC     HL,BC
   \   18ED  3806              JR      C,?0484
   \   18EF            ?0486:
   \   18EF            ?0485:
   \   18EF            ?0483:
   1689                          if (IsUpper(w)) {       /* ASCII large capital */
   \   18EF  DDCBF7CE          SET     1,(IX-9)
   1690                              b |= 2;
   \   18F3  181E              JR      ?0489
   \   18F5            ?0484:
   1691                          } else {
   \   18F5  016100            LD      BC,97
   \   18F8  FDE5              PUSH    IY
   \   18FA  E1                POP     HL
   \   18FB  A7                AND     A
   \   18FC  ED42              SBC     HL,BC
   \   18FE  3813              JR      C,?0489
   \   1900  FDE5              PUSH    IY
   \   1902  C1                POP     BC
   \   1903  217A00            LD      HL,122
   \   1906  ED42              SBC     HL,BC
   \   1908  3809              JR      C,?0489
   \   190A            ?0491:
   \   190A            ?0490:
   \   190A            ?0488:
   1692                              if (IsLower(w)) {   /* ASCII small capital */
   \   190A  DDCBF7C6          SET     0,(IX-9)
   \   190E  01E0FF            LD      BC,65504
   \   1911  FD09              ADD     IY,BC
   \   1913            ?0489:
   \   1913            ?0487:
   \   1913            ?0482:
   1693                                  b |= 1; w -= 0x20;
   1694                              }
   1695                          }
   1696                      }
   1697                  }
   \   1913  211400            LD      HL,20
   \   1916  DD4E02            LD      C,(IX+2)
   \   1919  DD4603            LD      B,(IX+3)
   \   191C  09                ADD     HL,BC
   \   191D  46                LD      B,(HL)
   \   191E  23                INC     HL
   \   191F  66                LD      H,(HL)
   \   1920  68                LD      L,B
   \   1921  DD4EF8            LD      C,(IX-8)
   \   1924  DD46F9            LD      B,(IX-7)
   \   1927  03                INC     BC
   \   1928  DD71F8            LD      (IX-8),C
   \   192B  DD70F9            LD      (IX-7),B
   \   192E  0B                DEC     BC
   \   192F  09                ADD     HL,BC
   \   1930  FDE5              PUSH    IY
   \   1932  C1                POP     BC
   \   1933  71                LD      (HL),C
   1698                  dj->fn[i++] = (BYTE)w;
   1699              }
   1700          
   \   1934  C3F617            JP      ?0456
   \   1937            ?0455:
   \   1937  211400            LD      HL,20
   \   193A  DD4E02            LD      C,(IX+2)
   \   193D  DD4603            LD      B,(IX+3)
   \   1940  09                ADD     HL,BC
   \   1941  7E                LD      A,(HL)
   \   1942  23                INC     HL
   \   1943  66                LD      H,(HL)
   \   1944  6F                LD      L,A
   \   1945  7E                LD      A,(HL)
   \   1946  FEE5              CP      229
   \   1948  200A              JR      NZ,?0493
   \   194A            ?0492:
   \   194A  211400            LD      HL,20
   \   194D  09                ADD     HL,BC
   \   194E  7E                LD      A,(HL)
   \   194F  23                INC     HL
   \   1950  66                LD      H,(HL)
   \   1951  6F                LD      L,A
   \   1952  3605              LD      (HL),5
   \   1954            ?0493:
   1701              if (dj->fn[0] == DDE) dj->fn[0] = NDDE; /* If the first char collides with deleted mark, replace it with 0x05 */
   1702          
   \   1954  3E08              LD      A,8
   \   1956  DDAEFE            XOR     (IX-2)
   \   1959  DDB6FF            OR      (IX-1)
   \   195C  2008              JR      NZ,?0495
   \   195E            ?0494:
   \   195E  DDCBF726          SLA     (IX-9)
   \   1962  DDCBF726          SLA     (IX-9)
   \   1966            ?0495:
   1703              if (ni == 8) b <<= 2;
   \   1966  DD7EF7            LD      A,(IX-9)
   \   1969  E60C              AND     12
   \   196B  FE0C              CP      12
   \   196D  2809              JR      Z,?0498
   \   196F  DD7EF7            LD      A,(IX-9)
   \   1972  E603              AND     3
   \   1974  FE03              CP      3
   \   1976  2004              JR      NZ,?0497
   \   1978            ?0498:
   \   1978            ?0499:
   \   1978            ?0496:
   1704              if ((b & 0x0C) == 0x0C || (b & 0x03) == 0x03)   /* Create LFN entry when there are composite capitals */
   \   1978  DDCBF6CE          SET     1,(IX-10)
   \   197C            ?0497:
   1705                  cf |= NS_LFN;
   \   197C  DDCBF64E          BIT     1,(IX-10)
   \   1980  2019              JR      NZ,?0505
   \   1982            ?0500:
   1706              if (!(cf & NS_LFN)) {                       /* When LFN is in 8.3 format without extended char, NT flags are created */
   \   1982  DD7EF7            LD      A,(IX-9)
   \   1985  E603              AND     3
   \   1987  3D                DEC     A
   \   1988  2004              JR      NZ,?0503
   \   198A            ?0502:
   \   198A  DDCBF6E6          SET     4,(IX-10)
   \   198E            ?0503:
   1707                  if ((b & 0x03) == 0x01) cf |= NS_EXT;   /* NT flag (Extension has only small capital) */
   \   198E  DD7EF7            LD      A,(IX-9)
   \   1991  E60C              AND     12
   \   1993  FE04              CP      4
   \   1995  2004              JR      NZ,?0505
   \   1997            ?0504:
   \   1997  DDCBF6DE          SET     3,(IX-10)
   \   199B            ?0505:
   \   199B            ?0501:
   1708                  if ((b & 0x0C) == 0x04) cf |= NS_BODY;  /* NT flag (Filename has only small capital) */
   1709              }
   1710          
   \   199B  211400            LD      HL,20
   \   199E  09                ADD     HL,BC
   \   199F  46                LD      B,(HL)
   \   19A0  23                INC     HL
   \   19A1  66                LD      H,(HL)
   \   19A2  68                LD      L,B
   \   19A3  010B00            LD      BC,11
   \   19A6  09                ADD     HL,BC
   \   19A7  DD46F6            LD      B,(IX-10)
   \   19AA            ?1170:
   \   19AA  70                LD      (HL),B
   1711              dj->fn[NS] = cf;    /* SFN is created */
   1712          
   \   19AB  AF                XOR     A
   1713              return FR_OK;
   1714          
   1715          
   1716          #else   /* Non-LFN configuration */
   1726          #if _FS_RPATH
   1738          #endif
   1749          #ifdef _EXCVT
   1751          #else
   1752          #if !_DF1S  /* ASCII only cfg */
   1754          #endif
   1755          #endif
   1789          #endif
   \   19AC            ?0506:
   \   19AC  C3940A            JP      ?0135
   1790          }
   1791          
   1792          
   1793          
   1794          
   1795          /*-----------------------------------------------------------------------*/
   1796          /* Get file information from directory entry                             */
   1797          /*-----------------------------------------------------------------------*/
   1798          #if _FS_MINIMIZE <= 1
   1799          static
   1800          void get_fileinfo (     /* No return code */
   1801              DIR *dj,            /* Pointer to the directory object */
   1802              FILINFO *fno        /* Pointer to the file information to be filled */
   1803          )
   \   19AF            get_fileinfo:
   \   19AF  CD0000            CALL    ?ENT_AUTO_DIRECT_L09
   \   19B2  F2FF              DEFW    65522
   \   19B4  FDE5              PUSH    IY
   \   19B6  D9                EXX
   \   19B7  C5                PUSH    BC
   \   19B8  D5                PUSH    DE
   \   19B9  D9                EXX
   \   19BA  C5                PUSH    BC
   \   19BB  D9                EXX
   \   19BC  D1                POP     DE
   \   19BD  D9                EXX
   1804          {
   1805              UINT i;
   1806              BYTE nt, *dir;
   1807              TCHAR *p, c;
   1808          
   1809          
   \   19BE  210900            LD      HL,9
   \   19C1  09                ADD     HL,BC
   \   19C2  E5                PUSH    HL
   \   19C3  D9                EXX
   \   19C4  C1                POP     BC
   \   19C5  D9                EXX
   1810              p = fno->fname;
   \   19C6  210E00            LD      HL,14
   \   19C9  DD4E02            LD      C,(IX+2)
   \   19CC  DD4603            LD      B,(IX+3)
   \   19CF  09                ADD     HL,BC
   \   19D0  7E                LD      A,(HL)
   \   19D1  23                INC     HL
   \   19D2  B6                OR      (HL)
   \   19D3  23                INC     HL
   \   19D4  B6                OR      (HL)
   \   19D5  23                INC     HL
   \   19D6  B6                OR      (HL)
   \   19D7  CACA1A            JP      Z,?0508
   \   19DA            ?0507:
   1811              if (dj->sect) {
   \   19DA  211200            LD      HL,18
   \   19DD  09                ADD     HL,BC
   \   19DE  46                LD      B,(HL)
   \   19DF  23                INC     HL
   \   19E0  66                LD      H,(HL)
   \   19E1  68                LD      L,B
   \   19E2  E5                PUSH    HL
   \   19E3  FDE1              POP     IY
   1812                  dir = dj->dir;
   \   19E5  010C00            LD      BC,12
   \   19E8  09                ADD     HL,BC
   \   19E9  46                LD      B,(HL)
   \   19EA  DD70F4            LD      (IX-12),B
   1813                  nt = dir[DIR_NTres];        /* NT flag */
   \   19ED  110000            LD      DE,0
   \   19F0            ?0510:
   \   19F0  010800            LD      BC,8
   \   19F3  6B                LD      L,E
   \   19F4  62                LD      H,D
   \   19F5  A7                AND     A
   \   19F6  ED42              SBC     HL,BC
   \   19F8  303D              JR      NC,?0509
   \   19FA            ?0511:
   1814                  for (i = 0; i < 8; i++) {   /* Copy name body */
   \   19FA  FDE5              PUSH    IY
   \   19FC  E1                POP     HL
   \   19FD  19                ADD     HL,DE
   \   19FE  46                LD      B,(HL)
   \   19FF  DD70F9            LD      (IX-7),B
   1815                      c = dir[i];
   \   1A02  78                LD      A,B
   \   1A03  FE20              CP      32
   \   1A05  2830              JR      Z,?0509
   \   1A07            ?0513:
   \   1A07            ?0514:
   1816                      if (c == ' ') break;
   \   1A07  FE05              CP      5
   \   1A09  2004              JR      NZ,?0516
   \   1A0B            ?0515:
   \   1A0B  DD36F9E5          LD      (IX-7),229
   \   1A0F            ?0516:
   1817                      if (c == NDDE) c = (TCHAR)DDE;
   \   1A0F  DDCBF45E          BIT     3,(IX-12)
   \   1A13  2816              JR      Z,?0518
   \   1A15  DD7EF9            LD      A,(IX-7)
   \   1A18  FE41              CP      65
   \   1A1A  380F              JR      C,?0518
   \   1A1C  3E5A              LD      A,90
   \   1A1E  DDBEF9            CP      (IX-7)
   \   1A21  3808              JR      C,?0518
   \   1A23            ?0522:
   \   1A23            ?0521:
   \   1A23            ?0520:
   \   1A23            ?0519:
   \   1A23            ?0517:
   \   1A23  DD7EF9            LD      A,(IX-7)
   \   1A26  C620              ADD     A,32
   \   1A28  DD77F9            LD      (IX-7),A
   \   1A2B            ?0518:
   1818                      if (_USE_LFN && (nt & NS_BODY) && IsUpper(c)) c += 0x20;
   1819          #if _LFN_UNICODE
   1824          #endif
   \   1A2B  D9                EXX
   \   1A2C  C5                PUSH    BC
   \   1A2D  03                INC     BC
   \   1A2E  D9                EXX
   \   1A2F  E1                POP     HL
   \   1A30  DD46F9            LD      B,(IX-7)
   \   1A33  70                LD      (HL),B
   \   1A34  13                INC     DE
   1825                      *p++ = c;
   1826                  }
   \   1A35  18B9              JR      ?0510
   \   1A37            ?0509:
   \   1A37  FD7E08            LD      A,(IY+8)
   \   1A3A  FE20              CP      32
   \   1A3C  2843              JR      Z,?0525
   \   1A3E            ?0523:
   1827                  if (dir[8] != ' ') {        /* Copy name extension */
   \   1A3E  D9                EXX
   \   1A3F  C5                PUSH    BC
   \   1A40  03                INC     BC
   \   1A41  D9                EXX
   \   1A42  E1                POP     HL
   \   1A43  362E              LD      (HL),46
   1828                      *p++ = '.';
   \   1A45  110800            LD      DE,8
   \   1A48            ?0526:
   \   1A48  010B00            LD      BC,11
   \   1A4B  6B                LD      L,E
   \   1A4C  62                LD      H,D
   \   1A4D  A7                AND     A
   \   1A4E  ED42              SBC     HL,BC
   \   1A50  302F              JR      NC,?0525
   \   1A52            ?0527:
   1829                      for (i = 8; i < 11; i++) {
   \   1A52  FDE5              PUSH    IY
   \   1A54  E1                POP     HL
   \   1A55  19                ADD     HL,DE
   \   1A56  46                LD      B,(HL)
   \   1A57  DD70F9            LD      (IX-7),B
   1830                          c = dir[i];
   \   1A5A  78                LD      A,B
   \   1A5B  FE20              CP      32
   \   1A5D  2822              JR      Z,?0525
   \   1A5F            ?0529:
   \   1A5F            ?0530:
   1831                          if (c == ' ') break;
   \   1A5F  DDCBF466          BIT     4,(IX-12)
   \   1A63  2810              JR      Z,?0532
   \   1A65  78                LD      A,B
   \   1A66  FE41              CP      65
   \   1A68  380B              JR      C,?0532
   \   1A6A  3E5A              LD      A,90
   \   1A6C  B8                CP      B
   \   1A6D  3806              JR      C,?0532
   \   1A6F            ?0536:
   \   1A6F            ?0535:
   \   1A6F            ?0534:
   \   1A6F            ?0533:
   \   1A6F            ?0531:
   \   1A6F  78                LD      A,B
   \   1A70  C620              ADD     A,32
   \   1A72  DD77F9            LD      (IX-7),A
   \   1A75            ?0532:
   1832                          if (_USE_LFN && (nt & NS_EXT) && IsUpper(c)) c += 0x20;
   1833          #if _LFN_UNICODE
   1838          #endif
   \   1A75  D9                EXX
   \   1A76  C5                PUSH    BC
   \   1A77  03                INC     BC
   \   1A78  D9                EXX
   \   1A79  E1                POP     HL
   \   1A7A  DD46F9            LD      B,(IX-7)
   \   1A7D  70                LD      (HL),B
   \   1A7E  13                INC     DE
   1839                          *p++ = c;
   1840                      }
   \   1A7F  18C7              JR      ?0526
   \   1A81            ?0525:
   \   1A81            ?0524:
   1841                  }
   \   1A81  FD460B            LD      B,(IY+11)
   \   1A84  C5                PUSH    BC
   \   1A85  210800            LD      HL,8
   \   1A88  D9                EXX
   \   1A89  D5                PUSH    DE
   \   1A8A  D9                EXX
   \   1A8B  C1                POP     BC
   \   1A8C  09                ADD     HL,BC
   \   1A8D  C1                POP     BC
   \   1A8E  70                LD      (HL),B
   1842                  fno->fattrib = dir[DIR_Attr];               /* Attribute */
   \   1A8F  FD4E1E            LD      C,(IY+30)
   \   1A92  FD461F            LD      B,(IY+31)
   \   1A95  FD6E1C            LD      L,(IY+28)
   \   1A98  FD661D            LD      H,(IY+29)
   \   1A9B  E5                PUSH    HL
   \   1A9C  D9                EXX
   \   1A9D  D5                PUSH    DE
   \   1A9E  D9                EXX
   \   1A9F  E1                POP     HL
   \   1AA0  D1                POP     DE
   \   1AA1  73                LD      (HL),E
   \   1AA2  23                INC     HL
   \   1AA3  72                LD      (HL),D
   \   1AA4  23                INC     HL
   \   1AA5  71                LD      (HL),C
   \   1AA6  23                INC     HL
   \   1AA7  70                LD      (HL),B
   1843                  fno->fsize = LD_DWORD(dir+DIR_FileSize);    /* Size */
   \   1AA8  210400            LD      HL,4
   \   1AAB  D9                EXX
   \   1AAC  D5                PUSH    DE
   \   1AAD  D9                EXX
   \   1AAE  C1                POP     BC
   \   1AAF  09                ADD     HL,BC
   \   1AB0  FD4E18            LD      C,(IY+24)
   \   1AB3  71                LD      (HL),C
   \   1AB4  FD4619            LD      B,(IY+25)
   \   1AB7  23                INC     HL
   \   1AB8  70                LD      (HL),B
   1844                  fno->fdate = LD_WORD(dir+DIR_WrtDate);      /* Date */
   \   1AB9  210600            LD      HL,6
   \   1ABC  D9                EXX
   \   1ABD  D5                PUSH    DE
   \   1ABE  D9                EXX
   \   1ABF  C1                POP     BC
   \   1AC0  09                ADD     HL,BC
   \   1AC1  FD4E16            LD      C,(IY+22)
   \   1AC4  71                LD      (HL),C
   \   1AC5  FD4617            LD      B,(IY+23)
   \   1AC8  23                INC     HL
   \   1AC9  70                LD      (HL),B
   \   1ACA            ?0508:
   1845                  fno->ftime = LD_WORD(dir+DIR_WrtTime);      /* Time */
   1846              }
   \   1ACA  D9                EXX
   \   1ACB  C5                PUSH    BC
   \   1ACC  D9                EXX
   \   1ACD  E1                POP     HL
   \   1ACE  3600              LD      (HL),0
   1847              *p = 0;     /* Terminate SFN str by a \0 */
   1848          
   1849          #if _USE_LFN
   1850          /*  if (fno->lfname && fno->lfsize)*/ {
   \   1AD0  211600            LD      HL,22
   \   1AD3  D9                EXX
   \   1AD4  D5                PUSH    DE
   \   1AD5  D9                EXX
   \   1AD6  C1                POP     BC
   \   1AD7  09                ADD     HL,BC
   \   1AD8  DD75FA            LD      (IX-6),L
   \   1ADB  DD74FB            LD      (IX-5),H
   1851                  TCHAR *tp = fno->lfname;
   1852                  WCHAR w, *lfn;
   1853          
   \   1ADE  110000            LD      DE,0
   1854                  i = 0;
   \   1AE1  210E00            LD      HL,14
   \   1AE4  DD4E02            LD      C,(IX+2)
   \   1AE7  DD4603            LD      B,(IX+3)
   \   1AEA  09                ADD     HL,BC
   \   1AEB  7E                LD      A,(HL)
   \   1AEC  23                INC     HL
   \   1AED  B6                OR      (HL)
   \   1AEE  23                INC     HL
   \   1AEF  B6                OR      (HL)
   \   1AF0  23                INC     HL
   \   1AF1  B6                OR      (HL)
   \   1AF2  CA791B            JP      Z,?0541
   \   1AF5  211800            LD      HL,24
   \   1AF8  09                ADD     HL,BC
   \   1AF9  7E                LD      A,(HL)
   \   1AFA  23                INC     HL
   \   1AFB  A6                AND     (HL)
   \   1AFC  3C                INC     A
   \   1AFD  287A              JR      Z,?0541
   \   1AFF            ?0540:
   \   1AFF            ?0539:
   \   1AFF            ?0537:
   1855                  if (dj->sect && dj->lfn_idx != 0xFFFF) {/* Get LFN if available */
   \   1AFF  211600            LD      HL,22
   \   1B02  09                ADD     HL,BC
   \   1B03  46                LD      B,(HL)
   \   1B04  DD70FE            LD      (IX-2),B
   \   1B07  23                INC     HL
   \   1B08  66                LD      H,(HL)
   \   1B09  DD74FF            LD      (IX-1),H
   \   1B0C            ?0542:
   1856                      lfn = dj->lfn;
   \   1B0C  DD6EFE            LD      L,(IX-2)
   \   1B0F  4D                LD      C,L
   \   1B10  DD66FF            LD      H,(IX-1)
   \   1B13  44                LD      B,H
   \   1B14  03                INC     BC
   \   1B15  03                INC     BC
   \   1B16  DD71FE            LD      (IX-2),C
   \   1B19  DD70FF            LD      (IX-1),B
   \   1B1C  46                LD      B,(HL)
   \   1B1D  23                INC     HL
   \   1B1E  66                LD      H,(HL)
   \   1B1F  68                LD      L,B
   \   1B20  DD75FC            LD      (IX-4),L
   \   1B23  DD74FD            LD      (IX-3),H
   \   1B26  7D                LD      A,L
   \   1B27  B4                OR      H
   \   1B28  284F              JR      Z,?0541
   \   1B2A            ?0543:
   1857                      while ((w = *lfn++) != 0) {         /* Get an LFN char */
   1858          #if !_LFN_UNICODE
   \   1B2A  D5                PUSH    DE
   \   1B2B  010000            LD      BC,0
   \   1B2E  DD5EFC            LD      E,(IX-4)
   \   1B31  DD56FD            LD      D,(IX-3)
   \   1B34  CD0000            CALL    ff_convert
   \   1B37  DD75FC            LD      (IX-4),L
   \   1B3A  DD74FD            LD      (IX-3),H
   \   1B3D  D1                POP     DE
   1859                          w = ff_convert(w, 0);           /* Unicode -> OEM conversion */
   \   1B3E  7D                LD      A,L
   \   1B3F  B4                OR      H
   \   1B40  2822              JR      Z,?1176
   \   1B42            ?0544:
   \   1B42            ?0545:
   1860                          if (!w) { i = 0; break; }       /* Could not convert, no LFN */
   \   1B42  AF                XOR     A
   \   1B43  2815              JR      Z,?0547
   \   1B45  010001            LD      BC,256
   \   1B48  ED42              SBC     HL,BC
   \   1B4A  380E              JR      C,?0547
   \   1B4C            ?0549:
   \   1B4C            ?0548:
   \   1B4C            ?0546:
   1861                          if (_DF1S && w >= 0x100)        /* Put 1st byte if it is a DBC (always false on SBCS cfg) */
   \   1B4C  6B                LD      L,E
   \   1B4D  62                LD      H,D
   \   1B4E  13                INC     DE
   \   1B4F  DD4EFA            LD      C,(IX-6)
   \   1B52  DD46FB            LD      B,(IX-5)
   \   1B55  09                ADD     HL,BC
   \   1B56  DD46FD            LD      B,(IX-3)
   \   1B59  70                LD      (HL),B
   \   1B5A            ?0547:
   1862                              tp[i++] = (TCHAR)(w >> 8);
   1863          #endif
   \   1B5A  013F00            LD      BC,63
   \   1B5D  6B                LD      L,E
   \   1B5E  62                LD      H,D
   \   1B5F  A7                AND     A
   \   1B60  ED42              SBC     HL,BC
   \   1B62  3805              JR      C,?0551
   \   1B64            ?0550:
   \   1B64            ?1176:
   \   1B64  110000            LD      DE,0
   \   1B67  1810              JR      ?0541
   \   1B69            ?0551:
   1864                          if (i >= 64 /*fno->lfsize*/ - 1) { i = 0; break; }  /* Buffer overflow, no LFN */
   \   1B69  6B                LD      L,E
   \   1B6A  62                LD      H,D
   \   1B6B  13                INC     DE
   \   1B6C  DD4EFA            LD      C,(IX-6)
   \   1B6F  DD46FB            LD      B,(IX-5)
   \   1B72  09                ADD     HL,BC
   \   1B73  DD46FC            LD      B,(IX-4)
   \   1B76  70                LD      (HL),B
   1865                          tp[i++] = (TCHAR)w;
   1866                      }
   \   1B77  1893              JR      ?0542
   \   1B79            ?0541:
   \   1B79            ?0538:
   1867                  }
   \   1B79  DD6EFA            LD      L,(IX-6)
   \   1B7C  DD66FB            LD      H,(IX-5)
   \   1B7F  19                ADD     HL,DE
   \   1B80  77                LD      (HL),A
   1868                  tp[i] = 0;  /* Terminate the LFN str by a \0 */
   1869              }
   1870          #endif
   \   1B81  C3940A            JP      ?0135
   1871          }
   1872          #endif /* _FS_MINIMIZE <= 1 */
   1873          
   1874          
   1875          
   1876          
   1877          /*-----------------------------------------------------------------------*/
   1878          /* Follow a file path                                                    */
   1879          /*-----------------------------------------------------------------------*/
   1880          
   1881          static
   1882          FRESULT follow_path (   /* FR_OK(0): successful, !=0: error code */
   1883              DIR *dj,            /* Directory object to return last directory and found object */
   1884              const TCHAR *path   /* Full-path string to find a file or directory */
   1885          )
   \   1B84            follow_path:
   \   1B84  CD0000            CALL    ?ENT_AUTO_DIRECT_L09
   \   1B87  FEFF              DEFW    -2
   \   1B89  FDE5              PUSH    IY
   \   1B8B  D9                EXX
   \   1B8C  C5                PUSH    BC
   \   1B8D  D9                EXX
   \   1B8E  DD6E02            LD      L,(IX+2)
   \   1B91  DD6603            LD      H,(IX+3)
   \   1B94  E5                PUSH    HL
   \   1B95  FDE1              POP     IY
   1886          {
   1887              FRESULT res;
   1888              BYTE *dir, ns;
   1889          
   1890          
   1891          #if _FS_RPATH
   \   1B97  0A                LD      A,(BC)
   \   1B98  FE2F              CP      47
   \   1B9A  2807              JR      Z,?0554
   \   1B9C  69                LD      L,C
   \   1B9D  60                LD      H,B
   \   1B9E  7E                LD      A,(HL)
   \   1B9F  FE5C              CP      92
   \   1BA1  2017              JR      NZ,?0553
   \   1BA3            ?0554:
   \   1BA3            ?0555:
   \   1BA3            ?0552:
   1892              if (*path == '/' || *path == '\\') { /* There is a heading separator */
   \   1BA3  DD3404            INC     (IX+4)
   \   1BA6  2003              JR      NZ,?1180
   \   1BA8  DD3405            INC     (IX+5)
   \   1BAB            ?1180:
   \   1BAB  AF                XOR     A
   \   1BAC  FD7706            LD      (IY+6),A
   \   1BAF  FD7707            LD      (IY+7),A
   \   1BB2  FD7708            LD      (IY+8),A
   \   1BB5  FD7709            LD      (IY+9),A
   1893                  path++; dj->sclust = 0;     /* Strip it and start from the root dir */
   \   1BB8  1817              JR      ?0556
   \   1BBA            ?0553:
   1894              } else {                            /* No heading separator */
   \   1BBA  212200            LD      HL,drv_calls+34
   \   1BBD  5E                LD      E,(HL)
   \   1BBE  23                INC     HL
   \   1BBF  56                LD      D,(HL)
   \   1BC0  23                INC     HL
   \   1BC1  4E                LD      C,(HL)
   \   1BC2  23                INC     HL
   \   1BC3  46                LD      B,(HL)
   \   1BC4  EB                EX      DE,HL
   \   1BC5  FD7506            LD      (IY+6),L
   \   1BC8  FD7407            LD      (IY+7),H
   \   1BCB  FD7108            LD      (IY+8),C
   \   1BCE  FD7009            LD      (IY+9),B
   \   1BD1            ?0556:
   1895                  dj->sclust = drv_calls.curr_dir; //dj->fs->cdir;    /* Start from the current dir */
   1896              }
   1897          #else
   1901          #endif
   1902          
   \   1BD1  DD6E04            LD      L,(IX+4)
   \   1BD4  DD6605            LD      H,(IX+5)
   \   1BD7  7E                LD      A,(HL)
   \   1BD8  FE20              CP      32
   \   1BDA  300F              JR      NC,?0558
   \   1BDC            ?0557:
   1903              if ((UINT)*path < ' ') {            /* Nul path means the start directory itself */
   \   1BDC  CD5B11            CALL    ?1303
   \   1BDF  DD77FE            LD      (IX-2),A
   1904                  res = dir_sdi(dj, 0);
   \   1BE2  AF                XOR     A
   \   1BE3  FD7712            LD      (IY+18),A
   \   1BE6  FD7713            LD      (IY+19),A
   1905                  dj->dir = 0;
   1906          
   \   1BE9  1879              JR      ?0560
   \   1BEB            ?0558:
   \   1BEB            ?0561:
   1907              } else {                            /* Follow path */
   1908                  for (;;) {
   \   1BEB  210A00            LD      HL,10
   \   1BEE  39                ADD     HL,SP
   \   1BEF  4D                LD      C,L
   \   1BF0  44                LD      B,H
   \   1BF1  FDE5              PUSH    IY
   \   1BF3  D1                POP     DE
   \   1BF4  CD9315            CALL    create_name
   \   1BF7  DD77FE            LD      (IX-2),A
   1909                      res = create_name(dj, &path);   /* Get a segment */
   \   1BFA  B7                OR      A
   \   1BFB  2067              JR      NZ,?0560
   \   1BFD            ?0562:
   \   1BFD            ?0563:
   1910                      if (res != FR_OK) break;
   \   1BFD  FDE5              PUSH    IY
   \   1BFF  D1                POP     DE
   \   1C00  CD2110            CALL    dir_find
   \   1C03  DD77FE            LD      (IX-2),A
   1911                      res = dir_find(dj);             /* Find it */
   \   1C06  FD6E14            LD      L,(IY+20)
   \   1C09  FD6615            LD      H,(IY+21)
   \   1C0C  010B00            LD      BC,11
   \   1C0F  09                ADD     HL,BC
   \   1C10  46                LD      B,(HL)
   1912                      ns = *(dj->fn+NS);
   \   1C11  B7                OR      A
   \   1C12  282A              JR      Z,?0565
   \   1C14            ?0564:
   1913                      if (res != FR_OK) {             /* Failed to find the object */
   \   1C14  FE04              CP      4
   \   1C16  204C              JR      NZ,?0560
   \   1C18            ?0566:
   \   1C18            ?0567:
   1914                          if (res != FR_NO_FILE) break;   /* Abort if any hard error occured */
   1915                          /* Object not found */
   \   1C18  CB68              BIT     5,B
   \   1C1A  281C              JR      Z,?0569
   \   1C1C            ?0571:
   \   1C1C            ?0570:
   \   1C1C            ?0568:
   1916                          if (_FS_RPATH && (ns & NS_DOT)) {   /* If dot entry is not exit */
   \   1C1C  AF                XOR     A
   \   1C1D  FD7706            LD      (IY+6),A
   \   1C20  FD7707            LD      (IY+7),A
   \   1C23  FD7708            LD      (IY+8),A
   \   1C26  FD7709            LD      (IY+9),A
   \   1C29  FD7712            LD      (IY+18),A
   \   1C2C  FD7713            LD      (IY+19),A
   1917                              dj->sclust = 0; dj->dir = 0;    /* It is the root dir */
   \   1C2F  DD77FE            LD      (IX-2),A
   1918                              res = FR_OK;
   \   1C32  CB50              BIT     2,B
   \   1C34  202E              JR      NZ,?0560
   \   1C36            ?0572:
   \   1C36  18B3              JR      ?0558
   \   1C38            ?0573:
   1919                              if (!(ns & NS_LAST)) continue;
   \   1C38            ?0569:
   1920                          } else {                            /* Could not find the object */
   \   1C38  CB50              BIT     2,B
   \   1C3A  2028              JR      NZ,?0560
   \   1C3C            ?0575:
   \   1C3C  1817              JR      ?1182
   \   1C3E            ?0576:
   \   1C3E            ?0574:
   1921                              if (!(ns & NS_LAST)) res = FR_NO_PATH;
   1922                          }
   \   1C3E            ?0565:
   1923                          break;
   1924                      }
   \   1C3E  CB50              BIT     2,B
   \   1C40  2022              JR      NZ,?0560
   \   1C42            ?0577:
   \   1C42            ?0578:
   1925                      if (ns & NS_LAST) break;            /* Last segment match. Function completed. */
   \   1C42  D9                EXX
   \   1C43  FD4E12            LD      C,(IY+18)
   \   1C46  FD4613            LD      B,(IY+19)
   \   1C49  D9                EXX
   1926                      dir = dj->dir;                      /* There is next segment. Follow the sub directory */
   \   1C4A  69                LD      L,C
   \   1C4B  67                LD      H,A
   \   1C4C  D9                EXX
   \   1C4D  C5                PUSH    BC
   \   1C4E  D9                EXX
   \   1C4F  C1                POP     BC
   \   1C50  09                ADD     HL,BC
   \   1C51  CB66              BIT     4,(HL)
   \   1C53  2006              JR      NZ,?0580
   \   1C55            ?0579:
   1927                      if (!(dir[DIR_Attr] & AM_DIR)) {    /* Cannot follow because it is a file */
   \   1C55            ?1182:
   \   1C55  DD36FE05          LD      (IX-2),5
   \   1C59  1809              JR      ?0560
   \   1C5B            ?0580:
   1928                          res = FR_NO_PATH; break;
   1929                      }
   \   1C5B  D9                EXX
   \   1C5C  C5                PUSH    BC
   \   1C5D  D9                EXX
   \   1C5E  D1                POP     DE
   \   1C5F  CD6A1C            CALL    ?1307
   1930                      dj->sclust = LD_CLUST(dir);
   1931                  }
   \   1C62  1887              JR      ?0558
   \   1C64            ?0560:
   \   1C64            ?0559:
   1932              }
   1933          
   \   1C64  DD7EFE            LD      A,(IX-2)
   1934              return res;
   \   1C67  C3F00C            JP      ?0171
   \   1C6A            ?1307:
   \   1C6A  CD0000            CALL    LD_CLUST
   \   1C6D  FD7506            LD      (IY+6),L
   \   1C70  FD7407            LD      (IY+7),H
   \   1C73  FD7108            LD      (IY+8),C
   \   1C76  FD7009            LD      (IY+9),B
   \   1C79  C9                RET
   1935          }
   1936          
   1937          
   1938          
   1939          
   1940          /*-----------------------------------------------------------------------*/
   1941          /* Load boot record and check if it is an FAT boot record                */
   1942          /*-----------------------------------------------------------------------*/
   1943          
   1944          static
   1945          BYTE check_fs ( /* 0:The FAT BR, 1:Valid BR but not an FAT, 2:Not a BR, 3:Disk error */
   1946              FATFS *fs,  /* File system object */
   1947              DWORD sect  /* Sector# (lba) to check if it is an FAT boot record or not */
   1948          )
   \   1C7A            check_fs:
   \   1C7A  C5                PUSH    BC
   \   1C7B  DDE5              PUSH    IX
   \   1C7D  D5                PUSH    DE
   \   1C7E  DDE1              POP     IX
   \   1C80  EB                EX      DE,HL
   \   1C81  23                INC     HL
   \   1C82  7E                LD      A,(HL)
   \   1C83  321A00            LD      (drv_calls+26),A
   \   1C86  213300            LD      HL,51
   \   1C89  DDE5              PUSH    IX
   \   1C8B  C1                POP     BC
   \   1C8C  09                ADD     HL,BC
   \   1C8D  221B00            LD      (drv_calls+27),HL
   \   1C90  210600            LD      HL,6
   \   1C93  39                ADD     HL,SP
   \   1C94  221D00            LD      (drv_calls+29),HL
   \   1C97  3E01              LD      A,1
   \   1C99  321F00            LD      (drv_calls+31),A
   1949          {       SET_DIO_PAR(fs->drv, fs->win, sect,1);
   \   1C9C  2A0600            LD      HL,(drv_calls+6)
   \   1C9F  CD5B01            CALL    ?1291
   \   1CA2  2804              JR      Z,?0582
   \   1CA4            ?0581:
   1950              if (drv_calls.read_to_buf() != RES_OK)  /* Load boot record */
   \   1CA4  3E03              LD      A,3
   1951                  return 3;
   \   1CA6  1852              JR      ?0589
   \   1CA8            ?0582:
   \   1CA8  213102            LD      HL,561
   \   1CAB  DDE5              PUSH    IX
   \   1CAD  C1                POP     BC
   \   1CAE  09                ADD     HL,BC
   \   1CAF  46                LD      B,(HL)
   \   1CB0  23                INC     HL
   \   1CB1  66                LD      H,(HL)
   \   1CB2  68                LD      L,B
   \   1CB3  0155AA            LD      BC,43605
   \   1CB6  A7                AND     A
   \   1CB7  ED42              SBC     HL,BC
   \   1CB9  2804              JR      Z,?0584
   \   1CBB            ?0583:
   1952              if (LD_WORD(&fs->win[BS_55AA]) != 0xAA55)       /* Check record signature (always placed at offset 510 even if the sector size is >512) */
   \   1CBB  3E02              LD      A,2
   1953                  return 2;
   1954          
   \   1CBD  183B              JR      ?0589
   \   1CBF            ?0584:
   \   1CBF  DD5E6B            LD      E,(IX+107)
   \   1CC2  DD6E69            LD      L,(IX+105)
   \   1CC5  DD666A            LD      H,(IX+106)
   \   1CC8  57                LD      D,A
   \   1CC9  014641            LD      BC,16710
   \   1CCC  A7                AND     A
   \   1CCD  ED42              SBC     HL,BC
   \   1CCF  2008              JR      NZ,?0586
   \   1CD1  EB                EX      DE,HL
   \   1CD2  015400            LD      BC,84
   \   1CD5  ED42              SBC     HL,BC
   \   1CD7  2821              JR      Z,?0589
   \   1CD9            ?0585:
   1955              if ((LD_DWORD(&fs->win[BS_FilSysType]) & 0xFFFFFF) == 0x544146) /* Check "FAT" string */
   1956                  return 0;
   \   1CD9            ?0586:
   \   1CD9  218500            LD      HL,133
   \   1CDC  DDE5              PUSH    IX
   \   1CDE  C1                POP     BC
   \   1CDF  09                ADD     HL,BC
   \   1CE0  4E                LD      C,(HL)
   \   1CE1  23                INC     HL
   \   1CE2  46                LD      B,(HL)
   \   1CE3  23                INC     HL
   \   1CE4  5E                LD      E,(HL)
   \   1CE5  69                LD      L,C
   \   1CE6  60                LD      H,B
   \   1CE7  57                LD      D,A
   \   1CE8  014641            LD      BC,16710
   \   1CEB  A7                AND     A
   \   1CEC  ED42              SBC     HL,BC
   \   1CEE  2008              JR      NZ,?0588
   \   1CF0  EB                EX      DE,HL
   \   1CF1  015400            LD      BC,84
   \   1CF4  ED42              SBC     HL,BC
   \   1CF6  2802              JR      Z,?0589
   \   1CF8            ?0587:
   1957              if ((LD_DWORD(&fs->win[BS_FilSysType32]) & 0xFFFFFF) == 0x544146)
   1958                  return 0;
   1959          
   \   1CF8            ?0588:
   \   1CF8  3E01              LD      A,1
   1960              return 1;
   \   1CFA            ?0589:
   \   1CFA  DDE1              POP     IX
   \   1CFC  C1                POP     BC
   \   1CFD  C9                RET
   1961          }
   1962          
   1963          
   1964          
   1965          
   1966          /*-----------------------------------------------------------------------*/
   1967          /* Check if the file system object is valid or not                       */
   1968          /*-----------------------------------------------------------------------*/
   1969          
   1970          static
   1971          FRESULT chk_mounted (   /* FR_OK(0): successful, !=0: any error occurred */
   1972              //const TCHAR **path,   /* Pointer to pointer to the path name (drive number) */
   1973              FATFS **rfs,        /* Pointer to pointer to the found file system object */
   1974              BYTE chk_wp         /* !=0: Check media write protection for write access */
   1975          )
   \   1CFE            chk_mounted:
   \   1CFE  CD0000            CALL    ?ENT_AUTO_DIRECT_L09
   \   1D01  E4FF              DEFW    -28
   \   1D03  FDE5              PUSH    IY
   \   1D05  D9                EXX
   \   1D06  C5                PUSH    BC
   \   1D07  D5                PUSH    DE
   \   1D08  D9                EXX
   1976          {
   1977              BYTE fmt, b, *tbl;
   1978              //UINT vol;
   1979              DSTATUS stat;
   1980              DWORD bsect, fasize, tsect, sysect, nclst, szbfat;
   1981              WORD nrsv;
   1982              //const TCHAR *p = *path;
   1983              FATFS *fs;
   1984                  
   \   1D09  FD2A2000          LD      IY,(drv_calls+32)
   \   1D0D  FDE5              PUSH    IY
   \   1D0F  DD6E02            LD      L,(IX+2)
   \   1D12  DD6603            LD      H,(IX+3)
   \   1D15  D1                POP     DE
   \   1D16  73                LD      (HL),E
   \   1D17  23                INC     HL
   \   1D18  72                LD      (HL),D
   1985              *rfs = fs = drv_calls.curr_fatfs;               /* Return pointer to the corresponding file system object */
   \   1D19  FD7D              LD      A,IYL
   \   1D1B  FDB4              OR      IYH
   \   1D1D  2005              JR      NZ,?0591
   \   1D1F            ?0590:
   \   1D1F  3E0C              LD      A,12
   1986              if (!fs) return FR_NOT_ENABLED;     /* Is the file system object available? */
   1987          
   \   1D21  C37922            JP      ?0661
   \   1D24            ?0591:
   1988              ENTER_FF(fs);                       /* Lock file system */
   1989          
   \   1D24  AF                XOR     A
   \   1D25  FDB600            OR      (IY+0)
   \   1D28  281D              JR      Z,?0595
   \   1D2A            ?0592:
   1990              if (fs->fs_type) {                  /* If the logical drive has been mounted */
   \   1D2A  FD5E01            LD      E,(IY+1)
   \   1D2D  2A0200            LD      HL,(drv_calls+2)
   \   1D30  CD0000            CALL    ?CALL_IND_L09
   \   1D33  DD77FE            LD      (IX-2),A
   1991                  stat = disk_status(fs->drv);
   \   1D36  CB47              BIT     0,A
   \   1D38  200D              JR      NZ,?0595
   \   1D3A            ?0594:
   1992                  if (!(stat & STA_NOINIT)) {     /* and the physical drive is kept initialized (has not been changed), */
   1993          #if !_FS_READONLY
   \   1D3A  AF                XOR     A
   \   1D3B  B1                OR      C
   \   1D3C  2806              JR      Z,?0597
   \   1D3E  DDCBFE56          BIT     2,(IX-2)
   \   1D42  2031              JR      NZ,?1187
   \   1D44            ?0599:
   \   1D44            ?0598:
   \   1D44            ?0596:
   1994                      if (chk_wp && (stat & STA_PROTECT)) /* Check write protection if needed */
   1995                          return FR_WRITE_PROTECTED;
   1996          #endif
   \   1D44            ?0597:
   \   1D44  C37822            JP      ?1186
   1997                      return FR_OK;               /* The file system object is valid */
   \   1D47            ?0595:
   \   1D47            ?0593:
   1998                  }
   1999              }
   \   1D47  FD360000          LD      (IY+0),0
   2000              fs->fs_type=0;
   2001          
   2002              /* The logical drive must be mounted. */
   2003              /* Following code attempts to mount a volume. (analyze BPB and initialize the fs object) */
   2004          
   2005              //fs->fs_type = 0;                  /* Clear the file system object */
   2006              //Dimkam fs->drv = (BYTE)LD2PD(vol);            /* Bind the logical drive and a physical drive */
   \   1D4B  213300            LD      HL,51
   \   1D4E  FDE5              PUSH    IY
   \   1D50  C1                POP     BC
   \   1D51  09                ADD     HL,BC
   \   1D52  4D                LD      C,L
   \   1D53  44                LD      B,H
   \   1D54  FD5E01            LD      E,(IY+1)
   \   1D57  2A0000            LD      HL,(drv_calls)
   \   1D5A  CD0000            CALL    ?CALL_IND_L09
   \   1D5D  DD77FE            LD      (IX-2),A
   2007              stat = disk_initialize(fs->drv,fs->win);    /* Initialize low level disk I/O layer */
   \   1D60  CB47              BIT     0,A
   \   1D62  2805              JR      Z,?0601
   \   1D64            ?0600:
   2008              if (stat & STA_NOINIT)              /* Check if the initialization succeeded */
   \   1D64  3E03              LD      A,3
   2009                  return FR_NOT_READY;            /* Failed to initialize due to no media or hard error */
   2010          #if _MAX_SS != 512                      /* Get disk sector size (variable sector size cfg only) */
   2013          #endif
   2014          #if !_FS_READONLY
   \   1D66  C37922            JP      ?0661
   \   1D69            ?0601:
   \   1D69  AF                XOR     A
   \   1D6A  DDB604            OR      (IX+4)
   \   1D6D  280B              JR      Z,?0603
   \   1D6F  DDCBFE56          BIT     2,(IX-2)
   \   1D73  2805              JR      Z,?0603
   \   1D75            ?0605:
   \   1D75            ?0604:
   \   1D75            ?0602:
   2015              if (chk_wp && (stat & STA_PROTECT)) /* Check disk write protection if needed */
   \   1D75            ?1187:
   \   1D75  3E0A              LD      A,10
   2016                  return FR_WRITE_PROTECTED;
   2017          #endif
   2018              /* Search FAT partition on the drive. Supports only generic partitionings, FDISK and SFD. */
   \   1D77  C37922            JP      ?0661
   \   1D7A            ?0603:
   \   1D7A  AF                XOR     A
   \   1D7B  DD77EA            LD      (IX-22),A
   \   1D7E  DD77EB            LD      (IX-21),A
   \   1D81  DD77EC            LD      (IX-20),A
   \   1D84  DD77ED            LD      (IX-19),A
   \   1D87  6F                LD      L,A
   \   1D88  67                LD      H,A
   \   1D89  E5                PUSH    HL
   \   1D8A  E5                PUSH    HL
   \   1D8B  FDE5              PUSH    IY
   \   1D8D  D1                POP     DE
   \   1D8E  CD7A1C            CALL    check_fs
   \   1D91  E1                POP     HL
   \   1D92  E1                POP     HL
   \   1D93  DD77E4            LD      (IX-28),A
   2019              fmt = check_fs(fs, bsect = 0);      /* Check sector 0 if it is a VBR */
   \   1D96  3D                DEC     A
   \   1D97  2047              JR      NZ,?0607
   \   1D99            ?0606:
   2020              if (fmt == 1) {                     /* Not an FAT-VBR, the disk may be partitioned */
   2021                  /* Check the partition listed in top of the partition table */
   2022                  //DimkaM tbl = &fs->win[MBR_Table + LD2PT(vol) * SZ_PTE];/* Partition table */
   2023                  
   \   1D99  FD6E02            LD      L,(IY+2)
   \   1D9C  67                LD      H,A
   \   1D9D  29                ADD     HL,HL
   \   1D9E  29                ADD     HL,HL
   \   1D9F  29                ADD     HL,HL
   \   1DA0  29                ADD     HL,HL
   \   1DA1  FDE5              PUSH    IY
   \   1DA3  C1                POP     BC
   \   1DA4  09                ADD     HL,BC
   \   1DA5  01F101            LD      BC,497
   \   1DA8  09                ADD     HL,BC
   \   1DA9  E5                PUSH    HL
   \   1DAA  D9                EXX
   \   1DAB  C1                POP     BC
   \   1DAC  D9                EXX
   2024                  tbl = &fs->win[MBR_Table + (fs->part) * SZ_PTE];/* Partition table */
   \   1DAD  010400            LD      BC,4
   \   1DB0  09                ADD     HL,BC
   \   1DB1  7E                LD      A,(HL)
   \   1DB2  B7                OR      A
   \   1DB3  283C              JR      Z,?0612
   \   1DB5            ?0608:
   2025                  if (tbl[4]) {                                   /* Is the partition existing? */
   \   1DB5  210800            LD      HL,8
   \   1DB8  D9                EXX
   \   1DB9  C5                PUSH    BC
   \   1DBA  D9                EXX
   \   1DBB  C1                POP     BC
   \   1DBC  09                ADD     HL,BC
   \   1DBD  5E                LD      E,(HL)
   \   1DBE  23                INC     HL
   \   1DBF  56                LD      D,(HL)
   \   1DC0  23                INC     HL
   \   1DC1  4E                LD      C,(HL)
   \   1DC2  23                INC     HL
   \   1DC3  46                LD      B,(HL)
   \   1DC4  EB                EX      DE,HL
   \   1DC5  DD75EA            LD      (IX-22),L
   \   1DC8  DD74EB            LD      (IX-21),H
   \   1DCB  DD71EC            LD      (IX-20),C
   \   1DCE  DD70ED            LD      (IX-19),B
   2026                      bsect = LD_DWORD(&tbl[8]);                  /* Partition offset in LBA */
   \   1DD1  C5                PUSH    BC
   \   1DD2  E5                PUSH    HL
   \   1DD3  FDE5              PUSH    IY
   \   1DD5  D1                POP     DE
   \   1DD6  CD7A1C            CALL    check_fs
   \   1DD9  E1                POP     HL
   \   1DDA  E1                POP     HL
   \   1DDB  DD77E4            LD      (IX-28),A
   \   1DDE            ?0609:
   2027                      fmt = check_fs(fs, bsect);                  /* Check the partition */
   2028                  }
   \   1DDE  1811              JR      ?0612
   \   1DE0            ?0607:
   \   1DE0  AF                XOR     A
   \   1DE1  DDB6E4            OR      (IX-28)
   \   1DE4  200B              JR      NZ,?0612
   \   1DE6  FD7E02            LD      A,(IY+2)
   \   1DE9  B7                OR      A
   \   1DEA  2805              JR      Z,?0612
   \   1DEC            ?0614:
   \   1DEC            ?0613:
   \   1DEC            ?0611:
   2029              }else if((!fmt) && fs->part){
   \   1DEC  3E13              LD      A,19
   2030                  return FR_NO_MBR;
   \   1DEE  C37922            JP      ?0661
   \   1DF1            ?0612:
   \   1DF1            ?0610:
   2031              }
   \   1DF1  DD7EE4            LD      A,(IX-28)
   \   1DF4  FE03              CP      3
   \   1DF6  2005              JR      NZ,?0616
   \   1DF8            ?0615:
   \   1DF8  3E01              LD      A,1
   2032              if (fmt == 3) return FR_DISK_ERR;
   \   1DFA  C37922            JP      ?0661
   \   1DFD            ?0616:
   \   1DFD  AF                XOR     A
   \   1DFE  DDB6E4            OR      (IX-28)
   \   1E01  2072              JR      NZ,?1189
   \   1E03            ?0617:
   2033              if (fmt) return FR_NO_FILESYSTEM;                   /* No FAT volume is found */
   2034          
   2035              /* Following code initializes the file system object */
   2036          
   \   1E03            ?0618:
   \   1E03  213300            LD      HL,51
   \   1E06  FDE5              PUSH    IY
   \   1E08  C1                POP     BC
   \   1E09  09                ADD     HL,BC
   \   1E0A  010B00            LD      BC,11
   \   1E0D  09                ADD     HL,BC
   \   1E0E  3E02              LD      A,2
   \   1E10  23                INC     HL
   \   1E11  AE                XOR     (HL)
   \   1E12  2B                DEC     HL
   \   1E13  B6                OR      (HL)
   \   1E14  205F              JR      NZ,?1189
   \   1E16            ?0619:
   2037              if (LD_WORD(fs->win+BPB_BytsPerSec) != SS(fs))      /* (BPB_BytsPerSec must be equal to the physical sector size) */
   2038                  return FR_NO_FILESYSTEM;
   2039          
   \   1E16            ?0620:
   \   1E16  213300            LD      HL,51
   \   1E19  FDE5              PUSH    IY
   \   1E1B  C1                POP     BC
   \   1E1C  09                ADD     HL,BC
   \   1E1D  011600            LD      BC,22
   \   1E20  09                ADD     HL,BC
   \   1E21  46                LD      B,(HL)
   \   1E22  23                INC     HL
   \   1E23  66                LD      H,(HL)
   \   1E24  68                LD      L,B
   \   1E25  DD75E6            LD      (IX-26),L
   \   1E28  4F                LD      C,A
   \   1E29  47                LD      B,A
   \   1E2A  DD74E7            LD      (IX-25),H
   \   1E2D  DD71E8            LD      (IX-24),C
   \   1E30  DD70E9            LD      (IX-23),B
   2040              fasize = LD_WORD(fs->win+BPB_FATSz16);              /* Number of sectors per FAT */
   \   1E33  7D                LD      A,L
   \   1E34  B4                OR      H
   \   1E35  201F              JR      NZ,?0622
   \   1E37            ?0621:
   \   1E37  213300            LD      HL,51
   \   1E3A  FDE5              PUSH    IY
   \   1E3C  C1                POP     BC
   \   1E3D  09                ADD     HL,BC
   \   1E3E  012400            LD      BC,36
   \   1E41  09                ADD     HL,BC
   \   1E42  5E                LD      E,(HL)
   \   1E43  23                INC     HL
   \   1E44  56                LD      D,(HL)
   \   1E45  23                INC     HL
   \   1E46  4E                LD      C,(HL)
   \   1E47  23                INC     HL
   \   1E48  46                LD      B,(HL)
   \   1E49  EB                EX      DE,HL
   \   1E4A  DD75E6            LD      (IX-26),L
   \   1E4D  DD74E7            LD      (IX-25),H
   \   1E50  DD71E8            LD      (IX-24),C
   \   1E53  DD70E9            LD      (IX-23),B
   \   1E56            ?0622:
   2041              if (!fasize) fasize = LD_DWORD(fs->win+BPB_FATSz32);
   \   1E56  FD751F            LD      (IY+31),L
   \   1E59  FD7420            LD      (IY+32),H
   \   1E5C  FD7121            LD      (IY+33),C
   \   1E5F  FD7022            LD      (IY+34),B
   2042              fs->fsize = fasize;
   2043          
   \   1E62  FD4643            LD      B,(IY+67)
   \   1E65  DD70E5            LD      (IX-27),B
   \   1E68  FD7004            LD      (IY+4),B
   2044              fs->n_fats = b = fs->win[BPB_NumFATs];              /* Number of FAT copies */
   \   1E6B  05                DEC     B
   \   1E6C  2809              JR      Z,?0624
   \   1E6E  DD46E5            LD      B,(IX-27)
   \   1E71  05                DEC     B
   \   1E72  05                DEC     B
   \   1E73  2802              JR      Z,?0624
   \   1E75            ?0626:
   \   1E75            ?0625:
   \   1E75            ?0623:
   \   1E75            ?1189:
   \   1E75  1838              JR      ?1191
   2045              if (b != 1 && b != 2) return FR_NO_FILESYSTEM;      /* (Must be 1 or 2) */
   \   1E77            ?0624:
   \   1E77  210800            LD      HL,8
   \   1E7A  39                ADD     HL,SP
   \   1E7B  DD5EE5            LD      E,(IX-27)
   \   1E7E  48                LD      C,B
   \   1E7F  51                LD      D,C
   \   1E80  CD0000            CALL    ?L_MULASG_L03
   2046              fasize *= b;                                        /* Number of sectors for FAT area */
   2047          
   \   1E83  FD4640            LD      B,(IY+64)
   \   1E86  FD7003            LD      (IY+3),B
   2048              fs->csize = b = fs->win[BPB_SecPerClus];            /* Number of sectors per cluster */
   \   1E89  AF                XOR     A
   \   1E8A  B0                OR      B
   \   1E8B  287B              JR      Z,?1192
   \   1E8D  C6FF              ADD     A,255
   \   1E8F  A0                AND     B
   \   1E90  2076              JR      NZ,?1192
   \   1E92            ?0629:
   \   1E92            ?0630:
   \   1E92            ?0627:
   2049              if (!b || (b & (b - 1))) return FR_NO_FILESYSTEM;   /* (Must be power of 2) */
   2050          
   \   1E92            ?0628:
   \   1E92  213300            LD      HL,51
   \   1E95  FDE5              PUSH    IY
   \   1E97  C1                POP     BC
   \   1E98  09                ADD     HL,BC
   \   1E99  111100            LD      DE,17
   \   1E9C  19                ADD     HL,DE
   \   1E9D  56                LD      D,(HL)
   \   1E9E  FD7209            LD      (IY+9),D
   \   1EA1  23                INC     HL
   \   1EA2  66                LD      H,(HL)
   \   1EA3  FD740A            LD      (IY+10),H
   2051              fs->n_rootdir = LD_WORD(fs->win+BPB_RootEntCnt);    /* Number of root directory entries */
   \   1EA6  210900            LD      HL,9
   \   1EA9  09                ADD     HL,BC
   \   1EAA  7E                LD      A,(HL)
   \   1EAB  E60F              AND     15
   \   1EAD  2802              JR      Z,?0632
   \   1EAF            ?0631:
   \   1EAF            ?1191:
   \   1EAF  1857              JR      ?1192
   2052              if (fs->n_rootdir % (SS(fs) / SZ_DIR)) return FR_NO_FILESYSTEM; /* (BPB_RootEntCnt must be sector aligned) */
   2053          
   \   1EB1            ?0632:
   \   1EB1  213300            LD      HL,51
   \   1EB4  FDE5              PUSH    IY
   \   1EB6  C1                POP     BC
   \   1EB7  09                ADD     HL,BC
   \   1EB8  011300            LD      BC,19
   \   1EBB  09                ADD     HL,BC
   \   1EBC  46                LD      B,(HL)
   \   1EBD  23                INC     HL
   \   1EBE  66                LD      H,(HL)
   \   1EBF  68                LD      L,B
   \   1EC0  DD75EE            LD      (IX-18),L
   \   1EC3  4F                LD      C,A
   \   1EC4  47                LD      B,A
   \   1EC5  DD74EF            LD      (IX-17),H
   \   1EC8  DD71F0            LD      (IX-16),C
   \   1ECB  DD70F1            LD      (IX-15),B
   2054              tsect = LD_WORD(fs->win+BPB_TotSec16);              /* Number of sectors on the volume */
   \   1ECE  7D                LD      A,L
   \   1ECF  B4                OR      H
   \   1ED0  201F              JR      NZ,?0634
   \   1ED2            ?0633:
   \   1ED2  213300            LD      HL,51
   \   1ED5  FDE5              PUSH    IY
   \   1ED7  C1                POP     BC
   \   1ED8  09                ADD     HL,BC
   \   1ED9  012000            LD      BC,32
   \   1EDC  09                ADD     HL,BC
   \   1EDD  5E                LD      E,(HL)
   \   1EDE  23                INC     HL
   \   1EDF  56                LD      D,(HL)
   \   1EE0  23                INC     HL
   \   1EE1  4E                LD      C,(HL)
   \   1EE2  23                INC     HL
   \   1EE3  46                LD      B,(HL)
   \   1EE4  EB                EX      DE,HL
   \   1EE5  DD75EE            LD      (IX-18),L
   \   1EE8  DD74EF            LD      (IX-17),H
   \   1EEB  DD71F0            LD      (IX-16),C
   \   1EEE  DD70F1            LD      (IX-15),B
   \   1EF1            ?0634:
   2055              if (!tsect) tsect = LD_DWORD(fs->win+BPB_TotSec32);
   2056          
   \   1EF1  213300            LD      HL,51
   \   1EF4  FDE5              PUSH    IY
   \   1EF6  C1                POP     BC
   \   1EF7  09                ADD     HL,BC
   \   1EF8  010E00            LD      BC,14
   \   1EFB  09                ADD     HL,BC
   \   1EFC  46                LD      B,(HL)
   \   1EFD  23                INC     HL
   \   1EFE  66                LD      H,(HL)
   \   1EFF  68                LD      L,B
   \   1F00  E5                PUSH    HL
   \   1F01  D9                EXX
   \   1F02  D1                POP     DE
   \   1F03  D9                EXX
   2057              nrsv = LD_WORD(fs->win+BPB_RsvdSecCnt);             /* Number of reserved sectors */
   \   1F04  7D                LD      A,L
   \   1F05  B4                OR      H
   \   1F06  2002              JR      NZ,?0636
   \   1F08            ?0635:
   \   1F08            ?1192:
   \   1F08  1849              JR      ?1193
   2058              if (!nrsv) return FR_NO_FILESYSTEM;                 /* (BPB_RsvdSecCnt must not be 0) */
   2059          
   2060              /* Determine the FAT sub type */
   \   1F0A            ?0636:
   \   1F0A  FD5E09            LD      E,(IY+9)
   \   1F0D  FD560A            LD      D,(IY+10)
   \   1F10  0604              LD      B,4
   \   1F12  CD0000            CALL    ?US_RSH_L02
   \   1F15  19                ADD     HL,DE
   \   1F16  010000            LD      BC,0
   \   1F19  C5                PUSH    BC
   \   1F1A  E5                PUSH    HL
   \   1F1B  DD6EE6            LD      L,(IX-26)
   \   1F1E  DD66E7            LD      H,(IX-25)
   \   1F21  C1                POP     BC
   \   1F22  09                ADD     HL,BC
   \   1F23  EB                EX      DE,HL
   \   1F24  DD6EE8            LD      L,(IX-24)
   \   1F27  DD66E9            LD      H,(IX-23)
   \   1F2A  C1                POP     BC
   \   1F2B  ED4A              ADC     HL,BC
   \   1F2D  4D                LD      C,L
   \   1F2E  44                LD      B,H
   \   1F2F  EB                EX      DE,HL
   \   1F30  DD75F6            LD      (IX-10),L
   \   1F33  DD74F7            LD      (IX-9),H
   \   1F36  DD71F8            LD      (IX-8),C
   \   1F39  DD70F9            LD      (IX-7),B
   2061              sysect = nrsv + fasize + fs->n_rootdir / (SS(fs) / SZ_DIR); /* RSV+FAT+DIR */
   \   1F3C  C5                PUSH    BC
   \   1F3D  E5                PUSH    HL
   \   1F3E  A7                AND     A
   \   1F3F  DD6EEE            LD      L,(IX-18)
   \   1F42  DD66EF            LD      H,(IX-17)
   \   1F45  C1                POP     BC
   \   1F46  ED42              SBC     HL,BC
   \   1F48  DD6EF0            LD      L,(IX-16)
   \   1F4B  DD66F1            LD      H,(IX-15)
   \   1F4E  C1                POP     BC
   \   1F4F  ED42              SBC     HL,BC
   \   1F51  3002              JR      NC,?0638
   \   1F53            ?0637:
   \   1F53            ?1193:
   \   1F53  183B              JR      ?1194
   2062              if (tsect < sysect) return FR_NO_FILESYSTEM;        /* (Invalid volume size) */
   \   1F55            ?0638:
   \   1F55  FD6E03            LD      L,(IY+3)
   \   1F58  010000            LD      BC,0
   \   1F5B  61                LD      H,C
   \   1F5C  C5                PUSH    BC
   \   1F5D  E5                PUSH    HL
   \   1F5E  DD6EEE            LD      L,(IX-18)
   \   1F61  DD66EF            LD      H,(IX-17)
   \   1F64  DD4EF6            LD      C,(IX-10)
   \   1F67  DD46F7            LD      B,(IX-9)
   \   1F6A  ED42              SBC     HL,BC
   \   1F6C  EB                EX      DE,HL
   \   1F6D  DD6EF0            LD      L,(IX-16)
   \   1F70  DD66F1            LD      H,(IX-15)
   \   1F73  DD4EF8            LD      C,(IX-8)
   \   1F76  DD46F9            LD      B,(IX-7)
   \   1F79  ED42              SBC     HL,BC
   \   1F7B  CD8F22            CALL    ?1308
   \   1F7E  DD75F2            LD      (IX-14),L
   \   1F81  DD74F3            LD      (IX-13),H
   \   1F84  DD71F4            LD      (IX-12),C
   \   1F87  DD70F5            LD      (IX-11),B
   2063              nclst = (tsect - sysect) / fs->csize;               /* Number of clusters */
   \   1F8A  7D                LD      A,L
   \   1F8B  B4                OR      H
   \   1F8C  B1                OR      C
   \   1F8D  B0                OR      B
   \   1F8E  2003              JR      NZ,?0640
   \   1F90            ?0639:
   \   1F90            ?1194:
   \   1F90  C33321            JP      ?1197
   2064              if (!nclst) return FR_NO_FILESYSTEM;                /* (Invalid volume size) */
   2065              //fmt = FS_FAT12;
   2066              //if (nclst >= MIN_FAT16) fmt = FS_FAT16;
   \   1F93            ?0640:
   \   1F93  DD36E402          LD      (IX-28),2
   2067              fmt = FS_FAT16;
   \   1F97  01F6FF            LD      BC,65526
   \   1F9A  ED42              SBC     HL,BC
   \   1F9C  DD6EF4            LD      L,(IX-12)
   \   1F9F  DD66F5            LD      H,(IX-11)
   \   1FA2  010000            LD      BC,0
   \   1FA5  ED42              SBC     HL,BC
   \   1FA7  3804              JR      C,?0642
   \   1FA9            ?0641:
   \   1FA9  DD36E403          LD      (IX-28),3
   \   1FAD            ?0642:
   2068              if (nclst >= MIN_FAT32) fmt = FS_FAT32;
   2069          
   2070              /* Boundaries and Limits */
   \   1FAD  69                LD      L,C
   \   1FAE  60                LD      H,B
   \   1FAF  C5                PUSH    BC
   \   1FB0  23                INC     HL
   \   1FB1  23                INC     HL
   \   1FB2  E5                PUSH    HL
   \   1FB3  DD6EF2            LD      L,(IX-14)
   \   1FB6  DD66F3            LD      H,(IX-13)
   \   1FB9  C1                POP     BC
   \   1FBA  09                ADD     HL,BC
   \   1FBB  EB                EX      DE,HL
   \   1FBC  DD6EF4            LD      L,(IX-12)
   \   1FBF  DD66F5            LD      H,(IX-11)
   \   1FC2  C1                POP     BC
   \   1FC3  ED4A              ADC     HL,BC
   \   1FC5  4D                LD      C,L
   \   1FC6  44                LD      B,H
   \   1FC7  EB                EX      DE,HL
   \   1FC8  FD751B            LD      (IY+27),L
   \   1FCB  FD741C            LD      (IY+28),H
   \   1FCE  FD711D            LD      (IY+29),C
   \   1FD1  FD701E            LD      (IY+30),B
   2071              fs->n_fatent = nclst + 2;                           /* Number of FAT entries */
   \   1FD4  DD6EF8            LD      L,(IX-8)
   \   1FD7  DD66F9            LD      H,(IX-7)
   \   1FDA  E5                PUSH    HL
   \   1FDB  DD6EF6            LD      L,(IX-10)
   \   1FDE  DD66F7            LD      H,(IX-9)
   \   1FE1  E5                PUSH    HL
   \   1FE2  DD6EEA            LD      L,(IX-22)
   \   1FE5  DD66EB            LD      H,(IX-21)
   \   1FE8  C1                POP     BC
   \   1FE9  09                ADD     HL,BC
   \   1FEA  EB                EX      DE,HL
   \   1FEB  DD6EEC            LD      L,(IX-20)
   \   1FEE  DD66ED            LD      H,(IX-19)
   \   1FF1  C1                POP     BC
   \   1FF2  ED4A              ADC     HL,BC
   \   1FF4  4D                LD      C,L
   \   1FF5  44                LD      B,H
   \   1FF6  EB                EX      DE,HL
   \   1FF7  FD752B            LD      (IY+43),L
   \   1FFA  FD742C            LD      (IY+44),H
   \   1FFD  FD712D            LD      (IY+45),C
   \   2000  FD702E            LD      (IY+46),B
   2072              fs->database = bsect + sysect;                      /* Data start sector */
   \   2003  D9                EXX
   \   2004  D5                PUSH    DE
   \   2005  D9                EXX
   \   2006  E1                POP     HL
   \   2007  010000            LD      BC,0
   \   200A  C5                PUSH    BC
   \   200B  E5                PUSH    HL
   \   200C  DD6EEA            LD      L,(IX-22)
   \   200F  DD66EB            LD      H,(IX-21)
   \   2012  C1                POP     BC
   \   2013  09                ADD     HL,BC
   \   2014  EB                EX      DE,HL
   \   2015  DD6EEC            LD      L,(IX-20)
   \   2018  DD66ED            LD      H,(IX-19)
   \   201B  C1                POP     BC
   \   201C  ED4A              ADC     HL,BC
   \   201E  4D                LD      C,L
   \   201F  44                LD      B,H
   \   2020  EB                EX      DE,HL
   \   2021  FD7523            LD      (IY+35),L
   \   2024  FD7424            LD      (IY+36),H
   \   2027  FD7125            LD      (IY+37),C
   \   202A  FD7026            LD      (IY+38),B
   2073              fs->fatbase = bsect + nrsv;                         /* FAT start sector */
   \   202D  DD7EE4            LD      A,(IX-28)
   \   2030  FE03              CP      3
   \   2032  FD7E09            LD      A,(IY+9)
   \   2035  2037              JR      NZ,?0644
   \   2037            ?0643:
   2074              if (fmt == FS_FAT32) {
   \   2037  FDB60A            OR      (IY+10)
   \   203A  2037              JR      NZ,?1196
   \   203C            ?0645:
   2075                  if (fs->n_rootdir) return FR_NO_FILESYSTEM;     /* (BPB_RootEntCnt must be 0) */
   \   203C            ?0646:
   \   203C  213300            LD      HL,51
   \   203F  FDE5              PUSH    IY
   \   2041  C1                POP     BC
   \   2042  09                ADD     HL,BC
   \   2043  112C00            LD      DE,44
   \   2046  19                ADD     HL,DE
   \   2047  4E                LD      C,(HL)
   \   2048  23                INC     HL
   \   2049  46                LD      B,(HL)
   \   204A  23                INC     HL
   \   204B  5E                LD      E,(HL)
   \   204C  23                INC     HL
   \   204D  56                LD      D,(HL)
   \   204E  FD7127            LD      (IY+39),C
   \   2051  FD7028            LD      (IY+40),B
   \   2054  FD7329            LD      (IY+41),E
   \   2057  FD722A            LD      (IY+42),D
   2076                  fs->dirbase = LD_DWORD(fs->win+BPB_RootClus);   /* Root directory start cluster */
   \   205A  FD4E1D            LD      C,(IY+29)
   \   205D  FD461E            LD      B,(IY+30)
   \   2060  FD6E1B            LD      L,(IY+27)
   \   2063  FD661C            LD      H,(IY+28)
   \   2066  3E02              LD      A,2
   \   2068  CD0000            CALL    ?L_LSH_L03
   \   206B  C3F020            JP      ?0652
   2077                  szbfat = fs->n_fatent * 4;                      /* (Required FAT size) */
   \   206E            ?0644:
   2078              } else {
   \   206E  FDB60A            OR      (IY+10)
   \   2071  2003              JR      NZ,?0649
   \   2073            ?0648:
   \   2073            ?1196:
   \   2073  C33321            JP      ?1197
   2079                  if (!fs->n_rootdir) return FR_NO_FILESYSTEM;    /* (BPB_RootEntCnt must not be 0) */
   \   2076            ?0649:
   \   2076  FD6E25            LD      L,(IY+37)
   \   2079  FD6626            LD      H,(IY+38)
   \   207C  E5                PUSH    HL
   \   207D  FD6E23            LD      L,(IY+35)
   \   2080  FD6624            LD      H,(IY+36)
   \   2083  E5                PUSH    HL
   \   2084  DD6EE6            LD      L,(IX-26)
   \   2087  DD66E7            LD      H,(IX-25)
   \   208A  C1                POP     BC
   \   208B  09                ADD     HL,BC
   \   208C  EB                EX      DE,HL
   \   208D  DD6EE8            LD      L,(IX-24)
   \   2090  DD66E9            LD      H,(IX-23)
   \   2093  C1                POP     BC
   \   2094  ED4A              ADC     HL,BC
   \   2096  4D                LD      C,L
   \   2097  44                LD      B,H
   \   2098  EB                EX      DE,HL
   \   2099  FD7527            LD      (IY+39),L
   \   209C  FD7428            LD      (IY+40),H
   \   209F  FD7129            LD      (IY+41),C
   \   20A2  FD702A            LD      (IY+42),B
   2080                  fs->dirbase = fs->fatbase + fasize;             /* Root directory start sector */
   2081                  szbfat = (fmt == FS_FAT16) ?                    /* (Required FAT size) */
   \   20A5  DD46E4            LD      B,(IX-28)
   \   20A8  05                DEC     B
   \   20A9  05                DEC     B
   \   20AA  2013              JR      NZ,?0651
   \   20AC  FD4E1D            LD      C,(IY+29)
   \   20AF  FD461E            LD      B,(IY+30)
   \   20B2  FD6E1B            LD      L,(IY+27)
   \   20B5  FD661C            LD      H,(IY+28)
   \   20B8  29                ADD     HL,HL
   \   20B9  CB11              RL      C
   \   20BB  CB10              RL      B
   \   20BD  1831              JR      ?0652
   \   20BF            ?0651:
   \   20BF  FD6E1D            LD      L,(IY+29)
   \   20C2  FD661E            LD      H,(IY+30)
   \   20C5  E5                PUSH    HL
   \   20C6  FD6E1B            LD      L,(IY+27)
   \   20C9  FD661C            LD      H,(IY+28)
   \   20CC  E5                PUSH    HL
   \   20CD  010000            LD      BC,0
   \   20D0  210300            LD      HL,3
   \   20D3  CD0000            CALL    ?L_MUL_L03
   \   20D6  3E01              LD      A,1
   \   20D8  CD0000            CALL    ?UL_RSH_L03
   \   20DB  C5                PUSH    BC
   \   20DC  E5                PUSH    HL
   \   20DD  FD7E1B            LD      A,(IY+27)
   \   20E0  E601              AND     1
   \   20E2  6F                LD      L,A
   \   20E3  2600              LD      H,0
   \   20E5  5C                LD      E,H
   \   20E6  53                LD      D,E
   \   20E7  C1                POP     BC
   \   20E8  09                ADD     HL,BC
   \   20E9  EB                EX      DE,HL
   \   20EA  C1                POP     BC
   \   20EB  ED4A              ADC     HL,BC
   \   20ED  4D                LD      C,L
   \   20EE  44                LD      B,H
   \   20EF  EB                EX      DE,HL
   \   20F0            ?0652:
   \   20F0  DD75FA            LD      (IX-6),L
   \   20F3  DD74FB            LD      (IX-5),H
   \   20F6  DD71FC            LD      (IX-4),C
   \   20F9  DD70FD            LD      (IX-3),B
   \   20FC            ?0647:
   2082                      fs->n_fatent * 2 : fs->n_fatent * 3 / 2 + (fs->n_fatent & 1);
   2083              }
   \   20FC  210000            LD      HL,0
   \   20FF  E5                PUSH    HL
   \   2100  21FF01            LD      HL,511
   \   2103  E5                PUSH    HL
   \   2104  DD6EFA            LD      L,(IX-6)
   \   2107  DD66FB            LD      H,(IX-5)
   \   210A  C1                POP     BC
   \   210B  09                ADD     HL,BC
   \   210C  EB                EX      DE,HL
   \   210D  DD6EFC            LD      L,(IX-4)
   \   2110  DD66FD            LD      H,(IX-3)
   \   2113  C1                POP     BC
   \   2114  ED4A              ADC     HL,BC
   \   2116  4D                LD      C,L
   \   2117  44                LD      B,H
   \   2118  EB                EX      DE,HL
   \   2119  CD8822            CALL    ?1295
   \   211C  C5                PUSH    BC
   \   211D  E5                PUSH    HL
   \   211E  A7                AND     A
   \   211F  FD6E1F            LD      L,(IY+31)
   \   2122  FD6620            LD      H,(IY+32)
   \   2125  C1                POP     BC
   \   2126  ED42              SBC     HL,BC
   \   2128  FD6E21            LD      L,(IY+33)
   \   212B  FD6622            LD      H,(IY+34)
   \   212E  C1                POP     BC
   \   212F  ED42              SBC     HL,BC
   \   2131  3005              JR      NC,?0654
   \   2133            ?0653:
   2084              if (fs->fsize < (szbfat + (SS(fs) - 1)) / SS(fs))   /* (BPB_FATSz must not be less than required) */
   \   2133            ?1197:
   \   2133  3E0D              LD      A,13
   2085                  return FR_NO_FILESYSTEM;
   2086          
   2087          #if !_FS_READONLY
   2088              /* Initialize cluster allocation information */
   \   2135  C37922            JP      ?0661
   \   2138            ?0654:
   \   2138  06FF              LD      B,255
   \   213A  FD700F            LD      (IY+15),B
   \   213D  FD7010            LD      (IY+16),B
   \   2140  FD7011            LD      (IY+17),B
   \   2143  FD7012            LD      (IY+18),B
   2089              fs->free_clust = 0xFFFFFFFF;
   \   2146  AF                XOR     A
   \   2147  FD770B            LD      (IY+11),A
   \   214A  FD770C            LD      (IY+12),A
   \   214D  FD770D            LD      (IY+13),A
   \   2150  FD770E            LD      (IY+14),A
   2090              fs->last_clust = 0;
   2091          
   2092              /* Get fsinfo if available */
   \   2153  DD7EE4            LD      A,(IX-28)
   \   2156  FE03              CP      3
   \   2158  C24B22            JP      NZ,?0658
   \   215B            ?0655:
   2093              if (fmt == FS_FAT32) {
   \   215B  FD360600          LD      (IY+6),0
   2094                  fs->fsi_flag = 0;
   \   215F  213300            LD      HL,51
   \   2162  FDE5              PUSH    IY
   \   2164  C1                POP     BC
   \   2165  09                ADD     HL,BC
   \   2166  113000            LD      DE,48
   \   2169  19                ADD     HL,DE
   \   216A  56                LD      D,(HL)
   \   216B  23                INC     HL
   \   216C  66                LD      H,(HL)
   \   216D  6A                LD      L,D
   \   216E  010000            LD      BC,0
   \   2171  C5                PUSH    BC
   \   2172  E5                PUSH    HL
   \   2173  DD6EEA            LD      L,(IX-22)
   \   2176  DD66EB            LD      H,(IX-21)
   \   2179  C1                POP     BC
   \   217A  09                ADD     HL,BC
   \   217B  EB                EX      DE,HL
   \   217C  DD6EEC            LD      L,(IX-20)
   \   217F  DD66ED            LD      H,(IX-19)
   \   2182  C1                POP     BC
   \   2183  ED4A              ADC     HL,BC
   \   2185  4D                LD      C,L
   \   2186  44                LD      B,H
   \   2187  EB                EX      DE,HL
   \   2188  FD7513            LD      (IY+19),L
   \   218B  FD7414            LD      (IY+20),H
   \   218E  FD7115            LD      (IY+21),C
   \   2191  FD7016            LD      (IY+22),B
   2095                  fs->fsi_sector = bsect + LD_WORD(fs->win+BPB_FSInfo);
   \   2194  FD7E01            LD      A,(IY+1)
   \   2197  321A00            LD      (drv_calls+26),A
   \   219A  213300            LD      HL,51
   \   219D  FDE5              PUSH    IY
   \   219F  C1                POP     BC
   \   21A0  09                ADD     HL,BC
   \   21A1  221B00            LD      (drv_calls+27),HL
   \   21A4  211300            LD      HL,19
   \   21A7  09                ADD     HL,BC
   \   21A8  221D00            LD      (drv_calls+29),HL
   \   21AB  3E01              LD      A,1
   \   21AD  321F00            LD      (drv_calls+31),A
   2096                  SET_DIO_PAR(fs->drv, fs->win, fs->fsi_sector,1);
   2097                  if (drv_calls.read_to_buf() == RES_OK &&
   2098                      LD_WORD(fs->win+BS_55AA) == 0xAA55 &&
   2099                      LD_DWORD(fs->win+FSI_LeadSig) == 0x41615252 &&
   \   21B0  2A0600            LD      HL,(drv_calls+6)
   \   21B3  CD5B01            CALL    ?1291
   \   21B6  C24B22            JP      NZ,?0658
   \   21B9  213300            LD      HL,51
   \   21BC  FDE5              PUSH    IY
   \   21BE  C1                POP     BC
   \   21BF  09                ADD     HL,BC
   \   21C0  01FE01            LD      BC,510
   \   21C3  09                ADD     HL,BC
   \   21C4  46                LD      B,(HL)
   \   21C5  23                INC     HL
   \   21C6  66                LD      H,(HL)
   \   21C7  68                LD      L,B
   \   21C8  0155AA            LD      BC,43605
   \   21CB  A7                AND     A
   \   21CC  ED42              SBC     HL,BC
   \   21CE  207B              JR      NZ,?0658
   \   21D0  FD6E33            LD      L,(IY+51)
   \   21D3  FD6634            LD      H,(IY+52)
   \   21D6  015252            LD      BC,21074
   \   21D9  A7                AND     A
   \   21DA  ED42              SBC     HL,BC
   \   21DC  206D              JR      NZ,?0658
   \   21DE  FD6E35            LD      L,(IY+53)
   \   21E1  FD6636            LD      H,(IY+54)
   \   21E4  016141            LD      BC,16737
   \   21E7  ED42              SBC     HL,BC
   \   21E9  2060              JR      NZ,?0658
   \   21EB  213300            LD      HL,51
   \   21EE  FDE5              PUSH    IY
   \   21F0  C1                POP     BC
   \   21F1  09                ADD     HL,BC
   \   21F2  01E401            LD      BC,484
   \   21F5  09                ADD     HL,BC
   \   21F6  4E                LD      C,(HL)
   \   21F7  23                INC     HL
   \   21F8  46                LD      B,(HL)
   \   21F9  23                INC     HL
   \   21FA  5E                LD      E,(HL)
   \   21FB  23                INC     HL
   \   21FC  56                LD      D,(HL)
   \   21FD  69                LD      L,C
   \   21FE  60                LD      H,B
   \   21FF  017272            LD      BC,29298
   \   2202  A7                AND     A
   \   2203  ED42              SBC     HL,BC
   \   2205  2044              JR      NZ,?0658
   \   2207  EB                EX      DE,HL
   \   2208  014161            LD      BC,24897
   \   220B  ED42              SBC     HL,BC
   \   220D  203C              JR      NZ,?0658
   \   220F            ?0660:
   \   220F            ?0659:
   \   220F            ?0657:
   2100                      LD_DWORD(fs->win+FSI_StrucSig) == 0x61417272) {
   \   220F  213300            LD      HL,51
   \   2212  FDE5              PUSH    IY
   \   2214  C1                POP     BC
   \   2215  09                ADD     HL,BC
   \   2216  11EC01            LD      DE,492
   \   2219  19                ADD     HL,DE
   \   221A  4E                LD      C,(HL)
   \   221B  23                INC     HL
   \   221C  46                LD      B,(HL)
   \   221D  23                INC     HL
   \   221E  5E                LD      E,(HL)
   \   221F  23                INC     HL
   \   2220  56                LD      D,(HL)
   \   2221  FD710B            LD      (IY+11),C
   \   2224  FD700C            LD      (IY+12),B
   \   2227  FD730D            LD      (IY+13),E
   \   222A  FD720E            LD      (IY+14),D
   2101                          fs->last_clust = LD_DWORD(fs->win+FSI_Nxt_Free);
   \   222D  213300            LD      HL,51
   \   2230  FDE5              PUSH    IY
   \   2232  C1                POP     BC
   \   2233  09                ADD     HL,BC
   \   2234  11E801            LD      DE,488
   \   2237  19                ADD     HL,DE
   \   2238  4E                LD      C,(HL)
   \   2239  23                INC     HL
   \   223A  46                LD      B,(HL)
   \   223B  23                INC     HL
   \   223C  5E                LD      E,(HL)
   \   223D  23                INC     HL
   \   223E  56                LD      D,(HL)
   \   223F  FD710F            LD      (IY+15),C
   \   2242  FD7010            LD      (IY+16),B
   \   2245  FD7311            LD      (IY+17),E
   \   2248  FD7212            LD      (IY+18),D
   \   224B            ?0658:
   \   224B            ?0656:
   2102                          fs->free_clust = LD_DWORD(fs->win+FSI_Free_Count);
   2103                  }
   2104              }
   2105          #endif
   \   224B  DD46E4            LD      B,(IX-28)
   \   224E  FD7000            LD      (IY+0),B
   2106              fs->fs_type = fmt;      /* FAT sub-type */
   \   2251  2A0000            LD      HL,(Fsid)
   \   2254  23                INC     HL
   \   2255  220000            LD      (Fsid),HL
   \   2258  FD7507            LD      (IY+7),L
   \   225B  FD7408            LD      (IY+8),H
   2107              fs->id = ++Fsid;        /* File system mount ID */
   \   225E  AF                XOR     A
   \   225F  FD772F            LD      (IY+47),A
   \   2262  FD7730            LD      (IY+48),A
   \   2265  FD7731            LD      (IY+49),A
   \   2268  FD7732            LD      (IY+50),A
   2108              fs->winsect = 0;        /* Invalidate sector cache */
   \   226B  FD7705            LD      (IY+5),A
   2109              fs->wflag = 0;
   2110          #if _FS_RPATH
   \   226E  4F                LD      C,A
   \   226F  47                LD      B,A
   \   2270  ED432200          LD      (drv_calls+34),BC
   \   2274  ED432400          LD      (drv_calls+36),BC
   2111              drv_calls.curr_dir = 0; //fs->cdir = 0;         /* Current directory (root dir) */
   2112          #endif
   2113          #if _FS_SHARE               /* Clear file lock semaphores */
   2115          #endif
   2116          
   \   2278            ?1186:
   \   2278  AF                XOR     A
   2117              return FR_OK;
   \   2279            ?0661:
   \   2279  C3940A            JP      ?0135
   \   227C            ?1296:
   \   227C  FD4E08            LD      C,(IY+8)
   \   227F  FD4609            LD      B,(IY+9)
   \   2282  FD6E06            LD      L,(IY+6)
   \   2285  FD6607            LD      H,(IY+7)
   \   2288            ?1295:
   \   2288  3E09              LD      A,9
   \   228A  C30000            JP      ?UL_RSH_L03
   \   228D            ?1309:
   \   228D  ED4A              ADC     HL,BC
   \   228F            ?1308:
   \   228F  4D                LD      C,L
   \   2290  44                LD      B,H
   \   2291  EB                EX      DE,HL
   \   2292  C30000            JP      ?UL_DIV_L03
   2118          }
   2119          
   2120          
   2121          
   2122          
   2123          /*-----------------------------------------------------------------------*/
   2124          /* Check if the file/dir object is valid or not                          */
   2125          /*-----------------------------------------------------------------------*/
   2126          
   2127          static
   2128          FRESULT validate (  /* FR_OK(0): The object is valid, !=0: Invalid */
   2129              FATFS *fs,      /* Pointer to the file system object */
   2130              WORD id         /* Member id of the target object to be checked */
   2131          )
   \   2295            validate:
   \   2295  DDE5              PUSH    IX
   \   2297  C5                PUSH    BC
   \   2298  D5                PUSH    DE
   \   2299  DDE1              POP     IX
   2132          {
   \   229B  7B                LD      A,E
   \   229C  B2                OR      D
   \   229D  2810              JR      Z,?0664
   \   229F  AF                XOR     A
   \   22A0  DDB600            OR      (IX+0)
   \   22A3  280A              JR      Z,?0664
   \   22A5  DD6E07            LD      L,(IX+7)
   \   22A8  DD6608            LD      H,(IX+8)
   \   22AB  ED42              SBC     HL,BC
   \   22AD  2804              JR      Z,?0663
   \   22AF            ?0664:
   \   22AF            ?0665:
   \   22AF            ?0662:
   2133              if (!fs || !fs->fs_type || fs->id != id)
   \   22AF  3E09              LD      A,9
   2134                  return FR_INVALID_OBJECT;
   2135          
   \   22B1  1816              JR      ?0668
   \   22B3            ?0663:
   2136              ENTER_FF(fs);       /* Lock file system */
   2137          
   \   22B3  DD5E01            LD      E,(IX+1)
   \   22B6  2A0200            LD      HL,(drv_calls+2)
   \   22B9  CD0000            CALL    ?CALL_IND_L09
   \   22BC  CB47              BIT     0,A
   \   22BE  2808              JR      Z,?0667
   \   22C0            ?0666:
   2138              if (disk_status(fs->drv) & STA_NOINIT){
   \   22C0  DD360000          LD      (IX+0),0
   2139                  fs->fs_type=0;
   \   22C4  3E03              LD      A,3
   2140                  return FR_NOT_READY;
   \   22C6  1801              JR      ?0668
   \   22C8            ?0667:
   2141              }
   \   22C8  AF                XOR     A
   2142              return FR_OK;
   \   22C9            ?0668:
   \   22C9  E1                POP     HL
   \   22CA  DDE1              POP     IX
   \   22CC  C9                RET
   2143          }
   2144          
   2145          
   2146          
   2147          
   2148          /*--------------------------------------------------------------------------
   2149          
   2150             Public Functions
   2151          
   2152          --------------------------------------------------------------------------*/
   2153          
   2154          
   2155          //const TCHAR nullstring[]="";
   2156          static DIR djo, djn;
   2157          
   2158          /*-----------------------------------------------------------------------*/
   2159          /* Mount/Unmount a Logical Drive                                         */
   2160          /*-----------------------------------------------------------------------*/
   2161          
   2162          FRESULT f_mount (
   2163              void
   2164              //BYTE vol,     /* Logical drive number to be mounted/unmounted */
   2165              //FATFS *fs     /* Pointer to new file system object (NULL for unmount)*/
   2166          )
   \   22CD            f_mount:
   \   22CD  C5                PUSH    BC
   \   22CE  D5                PUSH    DE
   \   22CF  2A2000            LD      HL,(drv_calls+32)
   \   22D2  3600              LD      (HL),0
   2167          {
   2168          #if 1==0
   2177          #if _FS_SHARE
   2179          #endif
   2180          #if _FS_REENTRANT                   /* Discard sync object of the current volume */
   2182          #endif
   2188          #if _FS_REENTRANT                   /* Create sync object for the new volume */
   2190          #endif
   2194          #else
   2195              //static TCHAR *path;
   2196              //path = (TCHAR *)nullstring;
   2197              drv_calls.curr_fatfs->fs_type = 0;
   \   22D4  0E00              LD      C,0
   \   22D6  CDED22            CALL    ?1310
   2198              return chk_mounted(&djo.fs, 0);
   2199          #endif
   \   22D9  D1                POP     DE
   \   22DA  C1                POP     BC
   \   22DB  C9                RET
   \   22DC            ?1312:
   \   22DC  DD4E02            LD      C,(IX+2)
   \   22DF  DD4603            LD      B,(IX+3)
   \   22E2            ?1311:
   \   22E2  11003A            LD      DE,14848
   \   22E5  2A1000            LD      HL,(drv_calls+16)
   \   22E8  CD0000            CALL    ?CALL_IND_L09
   \   22EB  0E01              LD      C,1
   \   22ED            ?1310:
   \   22ED  118C00            LD      DE,djo
   \   22F0  C3FE1C            JP      chk_mounted
   2200          }
   2201          
   2202          /*-----------------------------------------------------------------------*/
   2203          /* Open or Create a File                                                 */
   2204          /*-----------------------------------------------------------------------*/
   2205          
   2206          FRESULT f_open (
   2207              FIL *fp,            /* Pointer to the blank file object */
   2208              const TCHAR *path,  /* Pointer to the file name */
   2209              BYTE mode           /* Access mode and file open mode flags */
   2210          )
   \   22F3            f_open:
   \   22F3  FDE5              PUSH    IY
   \   22F5  DDE5              PUSH    IX
   \   22F7  C5                PUSH    BC
   \   22F8  D5                PUSH    DE
   \   22F9  FDE1              POP     IY
   2211          {
   2212              static FRESULT res;
   2213              //DIR dj;
   2214              BYTE *dir;
   2215              DEF_NAMEBUF;
   2216          
   \   22FB  CD0025            CALL    ?1313
   2217              drv_calls.strcpy_usp2lib(pathbuf,path);
   2218              
   \   22FE  FDE5              PUSH    IY
   \   2300  E1                POP     HL
   \   2301  AF                XOR     A
   \   2302  77                LD      (HL),A
   \   2303  23                INC     HL
   \   2304  77                LD      (HL),A
   2219              fp->fs = 0;         /* Clear file object */
   2220          
   2221          #if !_FS_READONLY
   \   2305  210800            LD      HL,8
   \   2308  39                ADD     HL,SP
   \   2309  7E                LD      A,(HL)
   \   230A  E61F              AND     31
   \   230C  77                LD      (HL),A
   2222              mode &= FA_READ | FA_WRITE | FA_CREATE_ALWAYS | FA_OPEN_ALWAYS | FA_CREATE_NEW;
   \   230D  47                LD      B,A
   \   230E  CB80              RES     0,B
   \   2310  48                LD      C,B
   \   2311  CDED22            CALL    ?1310
   \   2314  32C000            LD      (?0669),A
   2223              res = chk_mounted(&djo.fs, (BYTE)(mode & ~FA_READ));
   2224          #else
   2227          #endif
   \   2317  218000            LD      HL,sfn
   \   231A  22A000            LD      (djo+20),HL
   \   231D  210000            LD      HL,LfnBuf
   \   2320  22A200            LD      (djo+22),HL
   2228              INIT_BUF(djo);
   \   2323  B7                OR      A
   \   2324  2006              JR      NZ,?0671
   \   2326            ?0670:
   2229              if (res == FR_OK)
   \   2326  CD1525            CALL    ?1315
   \   2329  32C000            LD      (?0669),A
   \   232C            ?0671:
   2230                  res = follow_path(&djo, pathbuf);   /* Follow the file path */
   \   232C  DD2A9E00          LD      IX,(djo+18)
   2231              dir = djo.dir;
   2232          
   2233          #if !_FS_READONLY   /* R/W configuration */
   \   2330  B7                OR      A
   \   2331  200B              JR      NZ,?0675
   \   2333            ?0672:
   2234              if (res == FR_OK) {
   \   2333  DD7D              LD      A,IXL
   \   2335  DDB4              OR      IXH
   \   2337  2005              JR      NZ,?0675
   \   2339            ?0674:
   2235                  if (!dir)   /* Current dir itself */
   \   2339  3E06              LD      A,6
   \   233B  32C000            LD      (?0669),A
   \   233E            ?0675:
   \   233E            ?0673:
   2236                      res = FR_INVALID_NAME;
   2237          #if _FS_SHARE
   2240          #endif
   2241              }
   2242              /* Create or Open a file */
   \   233E  210800            LD      HL,8
   \   2341  39                ADD     HL,SP
   \   2342  7E                LD      A,(HL)
   \   2343  E61C              AND     28
   \   2345  3AC000            LD      A,(?0669)
   \   2348  CA4124            JP      Z,?0677
   \   234B            ?0676:
   2243              if (mode & (FA_CREATE_ALWAYS | FA_OPEN_ALWAYS | FA_CREATE_NEW)) {
   2244                  static DWORD dw, cl;
   2245          
   \   234B  B7                OR      A
   \   234C  2819              JR      Z,?0681
   \   234E            ?0680:
   2246                  if (res != FR_OK) {                 /* No file, create new */
   \   234E  FE04              CP      4
   \   2350  2009              JR      NZ,?0683
   \   2352            ?0682:
   2247                      if (res == FR_NO_FILE)          /* There is no file to open, create a new entry */
   2248          #if _FS_SHARE
   2250          #else
   \   2352  118C00            LD      DE,djo
   \   2355  CDA412            CALL    dir_register
   \   2358  32C000            LD      (?0669),A
   \   235B            ?0683:
   2251                          res = dir_register(&djo);
   2252          #endif
   \   235B  210800            LD      HL,8
   \   235E  39                ADD     HL,SP
   \   235F  CBDE              SET     3,(HL)
   2253                      mode |= FA_CREATE_ALWAYS;       /* File is created */
   \   2361  DD2A9E00          LD      IX,(djo+18)
   2254                      dir = djo.dir;                  /* New entry */
   2255                  }
   \   2365  1814              JR      ?0689
   \   2367            ?0681:
   2256                  else {                              /* Any object is already existing */
   \   2367  DD7E0B            LD      A,(IX+11)
   \   236A  E611              AND     17
   \   236C  2804              JR      Z,?0686
   \   236E            ?0685:
   2257                      if (dir[DIR_Attr] & (AM_RDO | AM_DIR)) {    /* Cannot overwrite it (R/O or DIR) */
   \   236E  3E07              LD      A,7
   \   2370  1806              JR      ?1200
   2258                          res = FR_DENIED;
   \   2372            ?0686:
   2259                      } else {
   \   2372  CB56              BIT     2,(HL)
   \   2374  2805              JR      Z,?0689
   \   2376            ?0688:
   2260                          if (mode & FA_CREATE_NEW)   /* Cannot create as new file */
   \   2376  3E08              LD      A,8
   \   2378            ?1200:
   \   2378  32C000            LD      (?0669),A
   \   237B            ?0689:
   \   237B            ?0687:
   \   237B            ?0684:
   2261                              res = FR_EXIST;
   2262                      }
   2263                  }
   \   237B  3AC000            LD      A,(?0669)
   \   237E  B7                OR      A
   \   237F  C24F24            JP      NZ,?0702
   \   2382  CB5E              BIT     3,(HL)
   \   2384  CA4F24            JP      Z,?0702
   \   2387            ?0693:
   \   2387            ?0692:
   \   2387            ?0690:
   2264                  if (res == FR_OK && (mode & FA_CREATE_ALWAYS)) {    /* Truncate it if overwrite mode */
   \   2387  11C100            LD      DE,?0678
   \   238A  2A0C00            LD      HL,(drv_calls+12)
   \   238D  CD0000            CALL    ?CALL_IND_L09
   2265                      get_fattime(&dw);                   /* Created time */
   \   2390  ED4BC300          LD      BC,(?0678+2)
   \   2394  2AC100            LD      HL,(?0678)
   \   2397  DD750E            LD      (IX+14),L
   \   239A  DD740F            LD      (IX+15),H
   \   239D  DD7110            LD      (IX+16),C
   \   23A0  DD7011            LD      (IX+17),B
   2266                      ST_DWORD(dir+DIR_CrtTime, dw);
   \   23A3  DD360B00          LD      (IX+11),0
   2267                      dir[DIR_Attr] = 0;                  /* Reset attribute */
   \   23A7  AF                XOR     A
   \   23A8  DD771C            LD      (IX+28),A
   \   23AB  DD771D            LD      (IX+29),A
   \   23AE  DD771E            LD      (IX+30),A
   \   23B1  DD771F            LD      (IX+31),A
   2268                      ST_DWORD(dir+DIR_FileSize, 0);      /* size = 0 */
   \   23B4  DDE5              PUSH    IX
   \   23B6  D1                POP     DE
   \   23B7  CD0000            CALL    LD_CLUST
   \   23BA  22C500            LD      (?0679),HL
   \   23BD  ED43C700          LD      (?0679+2),BC
   2269                      cl = LD_CLUST(dir);                 /* Get start cluster */
   \   23C1  AF                XOR     A
   \   23C2  DD771A            LD      (IX+26),A
   \   23C5  DD771B            LD      (IX+27),A
   \   23C8  DD7714            LD      (IX+20),A
   \   23CB  DD7715            LD      (IX+21),A
   2270                      ST_CLUST(dir, 0);                   /* cluster = 0 */
   \   23CE  210500            LD      HL,5
   \   23D1  ED4B8C00          LD      BC,(djo)
   \   23D5  09                ADD     HL,BC
   \   23D6  3601              LD      (HL),1
   2271                      djo.fs->wflag = 1;
   \   23D8  2AC500            LD      HL,(?0679)
   \   23DB  7D                LD      A,L
   \   23DC  B4                OR      H
   \   23DD  2AC700            LD      HL,(?0679+2)
   \   23E0  B5                OR      L
   \   23E1  B4                OR      H
   \   23E2  286B              JR      Z,?0702
   \   23E4            ?0694:
   2272                      if (cl) {                           /* Remove the cluster chain if exist */
   \   23E4  212F00            LD      HL,47
   \   23E7  ED4B8C00          LD      BC,(djo)
   \   23EB  09                ADD     HL,BC
   \   23EC  5E                LD      E,(HL)
   \   23ED  23                INC     HL
   \   23EE  56                LD      D,(HL)
   \   23EF  23                INC     HL
   \   23F0  4E                LD      C,(HL)
   \   23F1  23                INC     HL
   \   23F2  46                LD      B,(HL)
   \   23F3  EB                EX      DE,HL
   \   23F4  22C100            LD      (?0678),HL
   \   23F7  ED43C300          LD      (?0678+2),BC
   2273                          dw = djo.fs->winsect;
   \   23FB  2AC700            LD      HL,(?0679+2)
   \   23FE  E5                PUSH    HL
   \   23FF  2AC500            LD      HL,(?0679)
   \   2402  E5                PUSH    HL
   \   2403  CD1E25            CALL    ?1317
   \   2406  E1                POP     HL
   \   2407  E1                POP     HL
   \   2408  32C000            LD      (?0669),A
   2274                          res = remove_chain(djo.fs, cl);
   \   240B  B7                OR      A
   \   240C  2041              JR      NZ,?0702
   \   240E            ?0696:
   2275                          if (res == FR_OK) {
   \   240E  210B00            LD      HL,11
   \   2411  ED4B8C00          LD      BC,(djo)
   \   2415  09                ADD     HL,BC
   \   2416  E5                PUSH    HL
   \   2417  01FFFF            LD      BC,65535
   \   241A  C5                PUSH    BC
   \   241B  C5                PUSH    BC
   \   241C  2AC500            LD      HL,(?0679)
   \   241F  C1                POP     BC
   \   2420  09                ADD     HL,BC
   \   2421  EB                EX      DE,HL
   \   2422  2AC700            LD      HL,(?0679+2)
   \   2425  C1                POP     BC
   \   2426  ED4A              ADC     HL,BC
   \   2428  4D                LD      C,L
   \   2429  44                LD      B,H
   \   242A  E1                POP     HL
   \   242B  73                LD      (HL),E
   \   242C  23                INC     HL
   \   242D  72                LD      (HL),D
   \   242E  23                INC     HL
   \   242F  71                LD      (HL),C
   \   2430  23                INC     HL
   \   2431  70                LD      (HL),B
   2276                              djo.fs->last_clust = cl - 1;    /* Reuse the cluster hole */
   \   2432  2AC300            LD      HL,(?0678+2)
   \   2435  E5                PUSH    HL
   \   2436  2AC100            LD      HL,(?0678)
   \   2439  E5                PUSH    HL
   \   243A  CDF724            CALL    ?1294
   \   243D  E1                POP     HL
   \   243E  E1                POP     HL
   \   243F  180B              JR      ?1201
   \   2441            ?0697:
   \   2441            ?0695:
   \   2441            ?0691:
   2277                              res = move_window(djo.fs, dw);
   2278                          }
   2279                      }
   2280                  }
   2281              }
   \   2441            ?0677:
   2282              else {  /* 6769 Open an existing file */
   \   2441  B7                OR      A
   \   2442  200B              JR      NZ,?0702
   \   2444            ?0699:
   2283                  if (res == FR_OK) {                     /* Follow succeeded */
   \   2444  DDCB0B66          BIT     4,(IX+11)
   \   2448  2805              JR      Z,?0702
   \   244A            ?0701:
   2284                      if (dir[DIR_Attr] & AM_DIR) {       /* It is a directory */
   \   244A  3E04              LD      A,4
   \   244C            ?1201:
   \   244C  32C000            LD      (?0669),A
   \   244F            ?0702:
   \   244F            ?0700:
   \   244F            ?0698:
   2285                          res = FR_NO_FILE;
   2286                      } 
   2287                      // else {
   2288                          // if ((mode & FA_WRITE) && (dir[DIR_Attr] & AM_RDO)) /* R/O violation */
   2289                              // res = FR_DENIED;
   2290                      // }
   2291                  }
   2292              }
   \   244F  3AC000            LD      A,(?0669)
   \   2452  B7                OR      A
   \   2453  202F              JR      NZ,?0704
   \   2455            ?0703:
   2293              if (res == FR_OK) {
   \   2455  210800            LD      HL,8
   \   2458  39                ADD     HL,SP
   \   2459  CB5E              BIT     3,(HL)
   \   245B  2802              JR      Z,?0706
   \   245D            ?0705:
   2294                  if (mode & FA_CREATE_ALWAYS)            /* Set file change flag if created or overwritten */
   \   245D  CBEE              SET     5,(HL)
   \   245F            ?0706:
   2295                      mode |= FA__WRITTEN;
   \   245F  212F00            LD      HL,47
   \   2462  ED4B8C00          LD      BC,(djo)
   \   2466  09                ADD     HL,BC
   \   2467  5E                LD      E,(HL)
   \   2468  23                INC     HL
   \   2469  56                LD      D,(HL)
   \   246A  23                INC     HL
   \   246B  4E                LD      C,(HL)
   \   246C  23                INC     HL
   \   246D  46                LD      B,(HL)
   \   246E  EB                EX      DE,HL
   \   246F  FD751A            LD      (IY+26),L
   \   2472  FD741B            LD      (IY+27),H
   \   2475  FD711C            LD      (IY+28),C
   \   2478  FD701D            LD      (IY+29),B
   2296                  fp->dir_sect = djo.fs->winsect;         /* Pointer to the directory entry */
   \   247B  DDE5              PUSH    IX
   \   247D  E1                POP     HL
   \   247E  FD751E            LD      (IY+30),L
   \   2481  FD741F            LD      (IY+31),H
   \   2484            ?0704:
   2297                  fp->dir_ptr = dir;
   2298          #if _FS_SHARE
   2301          #endif
   2302              }
   2303          
   2304          #else               /* R/O configuration */
   2313          #endif
   2314              FREE_BUF();
   2315          
   \   2484  B7                OR      A
   \   2485  2067              JR      NZ,?0708
   \   2487            ?0707:
   2316              if (res == FR_OK) {
   \   2487  210800            LD      HL,8
   \   248A  39                ADD     HL,SP
   \   248B  46                LD      B,(HL)
   \   248C  FD7004            LD      (IY+4),B
   2317                  fp->flag = mode;                    /* File access mode */
   \   248F  DDE5              PUSH    IX
   \   2491  D1                POP     DE
   \   2492  CD0000            CALL    LD_CLUST
   \   2495  FD750E            LD      (IY+14),L
   \   2498  FD740F            LD      (IY+15),H
   \   249B  FD7110            LD      (IY+16),C
   \   249E  FD7011            LD      (IY+17),B
   2318                  fp->sclust = LD_CLUST(dir);         /* File start cluster */
   \   24A1  DD4E1E            LD      C,(IX+30)
   \   24A4  DD461F            LD      B,(IX+31)
   \   24A7  DD6E1C            LD      L,(IX+28)
   \   24AA  FD750A            LD      (IY+10),L
   \   24AD  DD661D            LD      H,(IX+29)
   \   24B0  FD740B            LD      (IY+11),H
   \   24B3  FD710C            LD      (IY+12),C
   \   24B6  FD700D            LD      (IY+13),B
   2319                  fp->fsize = LD_DWORD(dir+DIR_FileSize); /* File size */
   \   24B9  AF                XOR     A
   \   24BA  FD7706            LD      (IY+6),A
   \   24BD  FD7707            LD      (IY+7),A
   \   24C0  FD7708            LD      (IY+8),A
   \   24C3  FD7709            LD      (IY+9),A
   2320                  fp->fptr = 0;                       /* File pointer */
   \   24C6  FD7716            LD      (IY+22),A
   \   24C9  FD7717            LD      (IY+23),A
   \   24CC  FD7718            LD      (IY+24),A
   \   24CF  FD7719            LD      (IY+25),A
   2321                  fp->dsect = 0;
   2322          #if _USE_FASTSEEK
   2324          #endif
   \   24D2  2A8C00            LD      HL,(djo)
   \   24D5  E5                PUSH    HL
   \   24D6  FDE5              PUSH    IY
   \   24D8  E1                POP     HL
   \   24D9  C1                POP     BC
   \   24DA  71                LD      (HL),C
   \   24DB  23                INC     HL
   \   24DC  70                LD      (HL),B
   \   24DD  210700            LD      HL,7
   \   24E0  ED4B8C00          LD      BC,(djo)
   \   24E4  09                ADD     HL,BC
   \   24E5  46                LD      B,(HL)
   \   24E6  FD7002            LD      (IY+2),B
   \   24E9  23                INC     HL
   \   24EA  66                LD      H,(HL)
   \   24EB  FD7403            LD      (IY+3),H
   \   24EE            ?0708:
   2325                  fp->fs = djo.fs; fp->id = djo.fs->id;   /* Validate file object */
   2326              }
   2327          
   \   24EE  3AC000            LD      A,(?0669)
   2328              LEAVE_FF(djo.fs, res);
   \   24F1  E1                POP     HL
   \   24F2  DDE1              POP     IX
   \   24F4  FDE1              POP     IY
   \   24F6  C9                RET
   \   24F7            ?1294:
   \   24F7  ED5B8C00          LD      DE,(djo)
   \   24FB  C30000            JP      move_window
   \   24FE            ?1314:
   \   24FE  4B                LD      C,E
   \   24FF  42                LD      B,D
   \   2500            ?1313:
   \   2500  11003A            LD      DE,14848
   \   2503  2A1000            LD      HL,(drv_calls+16)
   \   2506  C30000            JP      ?CALL_IND_L09
   \   2509            ?1316:
   \   2509  218000            LD      HL,sfn
   \   250C  22A000            LD      (djo+20),HL
   \   250F  210000            LD      HL,LfnBuf
   \   2512  22A200            LD      (djo+22),HL
   \   2515            ?1315:
   \   2515  01003A            LD      BC,14848
   \   2518  118C00            LD      DE,djo
   \   251B  C3841B            JP      follow_path
   \   251E            ?1317:
   \   251E  ED5B8C00          LD      DE,(djo)
   \   2522  C3FF04            JP      remove_chain
   2329          }
   2330          
   2331          
   2332          
   2333          
   2334          /*-----------------------------------------------------------------------*/
   2335          /* Read File                                                             */
   2336          /*-----------------------------------------------------------------------*/
   2337          
   2338          FRESULT f_read (
   2339              FIL *fp,        /* Pointer to the file object */
   2340              void *buff,     /* Pointer to data buffer */
   2341              UINT btr,       /* Number of bytes to read */
   2342              UINT *br        /* Pointer to number of bytes read */
   2343          )
   \   2525            f_read:
   \   2525  CD0000            CALL    ?ENT_AUTO_DIRECT_L09
   \   2528  FEFF              DEFW    -2
   \   252A  FDE5              PUSH    IY
   \   252C  D9                EXX
   \   252D  C5                PUSH    BC
   \   252E  D5                PUSH    DE
   \   252F  DD5E08            LD      E,(IX+8)
   \   2532  DD5609            LD      D,(IX+9)
   \   2535  D9                EXX
   \   2536  DD6E02            LD      L,(IX+2)
   \   2539  DD6603            LD      H,(IX+3)
   \   253C  E5                PUSH    HL
   \   253D  FDE1              POP     IY
   2344          {
   2345              FRESULT res;
   2346              static DWORD clst; 
   2347              static DWORD sect; 
   2348              static DWORD remain;
   2349              UINT rcnt;
   2350              static UINT cc;
   2351              BYTE csect;
   2352              static BYTE * rbuff;
   \   253F  ED43D700          LD      (?0713),BC
   2353              rbuff = buff;
   2354          
   2355          
   \   2543  DD6E0A            LD      L,(IX+10)
   \   2546  DD660B            LD      H,(IX+11)
   \   2549  AF                XOR     A
   \   254A  77                LD      (HL),A
   \   254B  23                INC     HL
   \   254C  77                LD      (HL),A
   2356              *br = 0;    /* Initialize byte counter */
   2357          
   \   254D  CD3128            CALL    ?1318
   2358              res = validate(fp->fs, fp->id);             /* Check validity */
   \   2550  B7                OR      A
   \   2551  C22528            JP      NZ,?0722
   \   2554            ?0714:
   2359              if (res != FR_OK) LEAVE_FF(fp->fs, res);
   \   2554            ?0715:
   \   2554  FD7E04            LD      A,(IY+4)
   \   2557  B7                OR      A
   \   2558  FA5926            JP      M,?1207
   \   255B            ?0716:
   2360              if (fp->flag & FA__ERROR)                   /* Aborted file? */
   2361                  LEAVE_FF(fp->fs, FR_INT_ERR);
   \   255B            ?0717:
   \   255B  FDCB0446          BIT     0,(IY+4)
   \   255F  2005              JR      NZ,?0719
   \   2561            ?0718:
   2362              if (!(fp->flag & FA_READ))                  /* Check access mode */
   \   2561  3E07              LD      A,7
   2363                  LEAVE_FF(fp->fs, FR_DENIED);
   \   2563  C32528            JP      ?0722
   \   2566            ?0719:
   \   2566  A7                AND     A
   \   2567  FD6E0A            LD      L,(IY+10)
   \   256A  FD660B            LD      H,(IY+11)
   \   256D  FD4E06            LD      C,(IY+6)
   \   2570  FD4607            LD      B,(IY+7)
   \   2573  ED42              SBC     HL,BC
   \   2575  EB                EX      DE,HL
   \   2576  FD6E0C            LD      L,(IY+12)
   \   2579  FD660D            LD      H,(IY+13)
   \   257C  FD4E08            LD      C,(IY+8)
   \   257F  FD4609            LD      B,(IY+9)
   \   2582  ED42              SBC     HL,BC
   \   2584  4D                LD      C,L
   \   2585  44                LD      B,H
   \   2586  EB                EX      DE,HL
   \   2587  22D100            LD      (?0711),HL
   \   258A  ED43D300          LD      (?0711+2),BC
   2364              remain = fp->fsize - fp->fptr;
   \   258E  D9                EXX
   \   258F  D5                PUSH    DE
   \   2590  D9                EXX
   \   2591  D1                POP     DE
   \   2592  010000            LD      BC,0
   \   2595  C5                PUSH    BC
   \   2596  D5                PUSH    DE
   \   2597  A7                AND     A
   \   2598  C1                POP     BC
   \   2599  ED42              SBC     HL,BC
   \   259B  2AD300            LD      HL,(?0711+2)
   \   259E  C1                POP     BC
   \   259F  ED42              SBC     HL,BC
   \   25A1  3006              JR      NC,?0721
   \   25A3            ?0720:
   \   25A3  D9                EXX
   \   25A4  ED5BD100          LD      DE,(?0711)
   \   25A8            ?1204:
   \   25A8  D9                EXX
   \   25A9            ?0721:
   \   25A9            ?0723:
   2365              if (btr > remain) btr = (UINT)remain;       /* Truncate btr by remaining bytes */
   2366          
   \   25A9  D9                EXX
   \   25AA  7B                LD      A,E
   \   25AB  B2                OR      D
   \   25AC  D9                EXX
   \   25AD  CA2528            JP      Z,?0722
   \   25B0            ?0724:
   2368                  rbuff += rcnt, fp->fptr += rcnt, *br += rcnt, btr -= rcnt) {
   \   25B0  FD6E06            LD      L,(IY+6)
   \   25B3  FD7E07            LD      A,(IY+7)
   \   25B6  E601              AND     1
   \   25B8  67                LD      H,A
   \   25B9  7D                LD      A,L
   \   25BA  B4                OR      H
   \   25BB  C2AA27            JP      NZ,?0727
   \   25BE            ?0726:
   2369                  if ((fp->fptr % SS(fp->fs)) == 0) {     /* On the sector boundary? */
   \   25BE  CD7C22            CALL    ?1296
   \   25C1  E5                PUSH    HL
   \   25C2  FD6E00            LD      L,(IY+0)
   \   25C5  FD6601            LD      H,(IY+1)
   \   25C8  23                INC     HL
   \   25C9  23                INC     HL
   \   25CA  23                INC     HL
   \   25CB  7E                LD      A,(HL)
   \   25CC  C6FF              ADD     A,255
   \   25CE  E1                POP     HL
   \   25CF  A5                AND     L
   \   25D0  DD77FE            LD      (IX-2),A
   2370                      csect = (BYTE)(fp->fptr / SS(fp->fs) & (fp->fs->csize - 1));    /* Sector offset in the cluster */
   \   25D3  2060              JR      NZ,?0729
   \   25D5            ?0728:
   2371                      if (!csect) {                       /* On the cluster boundary? */
   \   25D5  FD7E06            LD      A,(IY+6)
   \   25D8  FDB607            OR      (IY+7)
   \   25DB  FDB608            OR      (IY+8)
   \   25DE  FDB609            OR      (IY+9)
   \   25E1  200E              JR      NZ,?0731
   \   25E3            ?0730:
   2372                          if (fp->fptr == 0) {            /* On the top of the file? */
   \   25E3  FD4E10            LD      C,(IY+16)
   \   25E6  FD4611            LD      B,(IY+17)
   \   25E9  FD6E0E            LD      L,(IY+14)
   \   25EC  FD660F            LD      H,(IY+15)
   \   25EF  1813              JR      ?1205
   2373                              clst = fp->sclust;          /* Follow from the origin */
   \   25F1            ?0731:
   2374                          } else {                        /* Middle or end of the file */
   2375          #if _USE_FASTSEEK
   2379          #endif
   \   25F1  FD6E14            LD      L,(IY+20)
   \   25F4  FD6615            LD      H,(IY+21)
   \   25F7  E5                PUSH    HL
   \   25F8  FD6E12            LD      L,(IY+18)
   \   25FB  FD6613            LD      H,(IY+19)
   \   25FE  E5                PUSH    HL
   \   25FF  CD9D0A            CALL    ?1298
   \   2602  F1                POP     AF
   \   2603  F1                POP     AF
   \   2604            ?1205:
   \   2604  22C900            LD      (?0709),HL
   \   2607  ED43CB00          LD      (?0709+2),BC
   \   260B            ?0732:
   2380                                  clst = get_fat(fp->fs, fp->clust);  /* Follow cluster chain on the FAT */
   2381                          }
   \   260B  A7                AND     A
   \   260C  010200            LD      BC,2
   \   260F  ED42              SBC     HL,BC
   \   2611  2ACB00            LD      HL,(?0709+2)
   \   2614  0B                DEC     BC
   \   2615  0B                DEC     BC
   \   2616  ED42              SBC     HL,BC
   \   2618  383B              JR      C,?1211
   \   261A            ?0733:
   \   261A            ?0734:
   2382                          if (clst < 2) ABORT(fp->fs, FR_INT_ERR);
   \   261A  ED4BCB00          LD      BC,(?0709+2)
   \   261E  2AC900            LD      HL,(?0709)
   \   2621  7D                LD      A,L
   \   2622  A4                AND     H
   \   2623  A1                AND     C
   \   2624  A0                AND     B
   \   2625  3C                INC     A
   \   2626  CA8E27            JP      Z,?1210
   \   2629            ?0735:
   \   2629            ?0736:
   2383                          if (clst == 0xFFFFFFFF) ABORT(fp->fs, FR_DISK_ERR);
   \   2629  FD7512            LD      (IY+18),L
   \   262C  FD7413            LD      (IY+19),H
   \   262F  FD7114            LD      (IY+20),C
   \   2632  FD7015            LD      (IY+21),B
   \   2635            ?0729:
   2384                          fp->clust = clst;               /* Update current cluster */
   2385                      }
   \   2635  FD6E14            LD      L,(IY+20)
   \   2638  FD6615            LD      H,(IY+21)
   \   263B  E5                PUSH    HL
   \   263C  FD6E12            LD      L,(IY+18)
   \   263F  FD6613            LD      H,(IY+19)
   \   2642  E5                PUSH    HL
   \   2643  CDA60A            CALL    ?1299
   \   2646  F1                POP     AF
   \   2647  F1                POP     AF
   \   2648  22CD00            LD      (?0710),HL
   \   264B  ED43CF00          LD      (?0710+2),BC
   2386                      sect = clust2sect(fp->fs, fp->clust);   /* Get current sector */
   \   264F  7D                LD      A,L
   \   2650  B4                OR      H
   \   2651  B1                OR      C
   \   2652  B0                OR      B
   \   2653  2009              JR      NZ,?0738
   \   2655            ?0737:
   \   2655            ?1211:
   \   2655  FDCB04FE          SET     7,(IY+4)
   \   2659            ?1207:
   \   2659  3E02              LD      A,2
   \   265B  C32528            JP      ?0722
   \   265E            ?0738:
   2387                      if (!sect) ABORT(fp->fs, FR_INT_ERR);
   \   265E  21CD00            LD      HL,?0710
   \   2661  DD5EFE            LD      E,(IX-2)
   \   2664  010000            LD      BC,0
   \   2667  51                LD      D,C
   \   2668  CD0000            CALL    ?L_ADDASG_L03
   2388                      sect += csect;
   \   266B  0609              LD      B,9
   \   266D  D9                EXX
   \   266E  D5                PUSH    DE
   \   266F  D9                EXX
   \   2670  D1                POP     DE
   \   2671  CD0000            CALL    ?US_RSH_L02
   \   2674  ED53D500          LD      (?0712),DE
   2389                      cc = btr / SS(fp->fs);              /* When remaining bytes >= sector size, */
   \   2678  7B                LD      A,E
   \   2679  B2                OR      D
   \   267A  CA3B27            JP      Z,?0740
   \   267D            ?0739:
   2390                      if (cc) {                           /* Read maximum contiguous sectors directly */
   \   267D  DD4EFE            LD      C,(IX-2)
   \   2680  0600              LD      B,0
   \   2682  EB                EX      DE,HL
   \   2683  09                ADD     HL,BC
   \   2684  4D                LD      C,L
   \   2685  44                LD      B,H
   \   2686  FD6E00            LD      L,(IY+0)
   \   2689  FD6601            LD      H,(IY+1)
   \   268C  23                INC     HL
   \   268D  23                INC     HL
   \   268E  23                INC     HL
   \   268F  6E                LD      L,(HL)
   \   2690  2600              LD      H,0
   \   2692  A7                AND     A
   \   2693  ED42              SBC     HL,BC
   \   2695  3016              JR      NC,?0742
   \   2697            ?0741:
   2391                          if (csect + cc > fp->fs->csize) /* Clip at cluster boundary */
   \   2697  DD4EFE            LD      C,(IX-2)
   \   269A  0600              LD      B,0
   \   269C  FD6E00            LD      L,(IY+0)
   \   269F  FD6601            LD      H,(IY+1)
   \   26A2  23                INC     HL
   \   26A3  23                INC     HL
   \   26A4  23                INC     HL
   \   26A5  6E                LD      L,(HL)
   \   26A6  60                LD      H,B
   \   26A7  A7                AND     A
   \   26A8  ED42              SBC     HL,BC
   \   26AA  22D500            LD      (?0712),HL
   \   26AD            ?0742:
   2392                              cc = fp->fs->csize - csect;
   \   26AD  FD6E00            LD      L,(IY+0)
   \   26B0  FD6601            LD      H,(IY+1)
   \   26B3  23                INC     HL
   \   26B4  7E                LD      A,(HL)
   \   26B5  321A00            LD      (drv_calls+26),A
   \   26B8  2AD700            LD      HL,(?0713)
   \   26BB  221B00            LD      (drv_calls+27),HL
   \   26BE  EB                EX      DE,HL
   \   26BF  221D00            LD      (drv_calls+29),HL
   \   26C2  3AD500            LD      A,(?0712)
   \   26C5  321F00            LD      (drv_calls+31),A
   2393                          SET_DIO_PAR(fp->fs->drv, rbuff, sect, (BYTE)cc);
   \   26C8  2A0400            LD      HL,(drv_calls+4)
   \   26CB  CD5B01            CALL    ?1291
   \   26CE  C28E27            JP      NZ,?1210
   \   26D1            ?0743:
   2394                          if (drv_calls.read_to_uspace() != RES_OK)
   \   26D1            ?0744:
   2395                              ABORT(fp->fs, FR_DISK_ERR);
   2396          #if !_FS_READONLY && _FS_MINIMIZE <= 2          /* Replace one of the read sectors with cached data if it contains a dirty sector */
   2397          #if _FS_TINY
   2400          #else
   \   26D1  FDCB0476          BIT     6,(IY+4)
   \   26D5  2856              JR      Z,?0748
   \   26D7  2AD500            LD      HL,(?0712)
   \   26DA  4F                LD      C,A
   \   26DB  47                LD      B,A
   \   26DC  C5                PUSH    BC
   \   26DD  E5                PUSH    HL
   \   26DE  A7                AND     A
   \   26DF  FD6E16            LD      L,(IY+22)
   \   26E2  FD6617            LD      H,(IY+23)
   \   26E5  ED4BCD00          LD      BC,(?0710)
   \   26E9  ED42              SBC     HL,BC
   \   26EB  EB                EX      DE,HL
   \   26EC  FD6E18            LD      L,(IY+24)
   \   26EF  FD6619            LD      H,(IY+25)
   \   26F2  ED4BCF00          LD      BC,(?0710+2)
   \   26F6  ED42              SBC     HL,BC
   \   26F8  EB                EX      DE,HL
   \   26F9  A7                AND     A
   \   26FA  C1                POP     BC
   \   26FB  ED42              SBC     HL,BC
   \   26FD  EB                EX      DE,HL
   \   26FE  C1                POP     BC
   \   26FF  ED42              SBC     HL,BC
   \   2701  302A              JR      NC,?0748
   \   2703            ?0750:
   \   2703            ?0749:
   \   2703            ?0747:
   2401                          if ((fp->flag & FA__DIRTY) && fp->dsect - sect < cc)
   \   2703  210002            LD      HL,512
   \   2706  E5                PUSH    HL
   \   2707  212000            LD      HL,32
   \   270A  FDE5              PUSH    IY
   \   270C  C1                POP     BC
   \   270D  09                ADD     HL,BC
   \   270E  4D                LD      C,L
   \   270F  44                LD      B,H
   \   2710  ED5BCD00          LD      DE,(?0710)
   \   2714  FD6E16            LD      L,(IY+22)
   \   2717  FD6617            LD      H,(IY+23)
   \   271A  A7                AND     A
   \   271B  ED52              SBC     HL,DE
   \   271D  65                LD      H,L
   \   271E  6F                LD      L,A
   \   271F  29                ADD     HL,HL
   \   2720  ED5BD700          LD      DE,(?0713)
   \   2724  19                ADD     HL,DE
   \   2725  EB                EX      DE,HL
   \   2726  2A1600            LD      HL,(drv_calls+22)
   \   2729  CD0000            CALL    ?CALL_IND_L09
   \   272C  E1                POP     HL
   \   272D            ?0748:
   2402                              drv_calls.memcpy_buf2usp(rbuff + ((fp->dsect - sect) * SS(fp->fs)), fp->buf, SS(fp->fs));
   2403          #endif
   2404          #endif
   \   272D  2AD500            LD      HL,(?0712)
   \   2730  65                LD      H,L
   \   2731  2E00              LD      L,0
   \   2733  29                ADD     HL,HL
   \   2734  E5                PUSH    HL
   \   2735  D9                EXX
   \   2736  C1                POP     BC
   \   2737  D9                EXX
   2405                          rcnt = SS(fp->fs) * cc;         /* Number of bytes transferred */
   \   2738  C3EC27            JP      ?0725
   \   273B            ?0740:
   2406                          continue;
   2407                      }
   2408          #if !_FS_TINY
   \   273B  FD6E16            LD      L,(IY+22)
   \   273E  FD6617            LD      H,(IY+23)
   \   2741  ED4BCD00          LD      BC,(?0710)
   \   2745  ED42              SBC     HL,BC
   \   2747  200E              JR      NZ,?1203
   \   2749  FD6E18            LD      L,(IY+24)
   \   274C  FD6619            LD      H,(IY+25)
   \   274F  ED4BCF00          LD      BC,(?0710+2)
   \   2753  ED42              SBC     HL,BC
   \   2755  2840              JR      Z,?0758
   \   2757            ?1203:
   \   2757            ?0751:
   2409                      if (fp->dsect != sect) {            /* Load data sector if not in cache */
   \   2757  FDCB0476          BIT     6,(IY+4)
   \   275B  2809              JR      Z,?0754
   \   275D            ?0753:
   2410                          if (fp->flag & FA__DIRTY) {     /* Write-back dirty sector cache */
   2411                              SET_DIO_PAR(fp->fs->drv, fp->buf, fp->dsect, 1);
   \   275D  CD3701            CALL    ?1292
   \   2760  202C              JR      NZ,?1210
   \   2762            ?0755:
   2412                              if (drv_calls.write_from_buf() != RES_OK)
   \   2762            ?0756:
   2413                                  ABORT(fp->fs, FR_DISK_ERR);
   \   2762  FDCB04B6          RES     6,(IY+4)
   \   2766            ?0754:
   2414                              fp->flag &= ~FA__DIRTY;
   2415                          }
   2416                          
   \   2766  FD6E00            LD      L,(IY+0)
   \   2769  FD6601            LD      H,(IY+1)
   \   276C  23                INC     HL
   \   276D  7E                LD      A,(HL)
   \   276E  321A00            LD      (drv_calls+26),A
   \   2771  212000            LD      HL,32
   \   2774  FDE5              PUSH    IY
   \   2776  C1                POP     BC
   \   2777  09                ADD     HL,BC
   \   2778  221B00            LD      (drv_calls+27),HL
   \   277B  21CD00            LD      HL,?0710
   \   277E  221D00            LD      (drv_calls+29),HL
   \   2781  3E01              LD      A,1
   \   2783  321F00            LD      (drv_calls+31),A
   2417                          SET_DIO_PAR(fp->fs->drv, fp->buf, sect, 1);
   \   2786  2A0600            LD      HL,(drv_calls+6)
   \   2789  CD5B01            CALL    ?1291
   \   278C  2809              JR      Z,?0758
   \   278E            ?0757:
   2418                          if (drv_calls.read_to_buf() != RES_OK)  /* Fill sector cache */
   \   278E            ?1210:
   \   278E  FDCB04FE          SET     7,(IY+4)
   \   2792  3E01              LD      A,1
   \   2794  C32528            JP      ?0722
   \   2797            ?0758:
   \   2797            ?0752:
   2419                              ABORT(fp->fs, FR_DISK_ERR);
   2420                      }
   2421          #endif
   \   2797  ED4BCF00          LD      BC,(?0710+2)
   \   279B  2ACD00            LD      HL,(?0710)
   \   279E  FD7516            LD      (IY+22),L
   \   27A1  FD7417            LD      (IY+23),H
   \   27A4  FD7118            LD      (IY+24),C
   \   27A7  FD7019            LD      (IY+25),B
   \   27AA            ?0727:
   2422                      fp->dsect = sect;
   2423                  }
   \   27AA  FD4E06            LD      C,(IY+6)
   \   27AD  FD7E07            LD      A,(IY+7)
   \   27B0  E601              AND     1
   \   27B2  47                LD      B,A
   \   27B3  210002            LD      HL,512
   \   27B6  ED42              SBC     HL,BC
   \   27B8  E5                PUSH    HL
   \   27B9  D9                EXX
   \   27BA  C1                POP     BC
   \   27BB  D9                EXX
   2424                  rcnt = SS(fp->fs) - (fp->fptr % SS(fp->fs));    /* Get partial sector data from sector buffer */
   \   27BC  4D                LD      C,L
   \   27BD  44                LD      B,H
   \   27BE  D9                EXX
   \   27BF  D5                PUSH    DE
   \   27C0  D9                EXX
   \   27C1  E1                POP     HL
   \   27C2  A7                AND     A
   \   27C3  ED42              SBC     HL,BC
   \   27C5  3004              JR      NC,?0760
   \   27C7            ?0759:
   \   27C7  D9                EXX
   \   27C8  D5                PUSH    DE
   \   27C9  C1                POP     BC
   \   27CA  D9                EXX
   \   27CB            ?0760:
   2425                  if (rcnt > btr) rcnt = btr;
   2426          #if _FS_TINY
   2430          #else
   \   27CB  D9                EXX
   \   27CC  C5                PUSH    BC
   \   27CD  D9                EXX
   \   27CE  FD6E06            LD      L,(IY+6)
   \   27D1  FD7E07            LD      A,(IY+7)
   \   27D4  E601              AND     1
   \   27D6  67                LD      H,A
   \   27D7  FDE5              PUSH    IY
   \   27D9  C1                POP     BC
   \   27DA  09                ADD     HL,BC
   \   27DB  012000            LD      BC,32
   \   27DE  09                ADD     HL,BC
   \   27DF  4D                LD      C,L
   \   27E0  44                LD      B,H
   \   27E1  ED5BD700          LD      DE,(?0713)
   \   27E5  2A1600            LD      HL,(drv_calls+22)
   \   27E8  CD0000            CALL    ?CALL_IND_L09
   \   27EB  E1                POP     HL
   \   27EC            ?0725:
   2367              for ( ;  btr;                               /* Repeat until all data read */
   \   27EC  D9                EXX
   \   27ED  C5                PUSH    BC
   \   27EE  D9                EXX
   \   27EF  E1                POP     HL
   \   27F0  ED4BD700          LD      BC,(?0713)
   \   27F4  09                ADD     HL,BC
   \   27F5  22D700            LD      (?0713),HL
   \   27F8  210600            LD      HL,6
   \   27FB  FDE5              PUSH    IY
   \   27FD  C1                POP     BC
   \   27FE  09                ADD     HL,BC
   \   27FF  D9                EXX
   \   2800  C5                PUSH    BC
   \   2801  D9                EXX
   \   2802  D1                POP     DE
   \   2803  010000            LD      BC,0
   \   2806  CD0000            CALL    ?L_ADDASG_L03
   \   2809  D9                EXX
   \   280A  C5                PUSH    BC
   \   280B  D9                EXX
   \   280C  C1                POP     BC
   \   280D  DD6E0A            LD      L,(IX+10)
   \   2810  DD660B            LD      H,(IX+11)
   \   2813  7E                LD      A,(HL)
   \   2814  81                ADD     A,C
   \   2815  77                LD      (HL),A
   \   2816  23                INC     HL
   \   2817  7E                LD      A,(HL)
   \   2818  88                ADC     A,B
   \   2819  77                LD      (HL),A
   \   281A  C5                PUSH    BC
   \   281B  D9                EXX
   \   281C  EB                EX      DE,HL
   \   281D  D1                POP     DE
   \   281E  A7                AND     A
   \   281F  ED52              SBC     HL,DE
   \   2821  EB                EX      DE,HL
   \   2822  C3A825            JP      ?1204
   2431                  drv_calls.memcpy_buf2usp(rbuff, &fp->buf[fp->fptr % SS(fp->fs)], rcnt); /* Pick partial sector */
   2432          #endif
   2433              }
   2434          
   \   2825            ?0722:
   2435              LEAVE_FF(fp->fs, FR_OK);
   \   2825            ?0761:
   \   2825  C3940A            JP      ?0135
   \   2828            ?1319:
   \   2828  DD6E02            LD      L,(IX+2)
   \   282B  DD6603            LD      H,(IX+3)
   \   282E  E5                PUSH    HL
   \   282F  FDE1              POP     IY
   \   2831            ?1318:
   \   2831  FD4E02            LD      C,(IY+2)
   \   2834  FD4603            LD      B,(IY+3)
   \   2837  FD5E00            LD      E,(IY+0)
   \   283A  FD5601            LD      D,(IY+1)
   \   283D  C39522            JP      validate
   2436          }
   2437          
   2438          
   2439          
   2440          
   2441          #if !_FS_READONLY
   2442          /*-----------------------------------------------------------------------*/
   2443          /* Write File                                                            */
   2444          /*-----------------------------------------------------------------------*/
   2445          
   2446          FRESULT f_write (
   2447              FIL *fp,            /* Pointer to the file object */
   2448              const void *buff,   /* Pointer to the data to be written */
   2449              UINT btw,           /* Number of bytes to write */
   2450              UINT *bw            /* Pointer to number of bytes written */
   2451          )
   \   2840            f_write:
   \   2840  CD0000            CALL    ?ENT_AUTO_DIRECT_L09
   \   2843  F8FF              DEFW    65528
   \   2845  FDE5              PUSH    IY
   \   2847  D9                EXX
   \   2848  D5                PUSH    DE
   \   2849  DD5E08            LD      E,(IX+8)
   \   284C  DD5609            LD      D,(IX+9)
   \   284F  D9                EXX
   \   2850  DD6E02            LD      L,(IX+2)
   \   2853  DD6603            LD      H,(IX+3)
   \   2856  E5                PUSH    HL
   \   2857  FDE1              POP     IY
   2452          {
   2453              FRESULT res;
   2454              DWORD clst;
   2455              static DWORD sect;
   2456              static UINT wcnt, cc;
   \   2859  DD71FC            LD      (IX-4),C
   \   285C  DD70FD            LD      (IX-3),B
   2457              const BYTE *wbuff = buff;
   2458              BYTE csect;
   2459          
   2460          
   \   285F  DD6E0A            LD      L,(IX+10)
   \   2862  DD660B            LD      H,(IX+11)
   \   2865  AF                XOR     A
   \   2866  77                LD      (HL),A
   \   2867  23                INC     HL
   \   2868  77                LD      (HL),A
   2461              *bw = 0;    /* Initialize byte counter */
   2462          
   \   2869  CD3128            CALL    ?1318
   2463              res = validate(fp->fs, fp->id);         /* Check validity */
   \   286C  B7                OR      A
   \   286D  C2AB2B            JP      NZ,?0816
   \   2870            ?0765:
   2464              if (res != FR_OK) LEAVE_FF(fp->fs, res);
   \   2870            ?0766:
   \   2870  FD7E04            LD      A,(IY+4)
   \   2873  B7                OR      A
   \   2874  FA8529            JP      M,?1224
   \   2877            ?0767:
   2465              if (fp->flag & FA__ERROR)               /* Aborted file? */
   2466                  LEAVE_FF(fp->fs, FR_INT_ERR);
   \   2877            ?0768:
   \   2877  FDCB044E          BIT     1,(IY+4)
   \   287B  2005              JR      NZ,?0770
   \   287D            ?0769:
   2467              if (!(fp->flag & FA_WRITE))             /* Check access mode */
   \   287D  3E07              LD      A,7
   2468                  LEAVE_FF(fp->fs, FR_DENIED);
   \   287F  C3AB2B            JP      ?0816
   \   2882            ?0770:
   \   2882  FD6E0C            LD      L,(IY+12)
   \   2885  FD660D            LD      H,(IY+13)
   \   2888  E5                PUSH    HL
   \   2889  FD6E0A            LD      L,(IY+10)
   \   288C  FD660B            LD      H,(IY+11)
   \   288F  E5                PUSH    HL
   \   2890  D9                EXX
   \   2891  D5                PUSH    DE
   \   2892  D9                EXX
   \   2893  E1                POP     HL
   \   2894  110000            LD      DE,0
   \   2897  C1                POP     BC
   \   2898  09                ADD     HL,BC
   \   2899  EB                EX      DE,HL
   \   289A  C1                POP     BC
   \   289B  ED4A              ADC     HL,BC
   \   289D  EB                EX      DE,HL
   \   289E  A7                AND     A
   \   289F  FD4E0A            LD      C,(IY+10)
   \   28A2  FD460B            LD      B,(IY+11)
   \   28A5  ED42              SBC     HL,BC
   \   28A7  EB                EX      DE,HL
   \   28A8  FD4E0C            LD      C,(IY+12)
   \   28AB  FD460D            LD      B,(IY+13)
   \   28AE  ED42              SBC     HL,BC
   \   28B0  3005              JR      NC,?0772
   \   28B2            ?0771:
   \   28B2  D9                EXX
   \   28B3  110000            LD      DE,0
   \   28B6            ?1222:
   \   28B6  D9                EXX
   \   28B7            ?0772:
   \   28B7            ?0774:
   2469              if ((DWORD)(fp->fsize + btw) < fp->fsize) btw = 0;  /* File size cannot reach 4GB */
   2470          
   \   28B7  D9                EXX
   \   28B8  7B                LD      A,E
   \   28B9  B2                OR      D
   \   28BA  D9                EXX
   \   28BB  CA712B            JP      Z,?0773
   \   28BE            ?0775:
   2472                  wbuff += wcnt, fp->fptr += wcnt, *bw += wcnt, btw -= wcnt) {
   \   28BE  FD6E06            LD      L,(IY+6)
   \   28C1  FD7E07            LD      A,(IY+7)
   \   28C4  E601              AND     1
   \   28C6  67                LD      H,A
   \   28C7  7D                LD      A,L
   \   28C8  B4                OR      H
   \   28C9  C2EB2A            JP      NZ,?0778
   \   28CC            ?0777:
   2473                  if ((fp->fptr % SS(fp->fs)) == 0) { /* On the sector boundary? */
   \   28CC  CD7C22            CALL    ?1296
   \   28CF  E5                PUSH    HL
   \   28D0  FD6E00            LD      L,(IY+0)
   \   28D3  FD6601            LD      H,(IY+1)
   \   28D6  23                INC     HL
   \   28D7  23                INC     HL
   \   28D8  23                INC     HL
   \   28D9  7E                LD      A,(HL)
   \   28DA  C6FF              ADD     A,255
   \   28DC  E1                POP     HL
   \   28DD  A5                AND     L
   \   28DE  DD77FE            LD      (IX-2),A
   2474                      csect = (BYTE)(fp->fptr / SS(fp->fs) & (fp->fs->csize - 1));    /* Sector offset in the cluster */
   \   28E1  206C              JR      NZ,?0780
   \   28E3            ?0779:
   2475                      if (!csect) {                   /* On the cluster boundary? */
   \   28E3  FD7E06            LD      A,(IY+6)
   \   28E6  FDB607            OR      (IY+7)
   \   28E9  FDB608            OR      (IY+8)
   \   28EC  FDB609            OR      (IY+9)
   \   28EF  2029              JR      NZ,?0782
   \   28F1            ?0781:
   2476                          if (fp->fptr == 0) {        /* On the top of the file? */
   \   28F1  FD4E10            LD      C,(IY+16)
   \   28F4  FD4611            LD      B,(IY+17)
   \   28F7  FD6E0E            LD      L,(IY+14)
   \   28FA  FD660F            LD      H,(IY+15)
   2477                              clst = fp->sclust;      /* Follow from the origin */
   \   28FD  7D                LD      A,L
   \   28FE  B4                OR      H
   \   28FF  B1                OR      C
   \   2900  B0                OR      B
   \   2901  202A              JR      NZ,?0785
   \   2903            ?0783:
   2478                              if (clst == 0)          /* When no cluster is allocated, */
   \   2903  6F                LD      L,A
   \   2904  67                LD      H,A
   \   2905  E5                PUSH    HL
   \   2906  E5                PUSH    HL
   \   2907  CD010D            CALL    ?1300
   \   290A  F1                POP     AF
   \   290B  F1                POP     AF
   \   290C  FD750E            LD      (IY+14),L
   \   290F  FD740F            LD      (IY+15),H
   \   2912  FD7110            LD      (IY+16),C
   \   2915  FD7011            LD      (IY+17),B
   \   2918            ?0784:
   2479                                  fp->sclust = clst = create_chain(fp->fs, 0);    /* Create a new cluster chain */
   \   2918  1813              JR      ?0785
   \   291A            ?0782:
   2480                          } else {                    /* Middle or end of the file */
   2481          #if _USE_FASTSEEK
   2485          #endif
   \   291A  FD6E14            LD      L,(IY+20)
   \   291D  FD6615            LD      H,(IY+21)
   \   2920  E5                PUSH    HL
   \   2921  FD6E12            LD      L,(IY+18)
   \   2924  FD6613            LD      H,(IY+19)
   \   2927  E5                PUSH    HL
   \   2928  CD010D            CALL    ?1300
   \   292B  F1                POP     AF
   \   292C  F1                POP     AF
   \   292D            ?0785:
   2486                                  clst = create_chain(fp->fs, fp->clust); /* Follow or stretch cluster chain on the FAT */
   2487                          }
   \   292D  7D                LD      A,L
   \   292E  B4                OR      H
   \   292F  B1                OR      C
   \   2930  B0                OR      B
   \   2931  CA712B            JP      Z,?0773
   \   2934            ?0786:
   \   2934            ?0787:
   2488                          if (clst == 0) break;       /* Could not allocate a new cluster (disk full) */
   \   2934  3E01              LD      A,1
   \   2936  AD                XOR     L
   \   2937  B4                OR      H
   \   2938  B1                OR      C
   \   2939  B0                OR      B
   \   293A  2845              JR      Z,?1228
   \   293C            ?0788:
   \   293C            ?0789:
   2489                          if (clst == 1) ABORT(fp->fs, FR_INT_ERR);
   \   293C  7D                LD      A,L
   \   293D  A4                AND     H
   \   293E  A1                AND     C
   \   293F  A0                AND     B
   \   2940  3C                INC     A
   \   2941  2817              JR      Z,?1225
   \   2943            ?0790:
   \   2943            ?0791:
   2490                          if (clst == 0xFFFFFFFF) ABORT(fp->fs, FR_DISK_ERR);
   \   2943  FD7512            LD      (IY+18),L
   \   2946  FD7413            LD      (IY+19),H
   \   2949  FD7114            LD      (IY+20),C
   \   294C  FD7015            LD      (IY+21),B
   \   294F            ?0780:
   2491                          fp->clust = clst;           /* Update current cluster */
   2492                      }
   2493          #if _FS_TINY
   2496          #else
   \   294F  FDCB0476          BIT     6,(IY+4)
   \   2953  280C              JR      Z,?0793
   \   2955            ?0792:
   2497                      if (fp->flag & FA__DIRTY) {     /* Write-back sector cache */
   2498                          SET_DIO_PAR(fp->fs->drv, fp->buf, fp->dsect, 1);
   \   2955  CD3701            CALL    ?1292
   \   2958  2803              JR      Z,?0795
   \   295A            ?0794:
   2499                          if (drv_calls.write_from_buf() != RES_OK)
   \   295A            ?1225:
   \   295A  C3CF2A            JP      ?1227
   \   295D            ?0795:
   2500                              ABORT(fp->fs, FR_DISK_ERR);
   \   295D  FDCB04B6          RES     6,(IY+4)
   \   2961            ?0793:
   2501                          fp->flag &= ~FA__DIRTY;
   2502                      }
   2503          #endif
   \   2961  FD6E14            LD      L,(IY+20)
   \   2964  FD6615            LD      H,(IY+21)
   \   2967  E5                PUSH    HL
   \   2968  FD6E12            LD      L,(IY+18)
   \   296B  FD6613            LD      H,(IY+19)
   \   296E  E5                PUSH    HL
   \   296F  CDA60A            CALL    ?1299
   \   2972  F1                POP     AF
   \   2973  F1                POP     AF
   \   2974  22D900            LD      (?0762),HL
   \   2977  ED43DB00          LD      (?0762+2),BC
   2504                      sect = clust2sect(fp->fs, fp->clust);   /* Get current sector */
   \   297B  7D                LD      A,L
   \   297C  B4                OR      H
   \   297D  B1                OR      C
   \   297E  B0                OR      B
   \   297F  2009              JR      NZ,?0797
   \   2981            ?0796:
   \   2981            ?1228:
   \   2981  FDCB04FE          SET     7,(IY+4)
   \   2985            ?1224:
   \   2985  3E02              LD      A,2
   \   2987  C3AB2B            JP      ?0816
   \   298A            ?0797:
   2505                      if (!sect) ABORT(fp->fs, FR_INT_ERR);
   \   298A  21D900            LD      HL,?0762
   \   298D  DD5EFE            LD      E,(IX-2)
   \   2990  010000            LD      BC,0
   \   2993  51                LD      D,C
   \   2994  CD0000            CALL    ?L_ADDASG_L03
   2506                      sect += csect;
   \   2997  0609              LD      B,9
   \   2999  D9                EXX
   \   299A  D5                PUSH    DE
   \   299B  D9                EXX
   \   299C  D1                POP     DE
   \   299D  CD0000            CALL    ?US_RSH_L02
   \   29A0  ED53DF00          LD      (?0764),DE
   2507                      cc = btw / SS(fp->fs);          /* When remaining bytes >= sector size, */
   \   29A4  7B                LD      A,E
   \   29A5  B2                OR      D
   \   29A6  CA692A            JP      Z,?0799
   \   29A9            ?0798:
   2508                      if (cc) {                       /* Write maximum contiguous sectors directly */
   \   29A9  DD4EFE            LD      C,(IX-2)
   \   29AC  0600              LD      B,0
   \   29AE  EB                EX      DE,HL
   \   29AF  09                ADD     HL,BC
   \   29B0  4D                LD      C,L
   \   29B1  44                LD      B,H
   \   29B2  FD6E00            LD      L,(IY+0)
   \   29B5  FD6601            LD      H,(IY+1)
   \   29B8  23                INC     HL
   \   29B9  23                INC     HL
   \   29BA  23                INC     HL
   \   29BB  6E                LD      L,(HL)
   \   29BC  2600              LD      H,0
   \   29BE  A7                AND     A
   \   29BF  ED42              SBC     HL,BC
   \   29C1  3016              JR      NC,?0801
   \   29C3            ?0800:
   2509                          if (csect + cc > fp->fs->csize) /* Clip at cluster boundary */
   \   29C3  DD4EFE            LD      C,(IX-2)
   \   29C6  0600              LD      B,0
   \   29C8  FD6E00            LD      L,(IY+0)
   \   29CB  FD6601            LD      H,(IY+1)
   \   29CE  23                INC     HL
   \   29CF  23                INC     HL
   \   29D0  23                INC     HL
   \   29D1  6E                LD      L,(HL)
   \   29D2  60                LD      H,B
   \   29D3  A7                AND     A
   \   29D4  ED42              SBC     HL,BC
   \   29D6  22DF00            LD      (?0764),HL
   \   29D9            ?0801:
   2510                              cc = fp->fs->csize - csect;
   \   29D9  FD6E00            LD      L,(IY+0)
   \   29DC  FD6601            LD      H,(IY+1)
   \   29DF  23                INC     HL
   \   29E0  7E                LD      A,(HL)
   \   29E1  321A00            LD      (drv_calls+26),A
   \   29E4  DD6EFC            LD      L,(IX-4)
   \   29E7  DD66FD            LD      H,(IX-3)
   \   29EA  221B00            LD      (drv_calls+27),HL
   \   29ED  EB                EX      DE,HL
   \   29EE  221D00            LD      (drv_calls+29),HL
   \   29F1  3ADF00            LD      A,(?0764)
   \   29F4  321F00            LD      (drv_calls+31),A
   2511                          SET_DIO_PAR(fp->fs->drv, wbuff, sect, (BYTE)cc);
   \   29F7  2A0800            LD      HL,(drv_calls+8)
   \   29FA  CD5B01            CALL    ?1291
   \   29FD  C2CF2A            JP      NZ,?1227
   \   2A00            ?0802:
   2512                          if (drv_calls.write_from_uspace() != RES_OK)
   \   2A00            ?0803:
   2513                              ABORT(fp->fs, FR_DISK_ERR);
   2514          #if _FS_TINY
   2519          #else
   \   2A00  2ADF00            LD      HL,(?0764)
   \   2A03  4F                LD      C,A
   \   2A04  47                LD      B,A
   \   2A05  C5                PUSH    BC
   \   2A06  E5                PUSH    HL
   \   2A07  A7                AND     A
   \   2A08  FD6E16            LD      L,(IY+22)
   \   2A0B  FD6617            LD      H,(IY+23)
   \   2A0E  ED4BD900          LD      BC,(?0762)
   \   2A12  ED42              SBC     HL,BC
   \   2A14  EB                EX      DE,HL
   \   2A15  FD6E18            LD      L,(IY+24)
   \   2A18  FD6619            LD      H,(IY+25)
   \   2A1B  ED4BDB00          LD      BC,(?0762+2)
   \   2A1F  ED42              SBC     HL,BC
   \   2A21  EB                EX      DE,HL
   \   2A22  A7                AND     A
   \   2A23  C1                POP     BC
   \   2A24  ED42              SBC     HL,BC
   \   2A26  EB                EX      DE,HL
   \   2A27  C1                POP     BC
   \   2A28  ED42              SBC     HL,BC
   \   2A2A  3030              JR      NC,?0805
   \   2A2C            ?0804:
   2520                          if (fp->dsect - sect < cc) { /* Refill sector cache if it gets invalidated by the direct write */
   \   2A2C  210002            LD      HL,512
   \   2A2F  E5                PUSH    HL
   \   2A30  ED4BD900          LD      BC,(?0762)
   \   2A34  FD6E16            LD      L,(IY+22)
   \   2A37  FD6617            LD      H,(IY+23)
   \   2A3A  A7                AND     A
   \   2A3B  ED42              SBC     HL,BC
   \   2A3D  65                LD      H,L
   \   2A3E  6F                LD      L,A
   \   2A3F  29                ADD     HL,HL
   \   2A40  DD4EFC            LD      C,(IX-4)
   \   2A43  DD46FD            LD      B,(IX-3)
   \   2A46  09                ADD     HL,BC
   \   2A47  4D                LD      C,L
   \   2A48  44                LD      B,H
   \   2A49  212000            LD      HL,32
   \   2A4C  FDE5              PUSH    IY
   \   2A4E  D1                POP     DE
   \   2A4F  19                ADD     HL,DE
   \   2A50  EB                EX      DE,HL
   \   2A51  2A1800            LD      HL,(drv_calls+24)
   \   2A54  CD0000            CALL    ?CALL_IND_L09
   \   2A57  E1                POP     HL
   2521                              drv_calls.memcpy_usp2buf(fp->buf, wbuff + ((fp->dsect - sect) * SS(fp->fs)), SS(fp->fs));
   \   2A58  FDCB04B6          RES     6,(IY+4)
   \   2A5C            ?0805:
   2522                              fp->flag &= ~FA__DIRTY;
   2523                          }
   2524          #endif
   \   2A5C  2ADF00            LD      HL,(?0764)
   \   2A5F  65                LD      H,L
   \   2A60  2E00              LD      L,0
   \   2A62  29                ADD     HL,HL
   \   2A63  22DD00            LD      (?0763),HL
   2525                          wcnt = SS(fp->fs) * cc;     /* Number of bytes transferred */
   \   2A66  C3352B            JP      ?0776
   \   2A69            ?0799:
   2526                          continue;
   2527                      }
   2528          #if _FS_TINY
   2533          #else
   \   2A69  FD6E16            LD      L,(IY+22)
   \   2A6C  FD6617            LD      H,(IY+23)
   \   2A6F  ED4BD900          LD      BC,(?0762)
   \   2A73  ED42              SBC     HL,BC
   \   2A75  200E              JR      NZ,?1221
   \   2A77  FD6E18            LD      L,(IY+24)
   \   2A7A  FD6619            LD      H,(IY+25)
   \   2A7D  ED4BDB00          LD      BC,(?0762+2)
   \   2A81  ED42              SBC     HL,BC
   \   2A83  2853              JR      Z,?0809
   \   2A85            ?1221:
   \   2A85            ?0806:
   2534                      if (fp->dsect != sect) {        /* Fill sector cache with file data */
   2535                          
   \   2A85  FD6E00            LD      L,(IY+0)
   \   2A88  FD6601            LD      H,(IY+1)
   \   2A8B  23                INC     HL
   \   2A8C  7E                LD      A,(HL)
   \   2A8D  321A00            LD      (drv_calls+26),A
   \   2A90  212000            LD      HL,32
   \   2A93  FDE5              PUSH    IY
   \   2A95  C1                POP     BC
   \   2A96  09                ADD     HL,BC
   \   2A97  221B00            LD      (drv_calls+27),HL
   \   2A9A  21D900            LD      HL,?0762
   \   2A9D  221D00            LD      (drv_calls+29),HL
   \   2AA0  3E01              LD      A,1
   \   2AA2  321F00            LD      (drv_calls+31),A
   2536                          SET_DIO_PAR(fp->fs->drv, fp->buf, sect, 1);
   2537                          if (fp->fptr < fp->fsize &&
   \   2AA5  210A00            LD      HL,10
   \   2AA8  09                ADD     HL,BC
   \   2AA9  5E                LD      E,(HL)
   \   2AAA  23                INC     HL
   \   2AAB  56                LD      D,(HL)
   \   2AAC  23                INC     HL
   \   2AAD  4E                LD      C,(HL)
   \   2AAE  23                INC     HL
   \   2AAF  46                LD      B,(HL)
   \   2AB0  C5                PUSH    BC
   \   2AB1  D5                PUSH    DE
   \   2AB2  A7                AND     A
   \   2AB3  FD6E06            LD      L,(IY+6)
   \   2AB6  FD6607            LD      H,(IY+7)
   \   2AB9  C1                POP     BC
   \   2ABA  ED42              SBC     HL,BC
   \   2ABC  FD6E08            LD      L,(IY+8)
   \   2ABF  FD6609            LD      H,(IY+9)
   \   2AC2  C1                POP     BC
   \   2AC3  ED42              SBC     HL,BC
   \   2AC5  3011              JR      NC,?0809
   \   2AC7  2A0600            LD      HL,(drv_calls+6)
   \   2ACA  CD5B01            CALL    ?1291
   \   2ACD  2809              JR      Z,?0809
   \   2ACF            ?0811:
   \   2ACF            ?0810:
   \   2ACF            ?0808:
   2538                              drv_calls.read_to_buf() != RES_OK)
   \   2ACF            ?1227:
   \   2ACF  FDCB04FE          SET     7,(IY+4)
   \   2AD3  3E01              LD      A,1
   \   2AD5  C3AB2B            JP      ?0816
   \   2AD8            ?0809:
   \   2AD8            ?0807:
   2539                                  ABORT(fp->fs, FR_DISK_ERR);
   2540                      }
   2541          #endif
   \   2AD8  ED4BDB00          LD      BC,(?0762+2)
   \   2ADC  2AD900            LD      HL,(?0762)
   \   2ADF  FD7516            LD      (IY+22),L
   \   2AE2  FD7417            LD      (IY+23),H
   \   2AE5  FD7118            LD      (IY+24),C
   \   2AE8  FD7019            LD      (IY+25),B
   \   2AEB            ?0778:
   2542                      fp->dsect = sect;
   2543                  }
   \   2AEB  FD4E06            LD      C,(IY+6)
   \   2AEE  FD7E07            LD      A,(IY+7)
   \   2AF1  E601              AND     1
   \   2AF3  47                LD      B,A
   \   2AF4  210002            LD      HL,512
   \   2AF7  ED42              SBC     HL,BC
   \   2AF9  22DD00            LD      (?0763),HL
   2544                  wcnt = SS(fp->fs) - (fp->fptr % SS(fp->fs));/* Put partial sector into file I/O buffer */
   \   2AFC  4D                LD      C,L
   \   2AFD  44                LD      B,H
   \   2AFE  D9                EXX
   \   2AFF  D5                PUSH    DE
   \   2B00  D9                EXX
   \   2B01  E1                POP     HL
   \   2B02  A7                AND     A
   \   2B03  ED42              SBC     HL,BC
   \   2B05  3007              JR      NC,?0813
   \   2B07            ?0812:
   \   2B07  D9                EXX
   \   2B08  D5                PUSH    DE
   \   2B09  D9                EXX
   \   2B0A  E1                POP     HL
   \   2B0B  22DD00            LD      (?0763),HL
   \   2B0E            ?0813:
   2545                  if (wcnt > btw) wcnt = btw;
   2546          #if _FS_TINY
   2551          #else
   \   2B0E  2ADD00            LD      HL,(?0763)
   \   2B11  E5                PUSH    HL
   \   2B12  DD4EFC            LD      C,(IX-4)
   \   2B15  DD46FD            LD      B,(IX-3)
   \   2B18  FD6E06            LD      L,(IY+6)
   \   2B1B  FD7E07            LD      A,(IY+7)
   \   2B1E  E601              AND     1
   \   2B20  67                LD      H,A
   \   2B21  FDE5              PUSH    IY
   \   2B23  D1                POP     DE
   \   2B24  19                ADD     HL,DE
   \   2B25  112000            LD      DE,32
   \   2B28  19                ADD     HL,DE
   \   2B29  EB                EX      DE,HL
   \   2B2A  2A1800            LD      HL,(drv_calls+24)
   \   2B2D  CD0000            CALL    ?CALL_IND_L09
   \   2B30  E1                POP     HL
   2552                  drv_calls.memcpy_usp2buf(&fp->buf[fp->fptr % SS(fp->fs)], wbuff, wcnt); /* Fit partial sector */
   \   2B31  FDCB04F6          SET     6,(IY+4)
   \   2B35            ?0776:
   2471              for ( ;  btw;                           /* Repeat until all data written */
   \   2B35  210800            LD      HL,8
   \   2B38  39                ADD     HL,SP
   \   2B39  ED4BDD00          LD      BC,(?0763)
   \   2B3D  7E                LD      A,(HL)
   \   2B3E  81                ADD     A,C
   \   2B3F  77                LD      (HL),A
   \   2B40  23                INC     HL
   \   2B41  7E                LD      A,(HL)
   \   2B42  88                ADC     A,B
   \   2B43  77                LD      (HL),A
   \   2B44  210600            LD      HL,6
   \   2B47  FDE5              PUSH    IY
   \   2B49  C1                POP     BC
   \   2B4A  09                ADD     HL,BC
   \   2B4B  ED5BDD00          LD      DE,(?0763)
   \   2B4F  010000            LD      BC,0
   \   2B52  CD0000            CALL    ?L_ADDASG_L03
   \   2B55  ED4BDD00          LD      BC,(?0763)
   \   2B59  DD6E0A            LD      L,(IX+10)
   \   2B5C  DD660B            LD      H,(IX+11)
   \   2B5F  7E                LD      A,(HL)
   \   2B60  81                ADD     A,C
   \   2B61  77                LD      (HL),A
   \   2B62  23                INC     HL
   \   2B63  7E                LD      A,(HL)
   \   2B64  88                ADC     A,B
   \   2B65  77                LD      (HL),A
   \   2B66  C5                PUSH    BC
   \   2B67  D9                EXX
   \   2B68  EB                EX      DE,HL
   \   2B69  D1                POP     DE
   \   2B6A  A7                AND     A
   \   2B6B  ED52              SBC     HL,DE
   \   2B6D  EB                EX      DE,HL
   \   2B6E  C3B628            JP      ?1222
   2553                  fp->flag |= FA__DIRTY;
   2554          #endif
   2555              }
   2556          
   \   2B71            ?0773:
   \   2B71  FD6E0A            LD      L,(IY+10)
   \   2B74  FD660B            LD      H,(IY+11)
   \   2B77  FD4E06            LD      C,(IY+6)
   \   2B7A  FD4607            LD      B,(IY+7)
   \   2B7D  ED42              SBC     HL,BC
   \   2B7F  FD6E0C            LD      L,(IY+12)
   \   2B82  FD660D            LD      H,(IY+13)
   \   2B85  FD4E08            LD      C,(IY+8)
   \   2B88  FD4609            LD      B,(IY+9)
   \   2B8B  ED42              SBC     HL,BC
   \   2B8D  3018              JR      NC,?0815
   \   2B8F            ?0814:
   \   2B8F  FD4E08            LD      C,(IY+8)
   \   2B92  FD4609            LD      B,(IY+9)
   \   2B95  FD6E06            LD      L,(IY+6)
   \   2B98  FD6607            LD      H,(IY+7)
   \   2B9B  FD750A            LD      (IY+10),L
   \   2B9E  FD740B            LD      (IY+11),H
   \   2BA1  FD710C            LD      (IY+12),C
   \   2BA4  FD700D            LD      (IY+13),B
   \   2BA7            ?0815:
   2557              if (fp->fptr > fp->fsize) fp->fsize = fp->fptr; /* Update file size if needed */
   \   2BA7  FDCB04EE          SET     5,(IY+4)
   2558              fp->flag |= FA__WRITTEN;                        /* Set file change flag */
   2559          
   2560              LEAVE_FF(fp->fs, FR_OK);
   \   2BAB            ?0816:
   \   2BAB  D9                EXX
   \   2BAC  D1                POP     DE
   \   2BAD  D9                EXX
   \   2BAE  FDE1              POP     IY
   \   2BB0  C30000            JP      ?LEAVE_DIRECT_L09
   2561          }
   2562          
   2563          
   2564          
   2565          
   2566          /*-----------------------------------------------------------------------*/
   2567          /* Synchronize the File Object                                           */
   2568          /*-----------------------------------------------------------------------*/
   2569          
   2570          FRESULT f_sync (
   2571              FIL *fp     /* Pointer to the file object */
   2572          )
   \   2BB3            f_sync:
   \   2BB3  CD0000            CALL    ?ENT_AUTO_DIRECT_L09
   \   2BB6  FAFF              DEFW    -6
   \   2BB8  FDE5              PUSH    IY
   2573          {
   2574              FRESULT res;
   2575              DWORD tim;
   2576              BYTE *dir;
   2577          
   2578          
   \   2BBA  CD2828            CALL    ?1319
   2579              res = validate(fp->fs, fp->id);     /* Check validity of the object */
   \   2BBD  B7                OR      A
   \   2BBE  C2742C            JP      NZ,?0826
   \   2BC1            ?0817:
   2580              if (res == FR_OK) {
   \   2BC1  FDCB046E          BIT     5,(IY+4)
   \   2BC5  CA742C            JP      Z,?0826
   \   2BC8            ?0819:
   2581                  if (fp->flag & FA__WRITTEN) {   /* Has the file been written? */
   2582          #if !_FS_TINY   /* Write-back dirty buffer */
   \   2BC8  FDCB0476          BIT     6,(IY+4)
   \   2BCC  280E              JR      Z,?0822
   \   2BCE            ?0821:
   2583                      if (fp->flag & FA__DIRTY) {
   2584                          SET_DIO_PAR(fp->fs->drv, fp->buf, fp->dsect, 1);
   \   2BCE  CD3701            CALL    ?1292
   \   2BD1  2805              JR      Z,?0824
   \   2BD3            ?0823:
   2585                          if (drv_calls.write_from_buf() != RES_OK)
   \   2BD3  3E01              LD      A,1
   2586                              LEAVE_FF(fp->fs, FR_DISK_ERR);
   \   2BD5  C3742C            JP      ?0826
   \   2BD8            ?0824:
   \   2BD8  FDCB04B6          RES     6,(IY+4)
   \   2BDC            ?0822:
   2587                          fp->flag &= ~FA__DIRTY;
   2588                      }
   2589          #endif
   2590                      /* Update the directory entry */
   \   2BDC  FD6E1C            LD      L,(IY+28)
   \   2BDF  FD661D            LD      H,(IY+29)
   \   2BE2  E5                PUSH    HL
   \   2BE3  FD6E1A            LD      L,(IY+26)
   \   2BE6  FD661B            LD      H,(IY+27)
   \   2BE9  E5                PUSH    HL
   \   2BEA  CDF80C            CALL    ?1293
   \   2BED  E1                POP     HL
   \   2BEE  E1                POP     HL
   2591                      res = move_window(fp->fs, fp->dir_sect);
   \   2BEF  B7                OR      A
   \   2BF0  C2742C            JP      NZ,?0826
   \   2BF3            ?0825:
   2592                      if (res == FR_OK) {
   \   2BF3  FD5E1E            LD      E,(IY+30)
   \   2BF6  FD561F            LD      D,(IY+31)
   2593                          dir = fp->dir_ptr;
   \   2BF9  210B00            LD      HL,11
   \   2BFC  19                ADD     HL,DE
   \   2BFD  CBEE              SET     5,(HL)
   2594                          dir[DIR_Attr] |= AM_ARC;                    /* Set archive bit */
   \   2BFF  D5                PUSH    DE
   \   2C00  FD4E0C            LD      C,(IY+12)
   \   2C03  FD460D            LD      B,(IY+13)
   \   2C06  FD6E0A            LD      L,(IY+10)
   \   2C09  FD660B            LD      H,(IY+11)
   \   2C0C  E5                PUSH    HL
   \   2C0D  211C00            LD      HL,28
   \   2C10  19                ADD     HL,DE
   \   2C11  D1                POP     DE
   \   2C12  73                LD      (HL),E
   \   2C13  23                INC     HL
   \   2C14  72                LD      (HL),D
   \   2C15  23                INC     HL
   \   2C16  71                LD      (HL),C
   \   2C17  23                INC     HL
   \   2C18  70                LD      (HL),B
   \   2C19  D1                POP     DE
   2595                          ST_DWORD(dir+DIR_FileSize, fp->fsize);      /* Update file size */
   \   2C1A  211A00            LD      HL,26
   \   2C1D  19                ADD     HL,DE
   \   2C1E  FD4E0E            LD      C,(IY+14)
   \   2C21  71                LD      (HL),C
   \   2C22  FD460F            LD      B,(IY+15)
   \   2C25  23                INC     HL
   \   2C26  70                LD      (HL),B
   \   2C27  D5                PUSH    DE
   \   2C28  211400            LD      HL,20
   \   2C2B  19                ADD     HL,DE
   \   2C2C  E5                PUSH    HL
   \   2C2D  FD6E10            LD      L,(IY+16)
   \   2C30  FD6611            LD      H,(IY+17)
   \   2C33  EB                EX      DE,HL
   \   2C34  E1                POP     HL
   \   2C35  73                LD      (HL),E
   \   2C36  23                INC     HL
   \   2C37  72                LD      (HL),D
   2596                          ST_CLUST(dir, fp->sclust);                  /* Update start cluster */
   \   2C38  210600            LD      HL,6
   \   2C3B  39                ADD     HL,SP
   \   2C3C  EB                EX      DE,HL
   \   2C3D  2A0C00            LD      HL,(drv_calls+12)
   \   2C40  CD0000            CALL    ?CALL_IND_L09
   \   2C43  D1                POP     DE
   2597                          get_fattime(&tim);                      /* Update updated time */
   \   2C44  211600            LD      HL,22
   \   2C47  19                ADD     HL,DE
   \   2C48  DD4EFE            LD      C,(IX-2)
   \   2C4B  DD46FF            LD      B,(IX-1)
   \   2C4E  DD5EFC            LD      E,(IX-4)
   \   2C51  73                LD      (HL),E
   \   2C52  DD56FD            LD      D,(IX-3)
   \   2C55  23                INC     HL
   \   2C56  72                LD      (HL),D
   \   2C57  23                INC     HL
   \   2C58  71                LD      (HL),C
   \   2C59  23                INC     HL
   \   2C5A  70                LD      (HL),B
   2598                          ST_DWORD(dir+DIR_WrtTime, tim);
   \   2C5B  FDCB04AE          RES     5,(IY+4)
   2599                          fp->flag &= ~FA__WRITTEN;
   \   2C5F  FD6E00            LD      L,(IY+0)
   \   2C62  FD6601            LD      H,(IY+1)
   \   2C65  010500            LD      BC,5
   \   2C68  09                ADD     HL,BC
   \   2C69  3601              LD      (HL),1
   2600                          fp->fs->wflag = 1;
   \   2C6B  FD5E00            LD      E,(IY+0)
   \   2C6E  FD5601            LD      D,(IY+1)
   \   2C71  CD6001            CALL    sync
   \   2C74            ?0826:
   \   2C74            ?0820:
   \   2C74            ?0818:
   2601                          res = sync(fp->fs);
   2602                      }
   2603                  }
   2604              }
   2605          
   2606              LEAVE_FF(fp->fs, res);
   \   2C74            ?0827:
   \   2C74  FDE1              POP     IY
   \   2C76  C30000            JP      ?LEAVE_DIRECT_L09
   2607          }
   2608          
   2609          #endif /* !_FS_READONLY */
   2610          
   2611          
   2612          
   2613          
   2614          /*-----------------------------------------------------------------------*/
   2615          /* Close File                                                            */
   2616          /*-----------------------------------------------------------------------*/
   2617          
   2618          FRESULT f_close (
   2619              FIL *fp     /* Pointer to the file object to be closed */
   2620          )
   \   2C79            f_close:
   \   2C79  DDE5              PUSH    IX
   \   2C7B  D5                PUSH    DE
   \   2C7C  DDE1              POP     IX
   2621          {
   2622              static FRESULT res;
   2623          
   2624          #if _FS_READONLY
   2630          #else
   \   2C7E  CDB32B            CALL    f_sync
   \   2C81  32E100            LD      (?0828),A
   2631              res = f_sync(fp);       /* Flush cached data */
   2632          #if _FS_SHARE
   2634          #if _FS_REENTRANT
   2640          #else
   2642          #endif
   2644          #endif
   \   2C84  B7                OR      A
   \   2C85  2006              JR      NZ,?0830
   \   2C87            ?0829:
   \   2C87  DDE5              PUSH    IX
   \   2C89  E1                POP     HL
   \   2C8A  77                LD      (HL),A
   \   2C8B  23                INC     HL
   \   2C8C  77                LD      (HL),A
   \   2C8D            ?0830:
   2645              if (res == FR_OK) fp->fs = 0;   /* Discard file object */
   2646              return res;
   2647          #endif
   \   2C8D  DDE1              POP     IX
   \   2C8F  C9                RET
   2648          }
   2649          
   2650          
   2651          
   2652          
   2653          /*-----------------------------------------------------------------------*/
   2654          /* Current Drive/Directory Handlings                                     */
   2655          /*-----------------------------------------------------------------------*/
   2656          
   2657          #if _FS_RPATH >= 1
   2658          
   2659          FRESULT f_chdrive (
   2660              BYTE drv        /* Drive number */
   2661          )
   \   2C90            f_chdrive:
   \   2C90  D5                PUSH    DE
   2662          {
   2663              //if (drv >= _VOLUMES) return FR_INVALID_DRIVE;
   2664          
   2665              //CurrVol = drv;
   2666          
   \   2C91  7B                LD      A,E
   2667              return drv;
   \   2C92  E1                POP     HL
   \   2C93  C9                RET
   2668          }
   2669          
   2670          
   2671          
   2672          FRESULT f_chdir (
   2673              const TCHAR *path   /* Pointer to the directory path */
   2674          )
   \   2C94            f_chdir:
   \   2C94  C5                PUSH    BC
   \   2C95  DDE5              PUSH    IX
   \   2C97  D5                PUSH    DE
   2675          {
   2676              FRESULT res;
   2677              //DIR dj;
   2678              DEF_NAMEBUF;
   2679          
   2680              
   \   2C98  CDFE24            CALL    ?1314
   2681              drv_calls.strcpy_usp2lib(pathbuf,path);
   2682              
   \   2C9B  0E00              LD      C,0
   \   2C9D  CDED22            CALL    ?1310
   \   2CA0  DD6F              LD      IXL,A
   2683              res = chk_mounted(&djo.fs, 0);
   \   2CA2  B7                OR      A
   \   2CA3  2040              JR      NZ,?0842
   \   2CA5            ?0831:
   2684              if (res == FR_OK) {
   2685                  INIT_BUF(djo);
   \   2CA5  CD0925            CALL    ?1316
   \   2CA8  DD6F              LD      IXL,A
   2686                  res = follow_path(&djo, pathbuf);       /* Follow the path */
   2687                  FREE_BUF();
   \   2CAA  B7                OR      A
   \   2CAB  202F              JR      NZ,?0840
   \   2CAD            ?0833:
   2688                  if (res == FR_OK) {                 /* Follow completed */
   \   2CAD  2A9E00            LD      HL,(djo+18)
   \   2CB0  7D                LD      A,L
   \   2CB1  B4                OR      H
   \   2CB2  200D              JR      NZ,?0836
   \   2CB4            ?0835:
   2689                      if (!djo.dir) {
   \   2CB4  219200            LD      HL,djo+6
   \   2CB7  5E                LD      E,(HL)
   \   2CB8  23                INC     HL
   \   2CB9  56                LD      D,(HL)
   \   2CBA  23                INC     HL
   \   2CBB  4E                LD      C,(HL)
   \   2CBC  23                INC     HL
   \   2CBD  46                LD      B,(HL)
   \   2CBE  EB                EX      DE,HL
   \   2CBF  180F              JR      ?1230
   2690                          drv_calls.curr_dir = djo.sclust;    //dj.fs->cdir = dj.sclust;  /* Start directory itself */
   \   2CC1            ?0836:
   2691                      } else {
   \   2CC1  010B00            LD      BC,11
   \   2CC4  09                ADD     HL,BC
   \   2CC5  CB66              BIT     4,(HL)
   \   2CC7  2810              JR      Z,?0839
   \   2CC9            ?0838:
   2692                          if (djo.dir[DIR_Attr] & AM_DIR) /* Reached to the directory */
   \   2CC9  ED5B9E00          LD      DE,(djo+18)
   \   2CCD  CD0000            CALL    LD_CLUST
   \   2CD0            ?1230:
   \   2CD0  222200            LD      (drv_calls+34),HL
   \   2CD3  ED432400          LD      (drv_calls+36),BC
   2693                              drv_calls.curr_dir = LD_CLUST(djo.dir); //dj.fs->cdir = LD_CLUST(dj.dir);
   \   2CD7  1803              JR      ?0840
   \   2CD9            ?0839:
   2694                          else
   \   2CD9  DD2E05            LD      IXL,5
   \   2CDC            ?0840:
   \   2CDC            ?0837:
   \   2CDC            ?0834:
   2695                              res = FR_NO_PATH;       /* Reached but a file */
   2696                      }
   2697                  }
   \   2CDC  DD7D              LD      A,IXL
   \   2CDE  FE04              CP      4
   \   2CE0  2003              JR      NZ,?0842
   \   2CE2            ?0841:
   \   2CE2  DD2E05            LD      IXL,5
   \   2CE5            ?0842:
   \   2CE5            ?0832:
   2698                  if (res == FR_NO_FILE) res = FR_NO_PATH;
   2699              }
   2700          
   \   2CE5  DD7D              LD      A,IXL
   2701              LEAVE_FF(djo.fs, res);
   \   2CE7  E1                POP     HL
   \   2CE8  DDE1              POP     IX
   \   2CEA  C1                POP     BC
   \   2CEB  C9                RET
   2702          }
   2703          
   2704          
   2705          #if _FS_RPATH >= 2
   2706          FRESULT f_getcwd (
   2707              TCHAR *path,    /* Pointer to the directory path */
   2708              UINT sz_path    /* Size of path */
   2709          )
   \   2CEC            f_getcwd:
   \   2CEC  CD0000            CALL    ?ENT_AUTO_DIRECT_L09
   \   2CEF  FEFF              DEFW    -2
   \   2CF1  FDE5              PUSH    IY
   \   2CF3  D9                EXX
   \   2CF4  C5                PUSH    BC
   \   2CF5  D5                PUSH    DE
   \   2CF6  D9                EXX
   2710          {
   2711              FRESULT res;
   2712              //DIR dj;
   2713              UINT i, n;
   2714              static DWORD ccl;
   2715              TCHAR *tp;
   2716              static FILINFO fno;
   2717              DEF_NAMEBUF;
   2718          
   2719          
   \   2CF7  AF                XOR     A
   \   2CF8  32003A            LD      (14848),A
   2720              *pathbuf = 0;
   \   2CFB  4F                LD      C,A
   \   2CFC  CDED22            CALL    ?1310
   \   2CFF  DD77FE            LD      (IX-2),A
   2721              res = chk_mounted(&djo.fs, 0);  /* Get current volume */
   \   2D02  B7                OR      A
   \   2D03  C25E2E            JP      NZ,?0846
   \   2D06            ?0845:
   2722              if (res == FR_OK) {
   \   2D06  218000            LD      HL,sfn
   \   2D09  22A000            LD      (djo+20),HL
   \   2D0C  210000            LD      HL,LfnBuf
   \   2D0F  22A200            LD      (djo+22),HL
   2723                  INIT_BUF(djo);
   2724                  i = sz_path;        /* Bottom of buffer (dir stack base) */
   \   2D12  212200            LD      HL,drv_calls+34
   \   2D15  5E                LD      E,(HL)
   \   2D16  23                INC     HL
   \   2D17  56                LD      D,(HL)
   \   2D18  23                INC     HL
   \   2D19  4E                LD      C,(HL)
   \   2D1A  23                INC     HL
   \   2D1B  46                LD      B,(HL)
   \   2D1C  EB                EX      DE,HL
   \   2D1D  229200            LD      (djo+6),HL
   \   2D20  ED439400          LD      (djo+8),BC
   \   2D24  D9                EXX
   \   2D25  DD4E04            LD      C,(IX+4)
   \   2D28  DD4605            LD      B,(IX+5)
   \   2D2B  D9                EXX
   \   2D2C            ?0848:
   2725                  djo.sclust = drv_calls.curr_dir;    //dj.fs->cdir;          /* Start to follow upper dir from current dir */
   \   2D2C  219200            LD      HL,djo+6
   \   2D2F  5E                LD      E,(HL)
   \   2D30  23                INC     HL
   \   2D31  56                LD      D,(HL)
   \   2D32  23                INC     HL
   \   2D33  4E                LD      C,(HL)
   \   2D34  23                INC     HL
   \   2D35  46                LD      B,(HL)
   \   2D36  EB                EX      DE,HL
   \   2D37  22E200            LD      (?0843),HL
   \   2D3A  ED43E400          LD      (?0843+2),BC
   \   2D3E  7D                LD      A,L
   \   2D3F  B4                OR      H
   \   2D40  B1                OR      C
   \   2D41  B0                OR      B
   \   2D42  CA222E            JP      Z,?0847
   \   2D45            ?0849:
   2726                  while ((ccl = djo.sclust) != 0) {   /* Repeat while current dir is a sub-dir */
   \   2D45  010100            LD      BC,1
   \   2D48  118C00            LD      DE,djo
   \   2D4B  CDAC08            CALL    dir_sdi
   \   2D4E  DD77FE            LD      (IX-2),A
   2727                      res = dir_sdi(&djo, 1);         /* Get parent dir */
   \   2D51  B7                OR      A
   \   2D52  C2222E            JP      NZ,?0847
   \   2D55            ?0850:
   \   2D55            ?0851:
   2728                      if (res != FR_OK) break;
   \   2D55  CD732E            CALL    ?1322
   2729                      res = dir_read(&djo);
   \   2D58  C2222E            JP      NZ,?0847
   \   2D5B            ?0852:
   \   2D5B            ?0853:
   2730                      if (res != FR_OK) break;
   \   2D5B  ED5B9E00          LD      DE,(djo+18)
   \   2D5F  CD0000            CALL    LD_CLUST
   \   2D62  229200            LD      (djo+6),HL
   \   2D65  ED439400          LD      (djo+8),BC
   2731                      djo.sclust = LD_CLUST(djo.dir); /* Goto parent dir */
   \   2D69  010000            LD      BC,0
   \   2D6C  118C00            LD      DE,djo
   \   2D6F  CDAC08            CALL    dir_sdi
   \   2D72  DD77FE            LD      (IX-2),A
   2732                      res = dir_sdi(&djo, 0);
   \   2D75  B7                OR      A
   \   2D76  C2222E            JP      NZ,?0847
   \   2D79            ?0854:
   \   2D79            ?0855:
   \   2D79            ?0858:
   2733                      if (res != FR_OK) break;
   2734                      do {                            /* Find the entry links to the child dir */
   \   2D79  CD732E            CALL    ?1322
   2735                          res = dir_read(&djo);
   \   2D7C  202A              JR      NZ,?0856
   \   2D7E            ?0859:
   \   2D7E            ?0860:
   2736                          if (res != FR_OK) break;
   \   2D7E  ED5B9E00          LD      DE,(djo+18)
   \   2D82  CD0000            CALL    LD_CLUST
   \   2D85  59                LD      E,C
   \   2D86  50                LD      D,B
   \   2D87  ED4BE200          LD      BC,(?0843)
   \   2D8B  A7                AND     A
   \   2D8C  ED42              SBC     HL,BC
   \   2D8E  2009              JR      NZ,?0862
   \   2D90  EB                EX      DE,HL
   \   2D91  ED4BE400          LD      BC,(?0843+2)
   \   2D95  ED42              SBC     HL,BC
   \   2D97  280F              JR      Z,?0856
   \   2D99            ?0861:
   \   2D99            ?0862:
   2737                          if (ccl == LD_CLUST(djo.dir)) break;    /* Found the entry */
   \   2D99  010000            LD      BC,0
   \   2D9C  118C00            LD      DE,djo
   \   2D9F  CDAF0A            CALL    dir_next
   \   2DA2  DD77FE            LD      (IX-2),A
   2738                          res = dir_next(&djo, 0);    
   \   2DA5  B7                OR      A
   \   2DA6  28D1              JR      Z,?0855
   \   2DA8            ?0856:
   2739                      } while (res == FR_OK);
   \   2DA8  DD7EFE            LD      A,(IX-2)
   \   2DAB  FE04              CP      4
   \   2DAD  2004              JR      NZ,?0864
   \   2DAF            ?0863:
   \   2DAF  DD36FE02          LD      (IX-2),2
   \   2DB3            ?0864:
   2740                      if (res == FR_NO_FILE) res = FR_INT_ERR;/* It cannot be 'not found'. */
   \   2DB3  AF                XOR     A
   \   2DB4  DDB6FE            OR      (IX-2)
   \   2DB7  2069              JR      NZ,?0847
   \   2DB9            ?0865:
   \   2DB9            ?0866:
   2741                      if (res != FR_OK) break;
   2742          /*
   2743          #if _USE_LFN
   2744                      fno.lfname = pathbuf;
   2745                      fno.lfsize = i;
   2746          #endif
   2747          */
   \   2DB9  01E600            LD      BC,?0844
   \   2DBC  118C00            LD      DE,djo
   \   2DBF  CDAF19            CALL    get_fileinfo
   2748                      get_fileinfo(&djo, &fno);       /* Get the dir name and push it to the buffer */
   \   2DC2  FD21EF00          LD      IY,?0844+9
   2749                      tp = fno.fname;
   2750          #if _USE_LFN
   \   2DC6  3AFC00            LD      A,(?0844+22)
   \   2DC9  B7                OR      A
   \   2DCA  2804              JR      Z,?0868
   \   2DCC            ?0867:
   \   2DCC  FD21FC00          LD      IY,?0844+22
   \   2DD0            ?0868:
   2751                      if (fno.lfname[0]) tp = fno.lfname;
   2752          #endif
   \   2DD0  D9                EXX
   \   2DD1  110000            LD      DE,0
   \   2DD4            ?1231:
   \   2DD4            ?0870:
   \   2DD4  D5                PUSH    DE
   \   2DD5  D9                EXX
   \   2DD6  E1                POP     HL
   \   2DD7  FDE5              PUSH    IY
   \   2DD9  C1                POP     BC
   \   2DDA  09                ADD     HL,BC
   \   2DDB  7E                LD      A,(HL)
   \   2DDC  B7                OR      A
   \   2DDD  D9                EXX
   \   2DDE  2803              JR      Z,?0869
   \   2DE0            ?0871:
   \   2DE0  13                INC     DE
   \   2DE1  18F1              JR      ?1231
   2753                      for (n = 0; tp[n]; n++) ;
   \   2DE3            ?0869:
   \   2DE3  D5                PUSH    DE
   \   2DE4  D9                EXX
   \   2DE5  C1                POP     BC
   \   2DE6  03                INC     BC
   \   2DE7  03                INC     BC
   \   2DE8  03                INC     BC
   \   2DE9  D9                EXX
   \   2DEA  C5                PUSH    BC
   \   2DEB  D9                EXX
   \   2DEC  E1                POP     HL
   \   2DED  A7                AND     A
   \   2DEE  ED42              SBC     HL,BC
   \   2DF0  3006              JR      NC,?0874
   \   2DF2            ?0873:
   2754                      if (i < n + 3) {
   \   2DF2  DD36FE11          LD      (IX-2),17
   2755                          res = FR_NOT_ENOUGH_CORE; 
   \   2DF6  182A              JR      ?0847
   \   2DF8            ?0874:
   2756                          break;
   2757                      }
   \   2DF8  D9                EXX
   \   2DF9  0B                DEC     BC
   \   2DFA  C5                PUSH    BC
   \   2DFB  D9                EXX
   \   2DFC  E1                POP     HL
   \   2DFD  3E3A              LD      A,58
   \   2DFF  84                ADD     A,H
   \   2E00  67                LD      H,A
   \   2E01  362F              LD      (HL),47
   \   2E03            ?0876:
   2758                      pathbuf[--i] = '/';
   \   2E03  D9                EXX
   \   2E04  7B                LD      A,E
   \   2E05  B2                OR      D
   \   2E06  D9                EXX
   \   2E07  2816              JR      Z,?0875
   \   2E09            ?0877:
   \   2E09  D9                EXX
   \   2E0A  1B                DEC     DE
   \   2E0B  D5                PUSH    DE
   \   2E0C  D9                EXX
   \   2E0D  E1                POP     HL
   \   2E0E  FDE5              PUSH    IY
   \   2E10  C1                POP     BC
   \   2E11  09                ADD     HL,BC
   \   2E12  46                LD      B,(HL)
   \   2E13  D9                EXX
   \   2E14  0B                DEC     BC
   \   2E15  C5                PUSH    BC
   \   2E16  D9                EXX
   \   2E17  E1                POP     HL
   \   2E18  3E3A              LD      A,58
   \   2E1A  84                ADD     A,H
   \   2E1B  67                LD      H,A
   \   2E1C  70                LD      (HL),B
   2759                      while (n) pathbuf[--i] = tp[--n];
   \   2E1D  18E4              JR      ?0876
   \   2E1F            ?0875:
   2760                  }
   \   2E1F  C32C2D            JP      ?0848
   \   2E22            ?0847:
   \   2E22  FD21003A          LD      IY,14848
   2761                  tp = pathbuf;
   \   2E26  AF                XOR     A
   \   2E27  DDB6FE            OR      (IX-2)
   \   2E2A  202E              JR      NZ,?0881
   \   2E2C            ?0878:
   2762                  if (res == FR_OK) {
   2763                      //*tp++ = '0' + CurrVol;            /* Put drive number */
   2764                      //*tp++ = ':';
   \   2E2C  DD6E04            LD      L,(IX+4)
   \   2E2F  DD6605            LD      H,(IX+5)
   \   2E32  D9                EXX
   \   2E33  C5                PUSH    BC
   \   2E34  D9                EXX
   \   2E35  C1                POP     BC
   \   2E36  ED42              SBC     HL,BC
   \   2E38  2820              JR      Z,?0881
   \   2E3A            ?0880:
   \   2E3A            ?0884:
   2765                      if (i != sz_path) {             /* non Root-dir */
   2766                          do      /* Add stacked path str */
   \   2E3A  D9                EXX
   \   2E3B  C5                PUSH    BC
   \   2E3C  03                INC     BC
   \   2E3D  D9                EXX
   \   2E3E  E1                POP     HL
   \   2E3F  3E3A              LD      A,58
   \   2E41  84                ADD     A,H
   \   2E42  67                LD      H,A
   \   2E43  46                LD      B,(HL)
   \   2E44  FD7000            LD      (IY+0),B
   2767                              *tp++ = pathbuf[i++];
   \   2E47  DD4E04            LD      C,(IX+4)
   \   2E4A  DD4605            LD      B,(IX+5)
   \   2E4D  D9                EXX
   \   2E4E  C5                PUSH    BC
   \   2E4F  D9                EXX
   \   2E50  E1                POP     HL
   \   2E51  A7                AND     A
   \   2E52  ED42              SBC     HL,BC
   \   2E54  FD23              INC     IY
   \   2E56  38E2              JR      C,?0880
   \   2E58            ?0882:
   2768                          while (i < sz_path);
   \   2E58  FD2B              DEC     IY
   \   2E5A            ?0881:
   \   2E5A            ?0879:
   2769                          tp--;
   2770                      }
   2771                  }
   \   2E5A  FD360000          LD      (IY+0),0
   \   2E5E            ?0846:
   2772                  *tp = 0;
   2773                  FREE_BUF();
   2774              }
   \   2E5E  01003A            LD      BC,14848
   \   2E61  DD5E02            LD      E,(IX+2)
   \   2E64  DD5603            LD      D,(IX+3)
   \   2E67  2A0E00            LD      HL,(drv_calls+14)
   \   2E6A  CD0000            CALL    ?CALL_IND_L09
   2775              drv_calls.strcpy_lib2usp(path, pathbuf);
   \   2E6D  DD7EFE            LD      A,(IX-2)
   2776              LEAVE_FF(djo.fs, res);
   \   2E70  C3940A            JP      ?0135
   \   2E73            ?1322:
   \   2E73  118C00            LD      DE,djo
   \   2E76  CD6D11            CALL    dir_read
   \   2E79  DD77FE            LD      (IX-2),A
   \   2E7C  B7                OR      A
   \   2E7D  C9                RET
   2777          }
   2778          #endif /* _FS_RPATH >= 2 */
   2779          #endif /* _FS_RPATH >= 1 */
   2780          
   2781          
   2782          
   2783          #if _FS_MINIMIZE <= 2
   2784          /*-----------------------------------------------------------------------*/
   2785          /* Seek File R/W Pointer                                                 */
   2786          /*-----------------------------------------------------------------------*/
   2787          
   2788          FRESULT f_lseek (
   2789              FIL *fp,        /* Pointer to the file object */
   2790              DWORD ofs       /* File pointer from top of file */
   2791          )
   \   2E7E            f_lseek:
   \   2E7E  CD0000            CALL    ?ENT_AUTO_DIRECT_L09
   \   2E81  FEFF              DEFW    65534
   \   2E83  FDE5              PUSH    IY
   2792          {
   2793              FRESULT res;
   2794          
   2795          
   \   2E85  CD2828            CALL    ?1319
   \   2E88  DD77FE            LD      (IX-2),A
   2796              res = validate(fp->fs, fp->id);     /* Check validity of the object */
   \   2E8B  B7                OR      A
   \   2E8C  C21632            JP      NZ,?0941
   \   2E8F            ?0885:
   2797              if (res != FR_OK) LEAVE_FF(fp->fs, res);
   \   2E8F            ?0886:
   \   2E8F  FD7E04            LD      A,(IY+4)
   \   2E92  B7                OR      A
   \   2E93  FA4F31            JP      M,?1238
   \   2E96            ?0887:
   2798              if (fp->flag & FA__ERROR)           /* Check abort flag */
   2799                  LEAVE_FF(fp->fs, FR_INT_ERR);
   2800          
   2801          #if _USE_FASTSEEK
   2840          #if !_FS_TINY
   2841          #if !_FS_READONLY
   2847          #endif
   2850          #endif
   2856          #endif
   2857          
   2858              /* Normal Seek */
   \   2E96            ?0888:
   2859              {
   2860                  static DWORD clst;
   2861                  static DWORD bcs;
   2862                  static DWORD nsect;
   2863                  static DWORD ifptr;
   2864          
   2865                  if (ofs > fp->fsize                 /* In read-only mode, clip offset with the file size */
   2866          #if !_FS_READONLY
   2867                       && !(fp->flag & FA_WRITE)
   2868          #endif
   \   2E96  A7                AND     A
   \   2E97  FD6E0A            LD      L,(IY+10)
   \   2E9A  FD660B            LD      H,(IY+11)
   \   2E9D  DD4E08            LD      C,(IX+8)
   \   2EA0  DD4609            LD      B,(IX+9)
   \   2EA3  ED42              SBC     HL,BC
   \   2EA5  FD6E0C            LD      L,(IY+12)
   \   2EA8  FD660D            LD      H,(IY+13)
   \   2EAB  DD4E0A            LD      C,(IX+10)
   \   2EAE  DD460B            LD      B,(IX+11)
   \   2EB1  ED42              SBC     HL,BC
   \   2EB3  301E              JR      NC,?0894
   \   2EB5  FDCB044E          BIT     1,(IY+4)
   \   2EB9  2018              JR      NZ,?0894
   \   2EBB            ?0896:
   \   2EBB            ?0895:
   \   2EBB            ?0893:
   \   2EBB  FD4E0C            LD      C,(IY+12)
   \   2EBE  FD460D            LD      B,(IY+13)
   \   2EC1  FD6E0A            LD      L,(IY+10)
   \   2EC4  DD7508            LD      (IX+8),L
   \   2EC7  FD660B            LD      H,(IY+11)
   \   2ECA  DD7409            LD      (IX+9),H
   \   2ECD  DD710A            LD      (IX+10),C
   \   2ED0  DD700B            LD      (IX+11),B
   \   2ED3            ?0894:
   2869                      ) ofs = fp->fsize;
   2870          
   \   2ED3  FD4E08            LD      C,(IY+8)
   \   2ED6  FD4609            LD      B,(IY+9)
   \   2ED9  FD6E06            LD      L,(IY+6)
   \   2EDC  FD6607            LD      H,(IY+7)
   \   2EDF  224801            LD      (?0892),HL
   \   2EE2  ED434A01          LD      (?0892+2),BC
   2871                  ifptr = fp->fptr;
   \   2EE6  010000            LD      BC,0
   \   2EE9  ED434401          LD      (?0891),BC
   \   2EED  ED434601          LD      (?0891+2),BC
   \   2EF1  AF                XOR     A
   \   2EF2  FD7706            LD      (IY+6),A
   \   2EF5  FD7707            LD      (IY+7),A
   \   2EF8  FD7708            LD      (IY+8),A
   \   2EFB  FD7709            LD      (IY+9),A
   2872                  fp->fptr = nsect = 0;
   \   2EFE  DD7E08            LD      A,(IX+8)
   \   2F01  DDB609            OR      (IX+9)
   \   2F04  DDB60A            OR      (IX+10)
   \   2F07  DDB60B            OR      (IX+11)
   \   2F0A  CA6031            JP      Z,?0927
   \   2F0D            ?0897:
   2873                  if (ofs) {
   \   2F0D  FD6E00            LD      L,(IY+0)
   \   2F10  FD6601            LD      H,(IY+1)
   \   2F13  23                INC     HL
   \   2F14  23                INC     HL
   \   2F15  23                INC     HL
   \   2F16  6E                LD      L,(HL)
   \   2F17  61                LD      H,C
   \   2F18  3E09              LD      A,9
   \   2F1A  CD0000            CALL    ?L_LSH_L03
   \   2F1D  224001            LD      (?0890),HL
   \   2F20  ED434201          LD      (?0890+2),BC
   2874                      bcs = (DWORD)fp->fs->csize * SS(fp->fs);    /* Cluster size (byte) */
   2875                      if (ifptr > 0 &&
   \   2F24  2A4801            LD      HL,(?0892)
   \   2F27  7D                LD      A,L
   \   2F28  B4                OR      H
   \   2F29  2A4A01            LD      HL,(?0892+2)
   \   2F2C  B5                OR      L
   \   2F2D  B4                OR      H
   \   2F2E  CADA2F            JP      Z,?0900
   \   2F31  C5                PUSH    BC
   \   2F32  2A4001            LD      HL,(?0890)
   \   2F35  E5                PUSH    HL
   \   2F36  21FFFF            LD      HL,65535
   \   2F39  E5                PUSH    HL
   \   2F3A  E5                PUSH    HL
   \   2F3B  2A4801            LD      HL,(?0892)
   \   2F3E  C1                POP     BC
   \   2F3F  09                ADD     HL,BC
   \   2F40  EB                EX      DE,HL
   \   2F41  2A4A01            LD      HL,(?0892+2)
   \   2F44  C1                POP     BC
   \   2F45  CD8D22            CALL    ?1309
   \   2F48  C5                PUSH    BC
   \   2F49  E5                PUSH    HL
   \   2F4A  2A4201            LD      HL,(?0890+2)
   \   2F4D  E5                PUSH    HL
   \   2F4E  2A4001            LD      HL,(?0890)
   \   2F51  E5                PUSH    HL
   \   2F52  21FFFF            LD      HL,65535
   \   2F55  E5                PUSH    HL
   \   2F56  E5                PUSH    HL
   \   2F57  DD6E08            LD      L,(IX+8)
   \   2F5A  DD6609            LD      H,(IX+9)
   \   2F5D  C1                POP     BC
   \   2F5E  09                ADD     HL,BC
   \   2F5F  EB                EX      DE,HL
   \   2F60  DD6E0A            LD      L,(IX+10)
   \   2F63  DD660B            LD      H,(IX+11)
   \   2F66  C1                POP     BC
   \   2F67  CD8D22            CALL    ?1309
   \   2F6A  59                LD      E,C
   \   2F6B  50                LD      D,B
   \   2F6C  A7                AND     A
   \   2F6D  C1                POP     BC
   \   2F6E  ED42              SBC     HL,BC
   \   2F70  EB                EX      DE,HL
   \   2F71  C1                POP     BC
   \   2F72  ED42              SBC     HL,BC
   \   2F74  3864              JR      C,?0900
   \   2F76            ?0902:
   \   2F76            ?0901:
   \   2F76            ?0899:
   2876                          (ofs - 1) / bcs >= (ifptr - 1) / bcs) { /* When seek to same or following cluster, */
   \   2F76  21FFFF            LD      HL,65535
   \   2F79  E5                PUSH    HL
   \   2F7A  E5                PUSH    HL
   \   2F7B  2A4001            LD      HL,(?0890)
   \   2F7E  C1                POP     BC
   \   2F7F  09                ADD     HL,BC
   \   2F80  EB                EX      DE,HL
   \   2F81  2A4201            LD      HL,(?0890+2)
   \   2F84  C1                POP     BC
   \   2F85  ED4A              ADC     HL,BC
   \   2F87  4D                LD      C,L
   \   2F88  44                LD      B,H
   \   2F89  EB                EX      DE,HL
   \   2F8A  CD0000            CALL    ?L_NOT_L03
   \   2F8D  C5                PUSH    BC
   \   2F8E  E5                PUSH    HL
   \   2F8F  21FFFF            LD      HL,65535
   \   2F92  E5                PUSH    HL
   \   2F93  E5                PUSH    HL
   \   2F94  2A4801            LD      HL,(?0892)
   \   2F97  C1                POP     BC
   \   2F98  09                ADD     HL,BC
   \   2F99  EB                EX      DE,HL
   \   2F9A  2A4A01            LD      HL,(?0892+2)
   \   2F9D  C1                POP     BC
   \   2F9E  ED4A              ADC     HL,BC
   \   2FA0  4D                LD      C,L
   \   2FA1  44                LD      B,H
   \   2FA2  EB                EX      DE,HL
   \   2FA3  CD0000            CALL    ?L_AND_L03
   \   2FA6  FD7506            LD      (IY+6),L
   \   2FA9  FD7407            LD      (IY+7),H
   \   2FAC  FD7108            LD      (IY+8),C
   \   2FAF  FD7009            LD      (IY+9),B
   2877                          fp->fptr = (ifptr - 1) & ~(bcs - 1);    /* start from the current cluster */
   \   2FB2  210C00            LD      HL,12
   \   2FB5  39                ADD     HL,SP
   \   2FB6  FD4E08            LD      C,(IY+8)
   \   2FB9  FD4609            LD      B,(IY+9)
   \   2FBC  FD5E06            LD      E,(IY+6)
   \   2FBF  FD5607            LD      D,(IY+7)
   \   2FC2  CD0000            CALL    ?L_SUBASG_L03
   2878                          ofs -= fp->fptr;
   \   2FC5  FD4E14            LD      C,(IY+20)
   \   2FC8  FD4615            LD      B,(IY+21)
   \   2FCB  FD6E12            LD      L,(IY+18)
   \   2FCE  FD6613            LD      H,(IY+19)
   \   2FD1  223C01            LD      (?0889),HL
   \   2FD4  ED433E01          LD      (?0889+2),BC
   2879                          clst = fp->clust;
   \   2FD8  1852              JR      ?0903
   \   2FDA            ?0900:
   2880                      } else {                                    /* When seek to back cluster, */
   \   2FDA  FD4E10            LD      C,(IY+16)
   \   2FDD  FD4611            LD      B,(IY+17)
   \   2FE0  FD6E0E            LD      L,(IY+14)
   \   2FE3  FD660F            LD      H,(IY+15)
   \   2FE6  223C01            LD      (?0889),HL
   \   2FE9  ED433E01          LD      (?0889+2),BC
   2881                          clst = fp->sclust;                      /* start from the first cluster */
   2882          #if !_FS_READONLY
   \   2FED  7D                LD      A,L
   \   2FEE  B4                OR      H
   \   2FEF  B1                OR      C
   \   2FF0  B0                OR      B
   \   2FF1  202D              JR      NZ,?0905
   \   2FF3            ?0904:
   2883                          if (clst == 0) {                        /* If no cluster chain, create a new chain */
   \   2FF3  6F                LD      L,A
   \   2FF4  67                LD      H,A
   \   2FF5  E5                PUSH    HL
   \   2FF6  E5                PUSH    HL
   \   2FF7  CD010D            CALL    ?1300
   \   2FFA  F1                POP     AF
   \   2FFB  F1                POP     AF
   \   2FFC  223C01            LD      (?0889),HL
   \   2FFF  ED433E01          LD      (?0889+2),BC
   2884                              clst = create_chain(fp->fs, 0);
   \   3003  3E01              LD      A,1
   \   3005  AD                XOR     L
   \   3006  B4                OR      H
   \   3007  B1                OR      C
   \   3008  B0                OR      B
   \   3009  CA4B31            JP      Z,?1240
   \   300C            ?0906:
   \   300C            ?0907:
   2885                              if (clst == 1) ABORT(fp->fs, FR_INT_ERR);
   \   300C  7D                LD      A,L
   \   300D  A4                AND     H
   \   300E  A1                AND     C
   \   300F  A0                AND     B
   \   3010  3C                INC     A
   \   3011  CAC031            JP      Z,?1239
   \   3014            ?0908:
   \   3014            ?0909:
   2886                              if (clst == 0xFFFFFFFF) ABORT(fp->fs, FR_DISK_ERR);
   \   3014  FD750E            LD      (IY+14),L
   \   3017  FD740F            LD      (IY+15),H
   \   301A  FD7110            LD      (IY+16),C
   \   301D  FD7011            LD      (IY+17),B
   \   3020            ?0905:
   2887                              fp->sclust = clst;
   2888                          }
   2889          #endif
   \   3020  FD7512            LD      (IY+18),L
   \   3023  FD7413            LD      (IY+19),H
   \   3026  FD7114            LD      (IY+20),C
   \   3029  FD7015            LD      (IY+21),B
   \   302C            ?0903:
   2890                          fp->clust = clst;
   2891                      }
   \   302C  7D                LD      A,L
   \   302D  B4                OR      H
   \   302E  69                LD      L,C
   \   302F  60                LD      H,B
   \   3030  B5                OR      L
   \   3031  B4                OR      H
   \   3032  CA6031            JP      Z,?0927
   \   3035            ?0910:
   \   3035            ?0913:
   2892                      if (clst != 0) {
   \   3035  A7                AND     A
   \   3036  2A4001            LD      HL,(?0890)
   \   3039  DD4E08            LD      C,(IX+8)
   \   303C  DD4609            LD      B,(IX+9)
   \   303F  ED42              SBC     HL,BC
   \   3041  2A4201            LD      HL,(?0890+2)
   \   3044  DD4E0A            LD      C,(IX+10)
   \   3047  DD460B            LD      B,(IX+11)
   \   304A  ED42              SBC     HL,BC
   \   304C  D20E31            JP      NC,?0912
   \   304F            ?0914:
   2893                          while (ofs > bcs) {                     /* Cluster following loop */
   2894          #if !_FS_READONLY
   \   304F  FDCB044E          BIT     1,(IY+4)
   \   3053  2A3E01            LD      HL,(?0889+2)
   \   3056  E5                PUSH    HL
   \   3057  2A3C01            LD      HL,(?0889)
   \   305A  E5                PUSH    HL
   \   305B  FD5E00            LD      E,(IY+0)
   \   305E  FD5601            LD      D,(IY+1)
   \   3061  2828              JR      Z,?0916
   \   3063            ?0915:
   2895                              if (fp->flag & FA_WRITE) {          /* Check if in write mode or not */
   \   3063  CD2106            CALL    create_chain
   \   3066  F1                POP     AF
   \   3067  F1                POP     AF
   \   3068  223C01            LD      (?0889),HL
   \   306B  ED433E01          LD      (?0889+2),BC
   2896                                  clst = create_chain(fp->fs, clst);  /* Force stretch if in write mode */
   \   306F  7D                LD      A,L
   \   3070  B4                OR      H
   \   3071  B1                OR      C
   \   3072  B0                OR      B
   \   3073  2022              JR      NZ,?0919
   \   3075            ?0917:
   2897                                  if (clst == 0) {                /* When disk gets full, clip file size */
   \   3075  ED4B4201          LD      BC,(?0890+2)
   \   3079  2A4001            LD      HL,(?0890)
   \   307C  DD7508            LD      (IX+8),L
   \   307F  DD7409            LD      (IX+9),H
   \   3082  DD710A            LD      (IX+10),C
   \   3085  DD700B            LD      (IX+11),B
   \   3088  C30E31            JP      ?0912
   \   308B            ?0918:
   2898                                      ofs = bcs; break;
   2899                                  }
   \   308B            ?0916:
   2900                              } else
   2901          #endif
   \   308B  CDC102            CALL    get_fat
   \   308E  F1                POP     AF
   \   308F  F1                POP     AF
   \   3090  223C01            LD      (?0889),HL
   \   3093  ED433E01          LD      (?0889+2),BC
   \   3097            ?0919:
   2902                                  clst = get_fat(fp->fs, clst);   /* Follow cluster chain if not in write mode */
   \   3097  7D                LD      A,L
   \   3098  A4                AND     H
   \   3099  A1                AND     C
   \   309A  A0                AND     B
   \   309B  3C                INC     A
   \   309C  CAC031            JP      Z,?1239
   \   309F            ?0920:
   \   309F            ?0921:
   2903                              if (clst == 0xFFFFFFFF) ABORT(fp->fs, FR_DISK_ERR);
   \   309F  210100            LD      HL,1
   \   30A2  ED4B3C01          LD      BC,(?0889)
   \   30A6  ED42              SBC     HL,BC
   \   30A8  210000            LD      HL,0
   \   30AB  ED4B3E01          LD      BC,(?0889+2)
   \   30AF  ED42              SBC     HL,BC
   \   30B1  3022              JR      NC,?0924
   \   30B3  FD6E00            LD      L,(IY+0)
   \   30B6  FD6601            LD      H,(IY+1)
   \   30B9  011B00            LD      BC,27
   \   30BC  09                ADD     HL,BC
   \   30BD  4E                LD      C,(HL)
   \   30BE  23                INC     HL
   \   30BF  46                LD      B,(HL)
   \   30C0  23                INC     HL
   \   30C1  5E                LD      E,(HL)
   \   30C2  23                INC     HL
   \   30C3  56                LD      D,(HL)
   \   30C4  D5                PUSH    DE
   \   30C5  C5                PUSH    BC
   \   30C6  A7                AND     A
   \   30C7  2A3C01            LD      HL,(?0889)
   \   30CA  C1                POP     BC
   \   30CB  ED42              SBC     HL,BC
   \   30CD  2A3E01            LD      HL,(?0889+2)
   \   30D0  C1                POP     BC
   \   30D1  ED42              SBC     HL,BC
   \   30D3  3802              JR      C,?0923
   \   30D5            ?0924:
   \   30D5            ?0925:
   \   30D5            ?0922:
   \   30D5  1874              JR      ?1240
   \   30D7            ?0923:
   2904                              if (clst <= 1 || clst >= fp->fs->n_fatent) ABORT(fp->fs, FR_INT_ERR);
   \   30D7  ED4B3E01          LD      BC,(?0889+2)
   \   30DB  2A3C01            LD      HL,(?0889)
   \   30DE  FD7512            LD      (IY+18),L
   \   30E1  FD7413            LD      (IY+19),H
   \   30E4  FD7114            LD      (IY+20),C
   \   30E7  FD7015            LD      (IY+21),B
   2905                              fp->clust = clst;
   \   30EA  210600            LD      HL,6
   \   30ED  FDE5              PUSH    IY
   \   30EF  C1                POP     BC
   \   30F0  09                ADD     HL,BC
   \   30F1  ED4B4201          LD      BC,(?0890+2)
   \   30F5  ED5B4001          LD      DE,(?0890)
   \   30F9  CD0000            CALL    ?L_ADDASG_L03
   2906                              fp->fptr += bcs;
   \   30FC  210C00            LD      HL,12
   \   30FF  39                ADD     HL,SP
   \   3100  ED4B4201          LD      BC,(?0890+2)
   \   3104  ED5B4001          LD      DE,(?0890)
   \   3108  CD0000            CALL    ?L_SUBASG_L03
   2907                              ofs -= bcs;
   2908                          }
   \   310B  C33530            JP      ?0910
   \   310E            ?0912:
   \   310E  210600            LD      HL,6
   \   3111  FDE5              PUSH    IY
   \   3113  C1                POP     BC
   \   3114  09                ADD     HL,BC
   \   3115  DD4E0A            LD      C,(IX+10)
   \   3118  DD460B            LD      B,(IX+11)
   \   311B  DD5E08            LD      E,(IX+8)
   \   311E  DD5609            LD      D,(IX+9)
   \   3121  CD0000            CALL    ?L_ADDASG_L03
   2909                          fp->fptr += ofs;
   \   3124  DD6E08            LD      L,(IX+8)
   \   3127  DD7E09            LD      A,(IX+9)
   \   312A  E601              AND     1
   \   312C  67                LD      H,A
   \   312D  7D                LD      A,L
   \   312E  B4                OR      H
   \   312F  282F              JR      Z,?0927
   \   3131            ?0926:
   2910                          if (ofs % SS(fp->fs)) {
   \   3131  2A3E01            LD      HL,(?0889+2)
   \   3134  E5                PUSH    HL
   \   3135  2A3C01            LD      HL,(?0889)
   \   3138  E5                PUSH    HL
   \   3139  CDA60A            CALL    ?1299
   \   313C  F1                POP     AF
   \   313D  F1                POP     AF
   \   313E  224401            LD      (?0891),HL
   \   3141  ED434601          LD      (?0891+2),BC
   2911                              nsect = clust2sect(fp->fs, clst);   /* Current sector */
   \   3145  7D                LD      A,L
   \   3146  B4                OR      H
   \   3147  B1                OR      C
   \   3148  B0                OR      B
   \   3149  2009              JR      NZ,?0929
   \   314B            ?0928:
   \   314B            ?1240:
   \   314B  FDCB04FE          SET     7,(IY+4)
   \   314F            ?1238:
   \   314F  3E02              LD      A,2
   \   3151  C31932            JP      ?0942
   \   3154            ?0929:
   2912                              if (!nsect) ABORT(fp->fs, FR_INT_ERR);
   \   3154  3E09              LD      A,9
   \   3156  CDF004            CALL    ?1297
   \   3159  EB                EX      DE,HL
   \   315A  214401            LD      HL,?0891
   \   315D  CD0000            CALL    ?L_ADDASG_L03
   \   3160            ?0927:
   \   3160            ?0911:
   \   3160            ?0898:
   2913                              nsect += ofs / SS(fp->fs);
   2914                          }
   2915                      }
   2916                  }
   \   3160  FD6E06            LD      L,(IY+6)
   \   3163  FD7E07            LD      A,(IY+7)
   \   3166  E601              AND     1
   \   3168  67                LD      H,A
   \   3169  7D                LD      A,L
   \   316A  B4                OR      H
   \   316B  286E              JR      Z,?0931
   \   316D  FD6E16            LD      L,(IY+22)
   \   3170  FD6617            LD      H,(IY+23)
   \   3173  ED4B4401          LD      BC,(?0891)
   \   3177  ED42              SBC     HL,BC
   \   3179  200E              JR      NZ,?1232
   \   317B  FD6E18            LD      L,(IY+24)
   \   317E  FD6619            LD      H,(IY+25)
   \   3181  ED4B4601          LD      BC,(?0891+2)
   \   3185  ED42              SBC     HL,BC
   \   3187  2852              JR      Z,?0931
   \   3189            ?1232:
   \   3189            ?0933:
   \   3189            ?0932:
   \   3189            ?0930:
   2917                  if (fp->fptr % SS(fp->fs) && nsect != fp->dsect) {  /* Fill sector cache if needed */
   2918          #if !_FS_TINY
   2919          #if !_FS_READONLY
   \   3189  FDCB0476          BIT     6,(IY+4)
   \   318D  2809              JR      Z,?0935
   \   318F            ?0934:
   2920                      if (fp->flag & FA__DIRTY) {         /* Write-back dirty sector cache */
   2921                          SET_DIO_PAR(fp->fs->drv, fp->buf, fp->dsect, 1);
   \   318F  CD3701            CALL    ?1292
   \   3192  202C              JR      NZ,?1239
   \   3194            ?0936:
   2922                          if (drv_calls.write_from_buf() != RES_OK)
   \   3194            ?0937:
   2923                              ABORT(fp->fs, FR_DISK_ERR);
   \   3194  FDCB04B6          RES     6,(IY+4)
   \   3198            ?0935:
   2924                          fp->flag &= ~FA__DIRTY;
   2925                      }
   2926          #endif
   \   3198  FD6E00            LD      L,(IY+0)
   \   319B  FD6601            LD      H,(IY+1)
   \   319E  23                INC     HL
   \   319F  7E                LD      A,(HL)
   \   31A0  321A00            LD      (drv_calls+26),A
   \   31A3  212000            LD      HL,32
   \   31A6  FDE5              PUSH    IY
   \   31A8  C1                POP     BC
   \   31A9  09                ADD     HL,BC
   \   31AA  221B00            LD      (drv_calls+27),HL
   \   31AD  214401            LD      HL,?0891
   \   31B0  221D00            LD      (drv_calls+29),HL
   \   31B3  3E01              LD      A,1
   \   31B5  321F00            LD      (drv_calls+31),A
   2927                      SET_DIO_PAR(fp->fs->drv, fp->buf, nsect, 1);
   \   31B8  2A0600            LD      HL,(drv_calls+6)
   \   31BB  CD5B01            CALL    ?1291
   \   31BE  2808              JR      Z,?0939
   \   31C0            ?0938:
   2928                      if (drv_calls.read_to_buf() != RES_OK)  /* Fill sector cache */
   \   31C0            ?1239:
   \   31C0  FDCB04FE          SET     7,(IY+4)
   \   31C4  3E01              LD      A,1
   \   31C6  1851              JR      ?0942
   \   31C8            ?0939:
   2929                          ABORT(fp->fs, FR_DISK_ERR);
   2930          #endif
   \   31C8  ED4B4601          LD      BC,(?0891+2)
   \   31CC  2A4401            LD      HL,(?0891)
   \   31CF  FD7516            LD      (IY+22),L
   \   31D2  FD7417            LD      (IY+23),H
   \   31D5  FD7118            LD      (IY+24),C
   \   31D8  FD7019            LD      (IY+25),B
   \   31DB            ?0931:
   2931                      fp->dsect = nsect;
   2932                  }
   2933          #if !_FS_READONLY
   \   31DB  A7                AND     A
   \   31DC  FD6E0A            LD      L,(IY+10)
   \   31DF  FD660B            LD      H,(IY+11)
   \   31E2  FD4E06            LD      C,(IY+6)
   \   31E5  FD4607            LD      B,(IY+7)
   \   31E8  ED42              SBC     HL,BC
   \   31EA  FD6E0C            LD      L,(IY+12)
   \   31ED  FD660D            LD      H,(IY+13)
   \   31F0  FD4E08            LD      C,(IY+8)
   \   31F3  FD4609            LD      B,(IY+9)
   \   31F6  ED42              SBC     HL,BC
   \   31F8  301C              JR      NC,?0941
   \   31FA            ?0940:
   2934                  if (fp->fptr > fp->fsize) {         /* Set file change flag if the file size is extended */
   \   31FA  FD4E08            LD      C,(IY+8)
   \   31FD  FD4609            LD      B,(IY+9)
   \   3200  FD6E06            LD      L,(IY+6)
   \   3203  FD6607            LD      H,(IY+7)
   \   3206  FD750A            LD      (IY+10),L
   \   3209  FD740B            LD      (IY+11),H
   \   320C  FD710C            LD      (IY+12),C
   \   320F  FD700D            LD      (IY+13),B
   2935                      fp->fsize = fp->fptr;
   \   3212  FDCB04EE          SET     5,(IY+4)
   \   3216            ?0941:
   2936                      fp->flag |= FA__WRITTEN;
   2937                  }
   2938          #endif
   2939              }
   2940          
   \   3216  DD7EFE            LD      A,(IX-2)
   2941              LEAVE_FF(fp->fs, res);
   \   3219            ?0942:
   \   3219  FDE1              POP     IY
   \   321B  C30000            JP      ?LEAVE_DIRECT_L09
   2942          }
   2943          
   2944          
   2945          
   2946          #if _FS_MINIMIZE <= 1
   2947          /*-----------------------------------------------------------------------*/
   2948          /* Create a Directroy Object                                             */
   2949          /*-----------------------------------------------------------------------*/
   2950          FRESULT f_opendir (
   2951              DIR *dj         /* Pointer to directory object to create */
   2952              ,const TCHAR *path  /* Pointer to the directory path */
   2953          )
   \   321E            f_opendir:
   \   321E  CD0000            CALL    ?ENT_AUTO_DIRECT_L09
   \   3221  FEFF              DEFW    65534
   \   3223  FDE5              PUSH    IY
   \   3225  DD6E02            LD      L,(IX+2)
   \   3228  DD6603            LD      H,(IX+3)
   \   322B  E5                PUSH    HL
   \   322C  FDE1              POP     IY
   2954          {
   2955              FRESULT res;
   2956              DEF_NAMEBUF;
   \   322E  79                LD      A,C
   \   322F  B0                OR      B
   \   3230  2005              JR      NZ,?0944
   \   3232            ?0943:
   2957              if(path == 0){
   \   3232  32003A            LD      (14848),A
   2958                  pathbuf[0] = 0; //(TCHAR *)nullstring;
   \   3235  1803              JR      ?0945
   \   3237            ?0944:
   2959              }else{
   \   3237  CD0025            CALL    ?1313
   \   323A            ?0945:
   2960                  drv_calls.strcpy_usp2lib(pathbuf,path);
   2961              }
   2962          
   \   323A  0E00              LD      C,0
   \   323C  FDE5              PUSH    IY
   \   323E  D1                POP     DE
   \   323F  CDFE1C            CALL    chk_mounted
   \   3242  DD77FE            LD      (IX-2),A
   2963              res = chk_mounted(&dj->fs, 0);  //(&path, &dj->fs, 0);
   \   3245  B7                OR      A
   \   3246  206D              JR      NZ,?0958
   \   3248            ?0946:
   2964              if (res == FR_OK) {
   \   3248  FD361400          LD      (IY+20),LOW(sfn)
   \   324C  FD361500          LD      (IY+21),HIGH(sfn)
   \   3250  FD361600          LD      (IY+22),LOW(LfnBuf)
   \   3254  FD361700          LD      (IY+23),HIGH(LfnBuf)
   2965                  INIT_BUF(*dj);
   \   3258  01003A            LD      BC,14848
   \   325B  FDE5              PUSH    IY
   \   325D  D1                POP     DE
   \   325E  CD841B            CALL    follow_path
   \   3261  DD77FE            LD      (IX-2),A
   2966                  res = follow_path(dj, pathbuf);         /* Follow the path to the directory */
   2967                  FREE_BUF();
   \   3264  B7                OR      A
   \   3265  2046              JR      NZ,?0956
   \   3267            ?0948:
   2968                  if (res == FR_OK) {                     /* Follow completed */
   \   3267  FD7E12            LD      A,(IY+18)
   \   326A  FDB613            OR      (IY+19)
   \   326D  281D              JR      Z,?0954
   \   326F            ?0950:
   2969                      if (dj->dir) {                      /* It is not the root dir */
   \   326F  FD6E12            LD      L,(IY+18)
   \   3272  FD6613            LD      H,(IY+19)
   \   3275  010B00            LD      BC,11
   \   3278  09                ADD     HL,BC
   \   3279  CB66              BIT     4,(HL)
   \   327B  280B              JR      Z,?0953
   \   327D            ?0952:
   2970                          if (dj->dir[DIR_Attr] & AM_DIR) {   /* The object is a directory */
   \   327D  FD5E12            LD      E,(IY+18)
   \   3280  FD5613            LD      D,(IY+19)
   \   3283  CD6A1C            CALL    ?1307
   2971                              dj->sclust = LD_CLUST(dj->dir);
   \   3286  1804              JR      ?0954
   \   3288            ?0953:
   2972                          } else {                        /* The object is not a directory */
   \   3288  DD36FE05          LD      (IX-2),5
   \   328C            ?0954:
   \   328C            ?0951:
   2973                              res = FR_NO_PATH;
   2974                          }
   2975                      }
   \   328C  AF                XOR     A
   \   328D  DDB6FE            OR      (IX-2)
   \   3290  201B              JR      NZ,?0956
   \   3292            ?0955:
   2976                      if (res == FR_OK) {
   \   3292  FD6E00            LD      L,(IY+0)
   \   3295  FD6601            LD      H,(IY+1)
   \   3298  010700            LD      BC,7
   \   329B  09                ADD     HL,BC
   \   329C  46                LD      B,(HL)
   \   329D  FD7002            LD      (IY+2),B
   \   32A0  23                INC     HL
   \   32A1  66                LD      H,(HL)
   \   32A2  FD7403            LD      (IY+3),H
   2977                          dj->id = dj->fs->id;
   \   32A5  4F                LD      C,A
   \   32A6  47                LD      B,A
   \   32A7  CD5E11            CALL    ?1304
   \   32AA  DD77FE            LD      (IX-2),A
   \   32AD            ?0956:
   \   32AD            ?0949:
   2978                          res = dir_sdi(dj, 0);           /* Rewind dir */
   2979                      }
   2980                  }
   \   32AD  FE04              CP      4
   \   32AF  2004              JR      NZ,?0958
   \   32B1            ?0957:
   \   32B1  DD36FE05          LD      (IX-2),5
   \   32B5            ?0958:
   \   32B5            ?0947:
   2981                  if (res == FR_NO_FILE) res = FR_NO_PATH;
   2982              }
   2983          
   \   32B5  C3E804            JP      ?0048
   2984              LEAVE_FF(dj->fs, res);
   2985          }
   2986          
   2987          
   2988          
   2989          
   2990          /*-----------------------------------------------------------------------*/
   2991          /* Read Directory Entry in Sequense                                      */
   2992          /*-----------------------------------------------------------------------*/
   2993          
   2994          FILINFO fno_rddir;
   2995          FRESULT f_readdir (
   2996              DIR *dj,            /* Pointer to the open directory object */
   2997              FILINFO *fno        /* Pointer to file information to return */
   2998          )
   \   32B8            f_readdir:
   \   32B8  CD0000            CALL    ?ENT_AUTO_DIRECT_L09
   \   32BB  FEFF              DEFW    65534
   \   32BD  FDE5              PUSH    IY
   2999          {
   3000              FRESULT res;
   3001              DEF_NAMEBUF;
   3002          
   3003          
   \   32BF  CD2828            CALL    ?1319
   \   32C2  DD77FE            LD      (IX-2),A
   3004              res = validate(dj->fs, dj->id);         /* Check validity of the object */
   \   32C5  B7                OR      A
   \   32C6  2065              JR      NZ,?0969
   \   32C8            ?0959:
   3005              if (res == FR_OK) {
   \   32C8  DD7E04            LD      A,(IX+4)
   \   32CB  DDB605            OR      (IX+5)
   \   32CE  2007              JR      NZ,?0962
   \   32D0            ?0961:
   3006                  if (!fno) {
   \   32D0  4F                LD      C,A
   \   32D1  47                LD      B,A
   \   32D2  CD5E11            CALL    ?1304
   \   32D5  1853              JR      ?1252
   3007                      res = dir_sdi(dj, 0);           /* Rewind the directory object */
   \   32D7            ?0962:
   3008                  } else {
   \   32D7  FD361400          LD      (IY+20),LOW(sfn)
   \   32DB  FD361500          LD      (IY+21),HIGH(sfn)
   \   32DF  FD361600          LD      (IY+22),LOW(LfnBuf)
   \   32E3  FD361700          LD      (IY+23),HIGH(LfnBuf)
   3009                      INIT_BUF(*dj);
   \   32E7  FDE5              PUSH    IY
   \   32E9  D1                POP     DE
   \   32EA  CD6D11            CALL    dir_read
   \   32ED  DD77FE            LD      (IX-2),A
   3010                      res = dir_read(dj);             /* Read an directory item */
   \   32F0  FE04              CP      4
   \   32F2  200D              JR      NZ,?0965
   \   32F4            ?0964:
   3011                      if (res == FR_NO_FILE) {        /* Reached end of dir */
   \   32F4  AF                XOR     A
   \   32F5  FD770E            LD      (IY+14),A
   \   32F8  FD770F            LD      (IY+15),A
   \   32FB  FD7710            LD      (IY+16),A
   \   32FE  FD7711            LD      (IY+17),A
   \   3301            ?0965:
   3012                          dj->sect = 0;
   3013                          //res = FR_OK;
   3014                      }
   \   3301  AF                XOR     A
   \   3302  DDB6FE            OR      (IX-2)
   \   3305  2026              JR      NZ,?0969
   \   3307            ?0966:
   3015                      if (res == FR_OK) {             /* A valid entry is found */
   \   3307  325501            LD      (fno_rddir+9),A
   3016                          fno_rddir.fname[0] = 0x00;
   \   330A  014C01            LD      BC,fno_rddir
   \   330D  FDE5              PUSH    IY
   \   330F  D1                POP     DE
   \   3310  CDAF19            CALL    get_fileinfo
   3017                          get_fileinfo(dj, &fno_rddir);       /* Get the object information */
   \   3313  CD6411            CALL    ?1305
   \   3316  DD77FE            LD      (IX-2),A
   3018                          res = dir_next(dj, 0);      /* Increment index for next */
   \   3319  FE04              CP      4
   \   331B  2010              JR      NZ,?0969
   \   331D            ?0968:
   3019                          if (res == FR_NO_FILE) {
   \   331D  AF                XOR     A
   \   331E  FD770E            LD      (IY+14),A
   \   3321  FD770F            LD      (IY+15),A
   \   3324  FD7710            LD      (IY+16),A
   \   3327  FD7711            LD      (IY+17),A
   3020                              dj->sect = 0;
   \   332A            ?1252:
   \   332A  DD77FE            LD      (IX-2),A
   \   332D            ?0969:
   \   332D            ?0967:
   \   332D            ?0963:
   \   332D            ?0960:
   3021                              res = FR_OK;
   3022                          }
   3023                      }
   3024                      FREE_BUF();
   3025                  }
   3026              }
   \   332D  215600            LD      HL,86
   \   3330  E5                PUSH    HL
   \   3331  014C01            LD      BC,fno_rddir
   \   3334  DD5E04            LD      E,(IX+4)
   \   3337  DD5605            LD      D,(IX+5)
   \   333A  2A1200            LD      HL,(drv_calls+18)
   \   333D  CD0000            CALL    ?CALL_IND_L09
   \   3340  E1                POP     HL
   3027              drv_calls.memcpy_lib2usp(fno,&fno_rddir,sizeof(FILINFO));
   \   3341  C3E804            JP      ?0048
   3028              LEAVE_FF(dj->fs, res);
   3029          }
   3030          
   3031          
   3032          
   3033          #if _FS_MINIMIZE == 0
   3034          /*-----------------------------------------------------------------------*/
   3035          /* Get File Status                                                       */
   3036          /*-----------------------------------------------------------------------*/
   3037          
   3038          FRESULT f_stat (
   3039              const TCHAR *path,  /* Pointer to the file path */
   3040              FILINFO *fno        /* Pointer to file information to return */
   3041          )
   \   3344            f_stat:
   \   3344  C5                PUSH    BC
   \   3345  D5                PUSH    DE
   3042          {
   3043              static FRESULT res;
   3044              //DIR dj;
   3045              DEF_NAMEBUF;
   3046          
   3047          
   \   3346  CDFE24            CALL    ?1314
   3048              drv_calls.strcpy_usp2lib(pathbuf,path);
   3049              
   \   3349  0E00              LD      C,0
   \   334B  CDED22            CALL    ?1310
   \   334E  32A201            LD      (?0970),A
   3050              res = chk_mounted(&djo.fs, 0);
   \   3351  B7                OR      A
   \   3352  2020              JR      NZ,?0977
   \   3354            ?0971:
   3051              if (res == FR_OK) {
   3052                  INIT_BUF(djo);
   \   3354  CD0925            CALL    ?1316
   \   3357  32A201            LD      (?0970),A
   3053                  res = follow_path(&djo, pathbuf);   /* Follow the file path */
   \   335A  B7                OR      A
   \   335B  2017              JR      NZ,?0977
   \   335D            ?0973:
   3054                  if (res == FR_OK) {             /* Follow completed */
   \   335D  2A9E00            LD      HL,(djo+18)
   \   3360  7D                LD      A,L
   \   3361  B4                OR      H
   \   3362  280B              JR      Z,?0976
   \   3364            ?0975:
   3055                      if (djo.dir)        /* Found an object */
   \   3364  014C01            LD      BC,fno_rddir
   \   3367  118C00            LD      DE,djo
   \   336A  CDAF19            CALL    get_fileinfo
   3056                          get_fileinfo(&djo, &fno_rddir);
   \   336D  1805              JR      ?0977
   \   336F            ?0976:
   3057                      else            /* It is root dir */
   \   336F  3E06              LD      A,6
   \   3371  32A201            LD      (?0970),A
   \   3374            ?0977:
   \   3374            ?0974:
   \   3374            ?0972:
   3058                          res = FR_INVALID_NAME;
   3059                  }
   3060                  FREE_BUF();
   3061              }
   3062          
   \   3374  215600            LD      HL,86
   \   3377  E5                PUSH    HL
   \   3378  014C01            LD      BC,fno_rddir
   \   337B  2E04              LD      L,4
   \   337D  39                ADD     HL,SP
   \   337E  5E                LD      E,(HL)
   \   337F  23                INC     HL
   \   3380  56                LD      D,(HL)
   \   3381  2A1200            LD      HL,(drv_calls+18)
   \   3384  CD0000            CALL    ?CALL_IND_L09
   \   3387  E1                POP     HL
   3063              drv_calls.memcpy_lib2usp(fno,&fno_rddir,sizeof(FILINFO));
   \   3388  3AA201            LD      A,(?0970)
   3064              LEAVE_FF(djo.fs, res);
   \   338B  E1                POP     HL
   \   338C  E1                POP     HL
   \   338D  C9                RET
   3065          }
   3066          
   3067          
   3068          
   3069          #if !_FS_READONLY
   3070          #if 0
   3183          #endif
   3184          
   3185          /*-----------------------------------------------------------------------*/
   3186          /* Delete a File or Directory                                            */
   3187          /*-----------------------------------------------------------------------*/
   3188          
   3189          FRESULT f_unlink (
   3190              const TCHAR *path       /* Pointer to the file or directory path */
   3191          )
   \   338E            f_unlink:
   \   338E  C5                PUSH    BC
   \   338F  D5                PUSH    DE
   3192          {
   3193              static FRESULT res;
   3194              //DIR dj, sdj;
   3195              static BYTE *dir;
   3196              static DWORD dclst;
   3197              DEF_NAMEBUF;
   3198          
   \   3390  4B                LD      C,E
   \   3391  42                LD      B,D
   3199              drv_calls.strcpy_usp2lib(pathbuf,path);
   3200              
   \   3392  CDE222            CALL    ?1311
   \   3395  32A301            LD      (?0978),A
   3201              res = chk_mounted(&djo.fs, 1);
   \   3398  B7                OR      A
   \   3399  C29934            JP      NZ,?1016
   \   339C            ?0981:
   3202              if (res == FR_OK) {
   3203                  INIT_BUF(djo);
   \   339C  CD0925            CALL    ?1316
   \   339F  32A301            LD      (?0978),A
   3204                  res = follow_path(&djo, pathbuf);       /* Follow the file path */
   \   33A2  B7                OR      A
   \   33A3  2010              JR      NZ,?0984
   \   33A5  2AA000            LD      HL,(djo+20)
   \   33A8  010B00            LD      BC,11
   \   33AB  09                ADD     HL,BC
   \   33AC  CB6E              BIT     5,(HL)
   \   33AE  2805              JR      Z,?0984
   \   33B0            ?0986:
   \   33B0            ?0985:
   \   33B0            ?0983:
   3205                  if (_FS_RPATH && res == FR_OK && (djo.fn[NS] & NS_DOT))
   \   33B0  3E06              LD      A,6
   \   33B2  32A301            LD      (?0978),A
   \   33B5            ?0984:
   3206                      res = FR_INVALID_NAME;          /* Cannot remove dot entry */
   3207          #if _FS_SHARE
   3209          #endif
   \   33B5  B7                OR      A
   \   33B6  C29934            JP      NZ,?1016
   \   33B9            ?0987:
   3210                  if (res == FR_OK) {                 /* The object is accessible */
   \   33B9  2A9E00            LD      HL,(djo+18)
   \   33BC  22A401            LD      (?0979),HL
   3211                      dir = djo.dir;
   \   33BF  7D                LD      A,L
   \   33C0  B4                OR      H
   \   33C1  2004              JR      NZ,?0990
   \   33C3            ?0989:
   3212                      if (!dir) {
   \   33C3  3E06              LD      A,6
   \   33C5  180E              JR      ?1256
   3213                          res = FR_INVALID_NAME;      /* Cannot remove the start directory */
   \   33C7            ?0990:
   3214                      } else {
   \   33C7  210B00            LD      HL,11
   \   33CA  ED4BA401          LD      BC,(?0979)
   \   33CE  09                ADD     HL,BC
   \   33CF  CB46              BIT     0,(HL)
   \   33D1  2805              JR      Z,?0993
   \   33D3            ?0992:
   3215                          if (dir[DIR_Attr] & AM_RDO)
   \   33D3  3E07              LD      A,7
   \   33D5            ?1256:
   \   33D5  32A301            LD      (?0978),A
   \   33D8            ?0993:
   \   33D8            ?0991:
   3216                              res = FR_DENIED;        /* Cannot remove R/O object */
   3217                      }
   \   33D8  ED5BA401          LD      DE,(?0979)
   \   33DC  CD0000            CALL    LD_CLUST
   \   33DF  22A601            LD      (?0980),HL
   \   33E2  ED43A801          LD      (?0980+2),BC
   3218                      dclst = LD_CLUST(dir);
   \   33E6  3AA301            LD      A,(?0978)
   \   33E9  B7                OR      A
   \   33EA  2079              JR      NZ,?1008
   \   33EC  210B00            LD      HL,11
   \   33EF  ED4BA401          LD      BC,(?0979)
   \   33F3  09                ADD     HL,BC
   \   33F4  CB66              BIT     4,(HL)
   \   33F6  286D              JR      Z,?1008
   \   33F8            ?0997:
   \   33F8            ?0996:
   \   33F8            ?0994:
   3219                      if (res == FR_OK && (dir[DIR_Attr] & AM_DIR)) { /* Is it a sub-dir? */
   \   33F8  A7                AND     A
   \   33F9  2AA601            LD      HL,(?0980)
   \   33FC  010200            LD      BC,2
   \   33FF  ED42              SBC     HL,BC
   \   3401  2AA801            LD      HL,(?0980+2)
   \   3404  0B                DEC     BC
   \   3405  0B                DEC     BC
   \   3406  ED42              SBC     HL,BC
   \   3408  3004              JR      NC,?0999
   \   340A            ?0998:
   3220                          if (dclst < 2) {
   \   340A  3E02              LD      A,2
   \   340C  1854              JR      ?1257
   3221                              res = FR_INT_ERR;
   \   340E            ?0999:
   3222                          } else {
   \   340E  0E1A              LD      C,26
   \   3410  11A600            LD      DE,djn
   \   3413  218C00            LD      HL,djo
   \   3416  EDB0              LDIR
   3223                              memcpy(&djn, &djo, sizeof(DIR));    /* Check if the sub-dir is empty or not */
   \   3418  ED4BA801          LD      BC,(?0980+2)
   \   341C  2AA601            LD      HL,(?0980)
   \   341F  22AC00            LD      (djn+6),HL
   \   3422  ED43AE00          LD      (djn+8),BC
   3224                              djn.sclust = dclst;
   \   3426  010200            LD      BC,2
   \   3429  11A600            LD      DE,djn
   \   342C  CDAC08            CALL    dir_sdi
   \   342F  32A301            LD      (?0978),A
   3225                              res = dir_sdi(&djn, 2);     /* Exclude dot entries */
   \   3432  B7                OR      A
   \   3433  2030              JR      NZ,?1008
   \   3435            ?1001:
   3226                              if (res == FR_OK) {
   \   3435  11A600            LD      DE,djn
   \   3438  CD6D11            CALL    dir_read
   \   343B  32A301            LD      (?0978),A
   3227                                  res = dir_read(&djn);
   3228                                  if (res == FR_OK            /* Not empty dir */
   3229          #if _FS_RPATH
   3230                                  || dclst == drv_calls.curr_dir      /*sdj.fs->cdir   Current dir */
   3231          #endif
   \   343E  B7                OR      A
   \   343F  2817              JR      Z,?1005
   \   3441  2AA601            LD      HL,(?0980)
   \   3444  ED4B2200          LD      BC,(drv_calls+34)
   \   3448  A7                AND     A
   \   3449  ED42              SBC     HL,BC
   \   344B  2010              JR      NZ,?1004
   \   344D  2AA801            LD      HL,(?0980+2)
   \   3450  ED4B2400          LD      BC,(drv_calls+36)
   \   3454  ED42              SBC     HL,BC
   \   3456  2005              JR      NZ,?1004
   \   3458            ?1005:
   \   3458            ?1006:
   \   3458            ?1003:
   \   3458  3E07              LD      A,7
   \   345A  32A301            LD      (?0978),A
   \   345D            ?1004:
   3232                                  ) res = FR_DENIED;
   \   345D  FE04              CP      4
   \   345F  2004              JR      NZ,?1008
   \   3461            ?1007:
   \   3461  AF                XOR     A
   \   3462            ?1257:
   \   3462  32A301            LD      (?0978),A
   \   3465            ?1008:
   \   3465            ?1002:
   \   3465            ?1000:
   \   3465            ?0995:
   3233                                  if (res == FR_NO_FILE) res = FR_OK; /* Empty */
   3234                              }
   3235                          }
   3236                      }
   \   3465  B7                OR      A
   \   3466  2031              JR      NZ,?1016
   \   3468            ?1009:
   3237                      if (res == FR_OK) {
   \   3468  118C00            LD      DE,djo
   \   346B  CDFB14            CALL    dir_remove
   \   346E  32A301            LD      (?0978),A
   3238                          res = dir_remove(&djo);     /* Remove the directory entry */
   \   3471  B7                OR      A
   \   3472  2025              JR      NZ,?1016
   \   3474            ?1011:
   3239                          if (res == FR_OK) {
   \   3474  2AA601            LD      HL,(?0980)
   \   3477  7D                LD      A,L
   \   3478  B4                OR      H
   \   3479  2AA801            LD      HL,(?0980+2)
   \   347C  B5                OR      L
   \   347D  B4                OR      H
   \   347E  280D              JR      Z,?1014
   \   3480            ?1013:
   3240                              if (dclst)              /* Remove the cluster chain if exist */
   \   3480  E5                PUSH    HL
   \   3481  2AA601            LD      HL,(?0980)
   \   3484  E5                PUSH    HL
   \   3485  CD1E25            CALL    ?1317
   \   3488  E1                POP     HL
   \   3489  E1                POP     HL
   \   348A  32A301            LD      (?0978),A
   \   348D            ?1014:
   3241                                  res = remove_chain(djo.fs, dclst);
   \   348D  3AA301            LD      A,(?0978)
   \   3490  B7                OR      A
   \   3491  2006              JR      NZ,?1016
   \   3493            ?1015:
   \   3493  CDA634            CALL    ?1320
   \   3496  32A301            LD      (?0978),A
   \   3499            ?1016:
   \   3499            ?1012:
   \   3499            ?1010:
   \   3499            ?0988:
   \   3499            ?0982:
   3242                              if (res == FR_OK) res = sync(djo.fs);
   3243                          }
   3244                      }
   3245                  }
   3246                  FREE_BUF();
   3247              }
   3248              LEAVE_FF(djo.fs, res);
   \   3499  E1                POP     HL
   \   349A  C1                POP     BC
   \   349B  C9                RET
   \   349C            ?1321:
   \   349C  210500            LD      HL,5
   \   349F  ED4B8C00          LD      BC,(djo)
   \   34A3  09                ADD     HL,BC
   \   34A4  3601              LD      (HL),1
   \   34A6            ?1320:
   \   34A6  ED5B8C00          LD      DE,(djo)
   \   34AA  C36001            JP      sync
   3249          }
   3250          
   3251          
   3252          
   3253          
   3254          /*-----------------------------------------------------------------------*/
   3255          /* Create a Directory                                                    */
   3256          /*-----------------------------------------------------------------------*/
   3257          
   3258          FRESULT f_mkdir (
   3259              const TCHAR *path       /* Pointer to the directory path */
   3260          )
   \   34AD            f_mkdir:
   \   34AD  CD0000            CALL    ?ENT_AUTO_DIRECT_L09
   \   34B0  FEFF              DEFW    -2
   \   34B2  FDE5              PUSH    IY
   3261          {
   3262              static FRESULT res;
   3263              //DIR dj;
   3264              BYTE *dir;
   3265              BYTE n;
   3266              static DWORD dsc;
   3267              static DWORD dcl;
   3268              static DWORD pcl;
   3269              static DWORD tim;
   3270              DEF_NAMEBUF;
   \   34B4  11B701            LD      DE,?1021
   \   34B7  2A0C00            LD      HL,(drv_calls+12)
   \   34BA  CD0000            CALL    ?CALL_IND_L09
   3271              get_fattime(&tim);
   3272          
   3273              drv_calls.strcpy_usp2lib(pathbuf,path);
   3274              
   \   34BD  CDDC22            CALL    ?1312
   \   34C0  32AA01            LD      (?1017),A
   3275              res = chk_mounted(&djo.fs, 1);
   \   34C3  B7                OR      A
   \   34C4  C2BB36            JP      NZ,?1056
   \   34C7            ?1022:
   3276              if (res == FR_OK) {
   3277                  INIT_BUF(djo);
   \   34C7  CD0925            CALL    ?1316
   \   34CA  32AA01            LD      (?1017),A
   3278                  res = follow_path(&djo, pathbuf);           /* Follow the file path */
   \   34CD  B7                OR      A
   \   34CE  2005              JR      NZ,?1025
   \   34D0            ?1024:
   \   34D0  3E08              LD      A,8
   \   34D2  32AA01            LD      (?1017),A
   \   34D5            ?1025:
   3279                  if (res == FR_OK) res = FR_EXIST;       /* Any object with same name is already existing */
   \   34D5  FE04              CP      4
   \   34D7  2010              JR      NZ,?1027
   \   34D9  2AA000            LD      HL,(djo+20)
   \   34DC  010B00            LD      BC,11
   \   34DF  09                ADD     HL,BC
   \   34E0  CB6E              BIT     5,(HL)
   \   34E2  2805              JR      Z,?1027
   \   34E4            ?1029:
   \   34E4            ?1028:
   \   34E4            ?1026:
   3280                  if (_FS_RPATH && res == FR_NO_FILE && (djo.fn[NS] & NS_DOT))
   \   34E4  3E06              LD      A,6
   \   34E6  32AA01            LD      (?1017),A
   \   34E9            ?1027:
   3281                      res = FR_INVALID_NAME;
   \   34E9  FE04              CP      4
   \   34EB  C2BB36            JP      NZ,?1056
   \   34EE            ?1030:
   3282                  if (res == FR_NO_FILE) {                /* Can create a new directory */
   \   34EE  210000            LD      HL,0
   \   34F1  E5                PUSH    HL
   \   34F2  E5                PUSH    HL
   \   34F3  ED5B8C00          LD      DE,(djo)
   \   34F7  CD2106            CALL    create_chain
   \   34FA  F1                POP     AF
   \   34FB  F1                POP     AF
   \   34FC  22AF01            LD      (?1019),HL
   \   34FF  ED43B101          LD      (?1019+2),BC
   3283                      dcl = create_chain(djo.fs, 0);      /* Allocate a cluster for the new directory table */
   \   3503  AF                XOR     A
   \   3504  32AA01            LD      (?1017),A
   3284                      res = FR_OK;
   \   3507  7D                LD      A,L
   \   3508  B4                OR      H
   \   3509  B1                OR      C
   \   350A  B0                OR      B
   \   350B  2005              JR      NZ,?1033
   \   350D            ?1032:
   \   350D  3E07              LD      A,7
   \   350F  32AA01            LD      (?1017),A
   \   3512            ?1033:
   3285                      if (dcl == 0) res = FR_DENIED;      /* No space to allocate a new cluster */
   \   3512  3E01              LD      A,1
   \   3514  AD                XOR     L
   \   3515  B4                OR      H
   \   3516  B1                OR      C
   \   3517  B0                OR      B
   \   3518  2005              JR      NZ,?1035
   \   351A            ?1034:
   \   351A  3E02              LD      A,2
   \   351C  32AA01            LD      (?1017),A
   \   351F            ?1035:
   3286                      if (dcl == 1) res = FR_INT_ERR;
   \   351F  7D                LD      A,L
   \   3520  A4                AND     H
   \   3521  A1                AND     C
   \   3522  A0                AND     B
   \   3523  3C                INC     A
   \   3524  2005              JR      NZ,?1037
   \   3526            ?1036:
   \   3526  3E01              LD      A,1
   \   3528  32AA01            LD      (?1017),A
   \   352B            ?1037:
   3287                      if (dcl == 0xFFFFFFFF) res = FR_DISK_ERR;
   \   352B  3AAA01            LD      A,(?1017)
   \   352E  B7                OR      A
   \   352F  200C              JR      NZ,?1039
   \   3531            ?1038:
   3288                      if (res == FR_OK)                   /* Flush FAT */
   \   3531  6F                LD      L,A
   \   3532  67                LD      H,A
   \   3533  E5                PUSH    HL
   \   3534  E5                PUSH    HL
   \   3535  CDF724            CALL    ?1294
   \   3538  E1                POP     HL
   \   3539  E1                POP     HL
   \   353A  32AA01            LD      (?1017),A
   \   353D            ?1039:
   3289                          res = move_window(djo.fs, 0);
   \   353D  B7                OR      A
   \   353E  C26736            JP      NZ,?1046
   \   3541            ?1040:
   3290                      if (res == FR_OK) {                 /* Initialize the new directory table */
   \   3541  C5                PUSH    BC
   \   3542  2AAF01            LD      HL,(?1019)
   \   3545  E5                PUSH    HL
   \   3546  ED5B8C00          LD      DE,(djo)
   \   354A  CD4402            CALL    clust2sect
   \   354D  F1                POP     AF
   \   354E  F1                POP     AF
   \   354F  22AB01            LD      (?1018),HL
   \   3552  ED43AD01          LD      (?1018+2),BC
   3291                          dsc = clust2sect(djo.fs, dcl);
   \   3556  213300            LD      HL,51
   \   3559  ED4B8C00          LD      BC,(djo)
   \   355D  09                ADD     HL,BC
   \   355E  E5                PUSH    HL
   \   355F  FDE1              POP     IY
   3292                          dir = djo.fs->win;
   \   3561  010002            LD      BC,512
   \   3564  EB                EX      DE,HL
   \   3565  69                LD      L,C
   \   3566  61                LD      H,C
   \   3567  CD0000            CALL    ?MEMSET_L11
   3293                          memset(dir, 0, SS(djo.fs));
   \   356A  010B00            LD      BC,11
   \   356D  2E20              LD      L,32
   \   356F  CD0000            CALL    ?MEMSET_L11
   3294                          memset(dir+DIR_Name, ' ', 8+3); /* Create "." entry */
   \   3572  EB                EX      DE,HL
   \   3573  362E              LD      (HL),46
   3295                          dir[DIR_Name] = '.';
   \   3575  FD360B10          LD      (IY+11),16
   3296                          dir[DIR_Attr] = AM_DIR;
   \   3579  ED4BB901          LD      BC,(?1021+2)
   \   357D  2AB701            LD      HL,(?1021)
   \   3580  FD7516            LD      (IY+22),L
   \   3583  FD7417            LD      (IY+23),H
   \   3586  FD7118            LD      (IY+24),C
   \   3589  FD7019            LD      (IY+25),B
   3297                          ST_DWORD(dir+DIR_WrtTime, tim);
   \   358C  2AAF01            LD      HL,(?1019)
   \   358F  FD751A            LD      (IY+26),L
   \   3592  FD741B            LD      (IY+27),H
   \   3595  2AB101            LD      HL,(?1019+2)
   \   3598  FD7514            LD      (IY+20),L
   \   359B  FD7415            LD      (IY+21),H
   3298                          ST_CLUST(dir, dcl);
   \   359E  4B                LD      C,E
   \   359F  69                LD      L,C
   \   35A0  42                LD      B,D
   \   35A1  60                LD      H,B
   \   35A2  FDE5              PUSH    IY
   \   35A4  D1                POP     DE
   \   35A5  19                ADD     HL,DE
   \   35A6  EB                EX      DE,HL
   \   35A7  FDE5              PUSH    IY
   \   35A9  E1                POP     HL
   \   35AA  EDB0              LDIR
   3299                          memcpy(dir+SZ_DIR, dir, SZ_DIR);    /* Create ".." entry */
   \   35AC  FD36212E          LD      (IY+33),46
   \   35B0  219200            LD      HL,djo+6
   \   35B3  5E                LD      E,(HL)
   \   35B4  23                INC     HL
   \   35B5  56                LD      D,(HL)
   \   35B6  23                INC     HL
   \   35B7  4E                LD      C,(HL)
   \   35B8  23                INC     HL
   \   35B9  46                LD      B,(HL)
   \   35BA  EB                EX      DE,HL
   \   35BB  22B301            LD      (?1020),HL
   \   35BE  ED43B501          LD      (?1020+2),BC
   3300                          dir[33] = '.'; pcl = djo.sclust;
   \   35C2  2A8C00            LD      HL,(djo)
   \   35C5  7E                LD      A,(HL)
   \   35C6  FE03              CP      3
   \   35C8  202C              JR      NZ,?1043
   \   35CA  212700            LD      HL,39
   \   35CD  ED4B8C00          LD      BC,(djo)
   \   35D1  09                ADD     HL,BC
   \   35D2  4E                LD      C,(HL)
   \   35D3  23                INC     HL
   \   35D4  46                LD      B,(HL)
   \   35D5  23                INC     HL
   \   35D6  5E                LD      E,(HL)
   \   35D7  23                INC     HL
   \   35D8  56                LD      D,(HL)
   \   35D9  69                LD      L,C
   \   35DA  60                LD      H,B
   \   35DB  ED4BB301          LD      BC,(?1020)
   \   35DF  A7                AND     A
   \   35E0  ED42              SBC     HL,BC
   \   35E2  2012              JR      NZ,?1043
   \   35E4  EB                EX      DE,HL
   \   35E5  ED4BB501          LD      BC,(?1020+2)
   \   35E9  ED42              SBC     HL,BC
   \   35EB  2009              JR      NZ,?1043
   \   35ED            ?1045:
   \   35ED            ?1044:
   \   35ED            ?1042:
   3301                          if (djo.fs->fs_type == FS_FAT32 && pcl == djo.fs->dirbase)
   \   35ED  4D                LD      C,L
   \   35EE  44                LD      B,H
   \   35EF  22B301            LD      (?1020),HL
   \   35F2  ED43B501          LD      (?1020+2),BC
   \   35F6            ?1043:
   3302                              pcl = 0;
   \   35F6  2AB301            LD      HL,(?1020)
   \   35F9  FD753A            LD      (IY+58),L
   \   35FC  FD743B            LD      (IY+59),H
   \   35FF  2AB501            LD      HL,(?1020+2)
   \   3602  FD7534            LD      (IY+52),L
   \   3605  FD7435            LD      (IY+53),H
   3303                          ST_CLUST(dir+SZ_DIR, pcl);
   \   3608  2A8C00            LD      HL,(djo)
   \   360B  23                INC     HL
   \   360C  23                INC     HL
   \   360D  23                INC     HL
   \   360E  46                LD      B,(HL)
   \   360F  DD70FE            LD      (IX-2),B
   \   3612            ?1047:
   \   3612  AF                XOR     A
   \   3613  DDB6FE            OR      (IX-2)
   \   3616  284F              JR      Z,?1046
   \   3618            ?1048:
   3304                          for (n = djo.fs->csize; n; n--) {   /* Write dot entries and clear following sectors */
   \   3618  212F00            LD      HL,47
   \   361B  ED4B8C00          LD      BC,(djo)
   \   361F  09                ADD     HL,BC
   \   3620  E5                PUSH    HL
   \   3621  2AAB01            LD      HL,(?1018)
   \   3624  ED4BAD01          LD      BC,(?1018+2)
   \   3628  C5                PUSH    BC
   \   3629  E5                PUSH    HL
   \   362A  CD0000            CALL    ?L_INC_L03
   \   362D  22AB01            LD      (?1018),HL
   \   3630  ED43AD01          LD      (?1018+2),BC
   \   3634  D1                POP     DE
   \   3635  C1                POP     BC
   \   3636  E1                POP     HL
   \   3637  73                LD      (HL),E
   \   3638  23                INC     HL
   \   3639  72                LD      (HL),D
   \   363A  23                INC     HL
   \   363B  71                LD      (HL),C
   \   363C  23                INC     HL
   \   363D  70                LD      (HL),B
   3305                              djo.fs->winsect = dsc++;
   \   363E  210500            LD      HL,5
   \   3641  ED4B8C00          LD      BC,(djo)
   \   3645  09                ADD     HL,BC
   \   3646  3601              LD      (HL),1
   3306                              djo.fs->wflag = 1;
   \   3648  210000            LD      HL,0
   \   364B  E5                PUSH    HL
   \   364C  E5                PUSH    HL
   \   364D  CDF724            CALL    ?1294
   \   3650  E1                POP     HL
   \   3651  E1                POP     HL
   \   3652  32AA01            LD      (?1017),A
   3307                              res = move_window(djo.fs, 0);
   \   3655  B7                OR      A
   \   3656  200F              JR      NZ,?1046
   \   3658            ?1050:
   \   3658            ?1051:
   3308                              if (res != FR_OK) break;
   \   3658  010002            LD      BC,512
   \   365B  FDE5              PUSH    IY
   \   365D  D1                POP     DE
   \   365E  69                LD      L,C
   \   365F  CD0000            CALL    ?MEMSET_L11
   \   3662  DD35FE            DEC     (IX-2)
   3309                              memset(dir, 0, SS(djo.fs));
   3310                          }
   \   3665  18AB              JR      ?1047
   \   3667            ?1046:
   \   3667            ?1041:
   3311                      }
   \   3667  3AAA01            LD      A,(?1017)
   \   366A  B7                OR      A
   \   366B  2009              JR      NZ,?1053
   \   366D            ?1052:
   \   366D  118C00            LD      DE,djo
   \   3670  CDA412            CALL    dir_register
   \   3673  32AA01            LD      (?1017),A
   \   3676            ?1053:
   3312                      if (res == FR_OK) res = dir_register(&djo); /* Register the object to the directoy */
   \   3676  B7                OR      A
   \   3677  280F              JR      Z,?1055
   \   3679            ?1054:
   3313                      if (res != FR_OK) {
   \   3679  2AB101            LD      HL,(?1019+2)
   \   367C  E5                PUSH    HL
   \   367D  2AAF01            LD      HL,(?1019)
   \   3680  E5                PUSH    HL
   \   3681  CD1E25            CALL    ?1317
   \   3684  E1                POP     HL
   \   3685  E1                POP     HL
   3314                          remove_chain(djo.fs, dcl);          /* Could not register, remove cluster chain */
   \   3686  1833              JR      ?1056
   \   3688            ?1055:
   3315                      } else {
   \   3688  FD2A9E00          LD      IY,(djo+18)
   3316                          dir = djo.dir;
   \   368C  FD360B10          LD      (IY+11),16
   3317                          dir[DIR_Attr] = AM_DIR;             /* Attribute */
   \   3690  ED4BB901          LD      BC,(?1021+2)
   \   3694  2AB701            LD      HL,(?1021)
   \   3697  FD7516            LD      (IY+22),L
   \   369A  FD7417            LD      (IY+23),H
   \   369D  FD7118            LD      (IY+24),C
   \   36A0  FD7019            LD      (IY+25),B
   3318                          ST_DWORD(dir+DIR_WrtTime, tim);     /* Created time */
   \   36A3  2AAF01            LD      HL,(?1019)
   \   36A6  FD751A            LD      (IY+26),L
   \   36A9  FD741B            LD      (IY+27),H
   \   36AC  2AB101            LD      HL,(?1019+2)
   \   36AF  FD7514            LD      (IY+20),L
   \   36B2  FD7415            LD      (IY+21),H
   3319                          ST_CLUST(dir, dcl);                 /* Table start cluster */
   3320                          djo.fs->wflag = 1;
   \   36B5  CD9C34            CALL    ?1321
   \   36B8  32AA01            LD      (?1017),A
   \   36BB            ?1056:
   \   36BB            ?1031:
   \   36BB            ?1023:
   3321                          res = sync(djo.fs);
   3322                      }
   3323                  }
   3324                  FREE_BUF();
   3325              }
   3326          
   \   36BB  3AAA01            LD      A,(?1017)
   3327              LEAVE_FF(djo.fs, res);
   \   36BE  FDE1              POP     IY
   \   36C0  C30000            JP      ?LEAVE_DIRECT_L09
   3328          }
   3329          
   3330          
   3331          
   3332          
   3333          /*-----------------------------------------------------------------------*/
   3334          /* Change Attribute                                                      */
   3335          /*-----------------------------------------------------------------------*/
   3336          #if 0
   3373          #endif
   3374          
   3375          
   3376          /*-----------------------------------------------------------------------*/
   3377          /* Change Timestamp                                                      */
   3378          /*-----------------------------------------------------------------------*/
   3379          
   3380          FRESULT f_utime (
   3381              const TCHAR *path,  /* Pointer to the file/directory name */
   3382              //const FILINFO *fno    /* Pointer to the time stamp to be set */
   3383              WORD fdate, /* Value to the date stamp to be set */
   3384              WORD ftime  /* Value to the time stamp to be set */
   3385          )
   \   36C3            f_utime:
   \   36C3  CD0000            CALL    ?ENT_PARM_DIRECT_L09
   3386          {
   3387              static FRESULT res;
   3388              //DIR dj;
   3389              static BYTE *dir;
   3390              DEF_NAMEBUF;
   3391          
   \   36C6  4B                LD      C,E
   \   36C7  42                LD      B,D
   3392              drv_calls.strcpy_usp2lib(pathbuf,path);
   3393          
   \   36C8  CDE222            CALL    ?1311
   \   36CB  32BB01            LD      (?1057),A
   3394              res = chk_mounted(&djo.fs, 1);
   \   36CE  B7                OR      A
   \   36CF  204E              JR      NZ,?1069
   \   36D1            ?1059:
   3395              if (res == FR_OK) {
   3396                  INIT_BUF(djo);
   \   36D1  CD0925            CALL    ?1316
   \   36D4  32BB01            LD      (?1057),A
   3397                  res = follow_path(&djo, pathbuf);   /* Follow the file path */
   3398                  FREE_BUF();
   \   36D7  B7                OR      A
   \   36D8  2010              JR      NZ,?1062
   \   36DA  2AA000            LD      HL,(djo+20)
   \   36DD  010B00            LD      BC,11
   \   36E0  09                ADD     HL,BC
   \   36E1  CB6E              BIT     5,(HL)
   \   36E3  2805              JR      Z,?1062
   \   36E5            ?1064:
   \   36E5            ?1063:
   \   36E5            ?1061:
   3399                  if (_FS_RPATH && res == FR_OK && (djo.fn[NS] & NS_DOT))
   \   36E5  3E06              LD      A,6
   \   36E7  32BB01            LD      (?1057),A
   \   36EA            ?1062:
   3400                      res = FR_INVALID_NAME;
   \   36EA  B7                OR      A
   \   36EB  2032              JR      NZ,?1069
   \   36ED            ?1065:
   3401                  if (res == FR_OK) {
   \   36ED  2A9E00            LD      HL,(djo+18)
   \   36F0  22BC01            LD      (?1058),HL
   3402                      dir = djo.dir;
   \   36F3  7D                LD      A,L
   \   36F4  B4                OR      H
   \   36F5  2004              JR      NZ,?1068
   \   36F7            ?1067:
   3403                      if (!dir) {                 /* Root directory */
   \   36F7  3E06              LD      A,6
   \   36F9  1821              JR      ?1261
   3404                          res = FR_INVALID_NAME;
   \   36FB            ?1068:
   3405                      } else {                    /* File or sub-directory */
   \   36FB  211600            LD      HL,22
   \   36FE  ED4BBC01          LD      BC,(?1058)
   \   3702  09                ADD     HL,BC
   \   3703  DD5E08            LD      E,(IX+8)
   \   3706  73                LD      (HL),E
   \   3707  DD5609            LD      D,(IX+9)
   \   370A  23                INC     HL
   \   370B  72                LD      (HL),D
   3406                          ST_WORD(dir+DIR_WrtTime, ftime);
   \   370C  211800            LD      HL,24
   \   370F  09                ADD     HL,BC
   \   3710  DD4E04            LD      C,(IX+4)
   \   3713  71                LD      (HL),C
   \   3714  DD4605            LD      B,(IX+5)
   \   3717  23                INC     HL
   \   3718  70                LD      (HL),B
   3407                          ST_WORD(dir+DIR_WrtDate, fdate);
   3408                          djo.fs->wflag = 1;
   \   3719  CD9C34            CALL    ?1321
   \   371C            ?1261:
   \   371C  32BB01            LD      (?1057),A
   \   371F            ?1069:
   \   371F            ?1066:
   \   371F            ?1060:
   3409                          res = sync(djo.fs);
   3410                      }
   3411                  }
   3412              }
   3413          
   3414              LEAVE_FF(djo.fs, res);
   \   371F  C30000            JP      ?LEAVE_DIRECT_L09
   3415          }
   3416          
   3417          
   3418          FRESULT f_getutime (
   3419              const TCHAR *path,  /* Pointer to the file/directory name */
   3420              //const FILINFO *fno    /* Pointer to the time stamp to be set */
   3421              WORD *ftimedate /* Value to the date stamp to be set */
   3422          )
   \   3722            f_getutime:
   \   3722  DDE5              PUSH    IX
   \   3724  D5                PUSH    DE
   \   3725  C5                PUSH    BC
   \   3726  DDE1              POP     IX
   3423          {
   3424              static FRESULT res;
   3425              //DIR dj;
   3426              static BYTE *dir;
   3427              DEF_NAMEBUF;
   3428          
   \   3728  4B                LD      C,E
   \   3729  42                LD      B,D
   3429              drv_calls.strcpy_usp2lib(pathbuf,path);
   3430          
   \   372A  CDE222            CALL    ?1311
   \   372D  32BE01            LD      (?1070),A
   3431              res = chk_mounted(&djo.fs, 1);
   \   3730  B7                OR      A
   \   3731  2052              JR      NZ,?1082
   \   3733            ?1072:
   3432              if (res == FR_OK) {
   3433                  INIT_BUF(djo);
   \   3733  CD0925            CALL    ?1316
   \   3736  32BE01            LD      (?1070),A
   3434                  res = follow_path(&djo, pathbuf);   /* Follow the file path */
   3435                  FREE_BUF();
   \   3739  B7                OR      A
   \   373A  2010              JR      NZ,?1075
   \   373C  2AA000            LD      HL,(djo+20)
   \   373F  010B00            LD      BC,11
   \   3742  09                ADD     HL,BC
   \   3743  CB6E              BIT     5,(HL)
   \   3745  2805              JR      Z,?1075
   \   3747            ?1077:
   \   3747            ?1076:
   \   3747            ?1074:
   3436                  if (_FS_RPATH && res == FR_OK && (djo.fn[NS] & NS_DOT))
   \   3747  3E06              LD      A,6
   \   3749  32BE01            LD      (?1070),A
   \   374C            ?1075:
   3437                      res = FR_INVALID_NAME;
   \   374C  B7                OR      A
   \   374D  2036              JR      NZ,?1082
   \   374F            ?1078:
   3438                  if (res == FR_OK) {
   \   374F  2A9E00            LD      HL,(djo+18)
   \   3752  22BF01            LD      (?1071),HL
   3439                      dir = djo.dir;
   \   3755  7D                LD      A,L
   \   3756  B4                OR      H
   \   3757  2004              JR      NZ,?1081
   \   3759            ?1080:
   3440                      if (!dir) {                 /* Root directory */
   \   3759  3E06              LD      A,6
   \   375B  1825              JR      ?1267
   3441                          res = FR_INVALID_NAME;
   \   375D            ?1081:
   3442                      } else {                    /* File or sub-directory */
   3443                          //drv_calls.memcpy_lib2usp(ftimedate,dir+DIR_WrtTime,4); //not userspace!!!
   \   375D  211600            LD      HL,22
   \   3760  ED4BBF01          LD      BC,(?1071)
   \   3764  09                ADD     HL,BC
   \   3765  56                LD      D,(HL)
   \   3766  23                INC     HL
   \   3767  66                LD      H,(HL)
   \   3768  6A                LD      L,D
   \   3769  E5                PUSH    HL
   \   376A  DDE5              PUSH    IX
   \   376C  D1                POP     DE
   \   376D  EB                EX      DE,HL
   \   376E  D1                POP     DE
   \   376F  73                LD      (HL),E
   \   3770  23                INC     HL
   \   3771  72                LD      (HL),D
   3444                          *ftimedate = LD_WORD(dir+DIR_WrtTime);
   \   3772  211800            LD      HL,24
   \   3775  09                ADD     HL,BC
   \   3776  46                LD      B,(HL)
   \   3777  DD7002            LD      (IX+2),B
   \   377A  23                INC     HL
   \   377B  66                LD      H,(HL)
   \   377C  DD7403            LD      (IX+3),H
   3445                          *(ftimedate+1) = LD_WORD(dir+DIR_WrtDate);
   3446                          djo.fs->wflag = 1;
   \   377F  CD9C34            CALL    ?1321
   \   3782            ?1267:
   \   3782  32BE01            LD      (?1070),A
   \   3785            ?1082:
   \   3785            ?1079:
   \   3785            ?1073:
   3447                          res = sync(djo.fs);
   3448                      }
   3449                  }
   3450              }
   3451          
   3452              LEAVE_FF(djo.fs, res);
   \   3785  E1                POP     HL
   \   3786  DDE1              POP     IX
   \   3788  C9                RET
   3453          }
   3454          
   3455          
   3456          
   3457          /*-----------------------------------------------------------------------*/
   3458          /* Rename File/Directory                                                 */
   3459          /*-----------------------------------------------------------------------*/
   3460          
   3461          FRESULT f_rename (
   3462              const TCHAR *path_old,  /* Pointer to the old name */
   3463              const TCHAR *path_new   /* Pointer to the new name */
   3464          )
   \   3789            f_rename:
   \   3789  CD0000            CALL    ?ENT_AUTO_DIRECT_L09
   \   378C  FCFF              DEFW    -4
   \   378E  FDE5              PUSH    IY
   3465          {
   3466              static FRESULT res;
   3467              //DIR djo, djn;
   3468              static BYTE buf[21];
   3469              BYTE *dir;
   3470              DWORD dw;
   3471              DEF_NAMEBUF;
   3472          
   3473              drv_calls.strcpy_usp2lib(pathbuf,path_old);
   3474          
   \   3790  CDDC22            CALL    ?1312
   \   3793  32C101            LD      (?1083),A
   3475              res = chk_mounted(&djo.fs, 1);
   \   3796  B7                OR      A
   \   3797  C20139            JP      NZ,?1122
   \   379A            ?1085:
   3476              if (res == FR_OK) {
   \   379A  2A8C00            LD      HL,(djo)
   \   379D  22A600            LD      (djn),HL
   3477                  djn.fs = djo.fs;
   3478                  INIT_BUF(djo);
   \   37A0  CD0925            CALL    ?1316
   \   37A3  32C101            LD      (?1083),A
   3479                  res = follow_path(&djo, pathbuf);       /* Check old object */
   \   37A6  B7                OR      A
   \   37A7  2010              JR      NZ,?1088
   \   37A9  2AA000            LD      HL,(djo+20)
   \   37AC  010B00            LD      BC,11
   \   37AF  09                ADD     HL,BC
   \   37B0  CB6E              BIT     5,(HL)
   \   37B2  2805              JR      Z,?1088
   \   37B4            ?1090:
   \   37B4            ?1089:
   \   37B4            ?1087:
   3480                  if (_FS_RPATH && res == FR_OK && (djo.fn[NS] & NS_DOT))
   \   37B4  3E06              LD      A,6
   \   37B6  32C101            LD      (?1083),A
   \   37B9            ?1088:
   3481                      res = FR_INVALID_NAME;
   3482          #if _FS_SHARE
   3484          #endif
   \   37B9  B7                OR      A
   \   37BA  C20139            JP      NZ,?1122
   \   37BD            ?1091:
   3485                  if (res == FR_OK) {                     /* Old object is found */
   \   37BD  2A9E00            LD      HL,(djo+18)
   \   37C0  7D                LD      A,L
   \   37C1  B4                OR      H
   \   37C2  2005              JR      NZ,?1094
   \   37C4            ?1093:
   3486                      if (!djo.dir) {                     /* Is root dir? */
   \   37C4  3E04              LD      A,4
   \   37C6  C3FE38            JP      ?1270
   3487                          res = FR_NO_FILE;
   \   37C9            ?1094:
   3488                      } else {
   \   37C9  011500            LD      BC,21
   \   37CC  11C201            LD      DE,?1084
   \   37CF  0E0B              LD      C,11
   \   37D1  09                ADD     HL,BC
   \   37D2  0E15              LD      C,21
   \   37D4  EDB0              LDIR
   3489                          memcpy(buf, djo.dir+DIR_Attr, 21);      /* Save the object information except for name */
   \   37D6  0E1A              LD      C,26
   \   37D8  11A600            LD      DE,djn
   \   37DB  218C00            LD      HL,djo
   \   37DE  EDB0              LDIR
   3490                          memcpy(&djn, &djo, sizeof(DIR));        /* Check new object */
   \   37E0  DD4E04            LD      C,(IX+4)
   \   37E3  DD4605            LD      B,(IX+5)
   \   37E6  CD0025            CALL    ?1313
   3491                          drv_calls.strcpy_usp2lib(pathbuf,path_new);
   \   37E9  01003A            LD      BC,14848
   \   37EC  11A600            LD      DE,djn
   \   37EF  CD841B            CALL    follow_path
   \   37F2  32C101            LD      (?1083),A
   3492                          res = follow_path(&djn, pathbuf);
   \   37F5  B7                OR      A
   \   37F6  2005              JR      NZ,?1097
   \   37F8            ?1096:
   \   37F8  3E08              LD      A,8
   \   37FA  32C101            LD      (?1083),A
   \   37FD            ?1097:
   3493                          if (res == FR_OK) res = FR_EXIST;       /* The new object name is already existing */
   \   37FD  FE04              CP      4
   \   37FF  C20139            JP      NZ,?1122
   \   3802            ?1098:
   3494                          if (res == FR_NO_FILE) {                /* Is it a valid path and no name collision? */
   3495          /* Start critical section that any interruption or error can cause cross-link */
   \   3802  11A600            LD      DE,djn
   \   3805  CDA412            CALL    dir_register
   \   3808  32C101            LD      (?1083),A
   3496                              res = dir_register(&djn);           /* Register the new entry */
   \   380B  B7                OR      A
   \   380C  C20139            JP      NZ,?1122
   \   380F            ?1100:
   3497                              if (res == FR_OK) {
   \   380F  FD2AB800          LD      IY,(djn+18)
   3498                                  dir = djn.dir;                  /* Copy object information except for name */
   \   3813  011300            LD      BC,19
   \   3816  210D00            LD      HL,13
   \   3819  FDE5              PUSH    IY
   \   381B  D1                POP     DE
   \   381C  19                ADD     HL,DE
   \   381D  EB                EX      DE,HL
   \   381E  21C401            LD      HL,?1084+2
   \   3821  EDB0              LDIR
   3499                                  memcpy(dir+13, buf+2, 19);
   \   3823  3AC201            LD      A,(?1084)
   \   3826  CBEF              SET     5,A
   \   3828  FD770B            LD      (IY+11),A
   3500                                  dir[DIR_Attr] = buf[0] | AM_ARC;
   \   382B  210500            LD      HL,5
   \   382E  ED4B8C00          LD      BC,(djo)
   \   3832  09                ADD     HL,BC
   \   3833  3601              LD      (HL),1
   3501                                  djo.fs->wflag = 1;
   \   3835  2A9200            LD      HL,(djo+6)
   \   3838  ED4BAC00          LD      BC,(djn+6)
   \   383C  A7                AND     A
   \   383D  ED42              SBC     HL,BC
   \   383F  200C              JR      NZ,?1269
   \   3841  2A9400            LD      HL,(djo+8)
   \   3844  ED4BAE00          LD      BC,(djn+8)
   \   3848  ED42              SBC     HL,BC
   \   384A  CAE938            JP      Z,?1110
   \   384D            ?1269:
   \   384D  FDCB0B66          BIT     4,(IY+11)
   \   3851  CAE938            JP      Z,?1110
   \   3854            ?1105:
   \   3854            ?1104:
   \   3854            ?1102:
   3502                                  if (djo.sclust != djn.sclust && (dir[DIR_Attr] & AM_DIR)) {     /* Update .. entry in the directory if needed */
   \   3854  FDE5              PUSH    IY
   \   3856  D1                POP     DE
   \   3857  CD0000            CALL    LD_CLUST
   \   385A  C5                PUSH    BC
   \   385B  E5                PUSH    HL
   \   385C  ED5BA600          LD      DE,(djn)
   \   3860  CD4402            CALL    clust2sect
   \   3863  F1                POP     AF
   \   3864  F1                POP     AF
   3503                                      dw = clust2sect(djn.fs, LD_CLUST(dir));
   \   3865  7D                LD      A,L
   \   3866  B4                OR      H
   \   3867  B1                OR      C
   \   3868  B0                OR      B
   \   3869  2007              JR      NZ,?1107
   \   386B            ?1106:
   3504                                      if (!dw) {
   \   386B  3E02              LD      A,2
   \   386D  32C101            LD      (?1083),A
   3505                                          res = FR_INT_ERR;
   \   3870  1877              JR      ?1110
   \   3872            ?1107:
   3506                                      } else {
   \   3872  C5                PUSH    BC
   \   3873  E5                PUSH    HL
   \   3874  ED5BA600          LD      DE,(djn)
   \   3878  CD0000            CALL    move_window
   \   387B  E1                POP     HL
   \   387C  E1                POP     HL
   \   387D  32C101            LD      (?1083),A
   3507                                          res = move_window(djn.fs, dw);
   \   3880  213300            LD      HL,51
   \   3883  ED4BA600          LD      BC,(djn)
   \   3887  09                ADD     HL,BC
   \   3888  012000            LD      BC,32
   \   388B  09                ADD     HL,BC
   \   388C  E5                PUSH    HL
   \   388D  FDE1              POP     IY
   3508                                          dir = djn.fs->win+SZ_DIR;   /* .. entry */
   \   388F  B7                OR      A
   \   3890  2057              JR      NZ,?1110
   \   3892  FD7E01            LD      A,(IY+1)
   \   3895  FE2E              CP      46
   \   3897  2050              JR      NZ,?1110
   \   3899            ?1112:
   \   3899            ?1111:
   \   3899            ?1109:
   3509                                          if (res == FR_OK && dir[1] == '.') {
   \   3899  2AA600            LD      HL,(djn)
   \   389C  7E                LD      A,(HL)
   \   389D  FE03              CP      3
   \   389F  2027              JR      NZ,?1116
   \   38A1  212700            LD      HL,39
   \   38A4  ED4BA600          LD      BC,(djn)
   \   38A8  09                ADD     HL,BC
   \   38A9  4E                LD      C,(HL)
   \   38AA  23                INC     HL
   \   38AB  46                LD      B,(HL)
   \   38AC  23                INC     HL
   \   38AD  5E                LD      E,(HL)
   \   38AE  23                INC     HL
   \   38AF  56                LD      D,(HL)
   \   38B0  69                LD      L,C
   \   38B1  60                LD      H,B
   \   38B2  ED4BAC00          LD      BC,(djn+6)
   \   38B6  A7                AND     A
   \   38B7  ED42              SBC     HL,BC
   \   38B9  200D              JR      NZ,?1116
   \   38BB  EB                EX      DE,HL
   \   38BC  ED4BAE00          LD      BC,(djn+8)
   \   38C0  ED42              SBC     HL,BC
   \   38C2  2004              JR      NZ,?1116
   \   38C4  4D                LD      C,L
   \   38C5  44                LD      B,H
   \   38C6  180B              JR      ?1117
   \   38C8            ?1116:
   \   38C8  21AC00            LD      HL,djn+6
   \   38CB  5E                LD      E,(HL)
   \   38CC  23                INC     HL
   \   38CD  56                LD      D,(HL)
   \   38CE  23                INC     HL
   \   38CF  4E                LD      C,(HL)
   \   38D0  23                INC     HL
   \   38D1  46                LD      B,(HL)
   \   38D2  EB                EX      DE,HL
   \   38D3            ?1117:
   3510                                              dw = (djn.fs->fs_type == FS_FAT32 && djn.sclust == djn.fs->dirbase) ? 0 : djn.sclust;
   \   38D3  FD751A            LD      (IY+26),L
   \   38D6  FD741B            LD      (IY+27),H
   \   38D9  FD7114            LD      (IY+20),C
   \   38DC  FD7015            LD      (IY+21),B
   3511                                              ST_CLUST(dir, dw);
   \   38DF  210500            LD      HL,5
   \   38E2  ED4BA600          LD      BC,(djn)
   \   38E6  09                ADD     HL,BC
   \   38E7  3601              LD      (HL),1
   \   38E9            ?1110:
   \   38E9            ?1108:
   \   38E9            ?1103:
   3512                                              djn.fs->wflag = 1;
   3513                                          }
   3514                                      }
   3515                                  }
   \   38E9  3AC101            LD      A,(?1083)
   \   38EC  B7                OR      A
   \   38ED  2012              JR      NZ,?1122
   \   38EF            ?1119:
   3516                                  if (res == FR_OK) {
   \   38EF  118C00            LD      DE,djo
   \   38F2  CDFB14            CALL    dir_remove
   \   38F5  32C101            LD      (?1083),A
   3517                                      res = dir_remove(&djo);     /* Remove old entry */
   \   38F8  B7                OR      A
   \   38F9  2006              JR      NZ,?1122
   \   38FB            ?1121:
   3518                                      if (res == FR_OK)
   \   38FB  CDA634            CALL    ?1320
   \   38FE            ?1270:
   \   38FE  32C101            LD      (?1083),A
   \   3901            ?1122:
   \   3901            ?1120:
   \   3901            ?1101:
   \   3901            ?1099:
   \   3901            ?1095:
   \   3901            ?1092:
   \   3901            ?1086:
   3519                                          res = sync(djo.fs);
   3520                                  }
   3521                              }
   3522          /* End critical section */
   3523                          }
   3524                      }
   3525                  }
   3526                  FREE_BUF();
   3527              }
   3528              LEAVE_FF(djo.fs, res);
   \   3901  FDE1              POP     IY
   \   3903  C30000            JP      ?LEAVE_DIRECT_L09
   3529          }
   3530          
   3531          #endif /* !_FS_READONLY */
   3532          #endif /* _FS_MINIMIZE == 0 */
   3533          #endif /* _FS_MINIMIZE <= 1 */
   3534          #endif /* _FS_MINIMIZE <= 2 */
   3535          
   3536          
   3537          
   3538          /*-----------------------------------------------------------------------*/
   3539          /* Forward data to the stream directly (available on only tiny cfg)      */
   3540          /*-----------------------------------------------------------------------*/
   3541          #if _USE_FORWARD && _FS_TINY
   3594          #endif /* _USE_FORWARD */
   3595          
   3596          
   3597          
   3598          #if _USE_MKFS && !_FS_READONLY
   3634          #if _MAX_SS != 512                  /* Get disk sector size */
   3637          #endif
   3793          #if _USE_ERASE  /* Erase data area if needed */
   3800          #endif
   3816          #endif /* _USE_MKFS && !_FS_READONLY */
   3817          
   3818          
   3819          
   3820          
   3821          #if _USE_STRFUNC
   3841          #if _LFN_UNICODE                    /* Read a character in UTF-8 encoding */
   3860          #endif
   3861          #if _USE_STRFUNC >= 2
   3863          #endif
   3874          #if !_FS_READONLY
   3888          #if _USE_STRFUNC >= 2
   3890          #endif
   3892          #if _LFN_UNICODE    /* Write the character in UTF-8 encoding */
   3908          #else               /* Write the character without conversion */
   3911          #endif
   4035          #endif /* !_FS_READONLY */
   4036          #endif /* _USE_STRFUNC */
   \   0000                    RSEG    CSTR
   \   0000            ?0414:
   \   0000  222A3A3C          DEFB    '"*:<>?|'
   \   0004  3E3F7C
   \   0007  7F00              DEFB    127,0
   \   0009            ?0481:
   \   0009  2B2C3B3D          DEFB    '+,;=[]'
   \   000D  5B5D
   \   000F  00                DEFB    0
   \   0000                    RSEG    CONST
   \   0000            LfnOfs:
   \   0000  01                DEFB    1
   \   0001  03                DEFB    3
   \   0002  05                DEFB    5
   \   0003  07                DEFB    7
   \   0004  09                DEFB    9
   \   0005  0E                DEFB    14
   \   0006  10                DEFB    16
   \   0007  12                DEFB    18
   \   0008  14                DEFB    20
   \   0009  16                DEFB    22
   \   000A  18                DEFB    24
   \   000B  1C                DEFB    28
   \   000C  1E                DEFB    30
   \   0000                    RSEG    UDATA0
   \   0000            LfnBuf:
   \   0080                    DEFS    128
   \   0080            sfn:
   \   008C                    DEFS    12
   \   008C            djo:
   \   00A6                    DEFS    26
   \   00A6            djn:
   \   00C0                    DEFS    26
   \   00C0            ?0669:
   \   00C1                    DEFS    1
   \   00C1            ?0678:
   \   00C5                    DEFS    4
   \   00C5            ?0679:
   \   00C9                    DEFS    4
   \   00C9            ?0709:
   \   00CD                    DEFS    4
   \   00CD            ?0710:
   \   00D1                    DEFS    4
   \   00D1            ?0711:
   \   00D5                    DEFS    4
   \   00D5            ?0712:
   \   00D7                    DEFS    2
   \   00D7            ?0713:
   \   00D9                    DEFS    2
   \   00D9            ?0762:
   \   00DD                    DEFS    4
   \   00DD            ?0763:
   \   00DF                    DEFS    2
   \   00DF            ?0764:
   \   00E1                    DEFS    2
   \   00E1            ?0828:
   \   00E2                    DEFS    1
   \   00E2            ?0843:
   \   00E6                    DEFS    4
   \   00E6            ?0844:
   \   013C                    DEFS    86
   \   013C            ?0889:
   \   0140                    DEFS    4
   \   0140            ?0890:
   \   0144                    DEFS    4
   \   0144            ?0891:
   \   0148                    DEFS    4
   \   0148            ?0892:
   \   014C                    DEFS    4
   \   014C            fno_rddir:
   \   01A2                    DEFS    86
   \   01A2            ?0970:
   \   01A3                    DEFS    1
   \   01A3            ?0978:
   \   01A4                    DEFS    1
   \   01A4            ?0979:
   \   01A6                    DEFS    2
   \   01A6            ?0980:
   \   01AA                    DEFS    4
   \   01AA            ?1017:
   \   01AB                    DEFS    1
   \   01AB            ?1018:
   \   01AF                    DEFS    4
   \   01AF            ?1019:
   \   01B3                    DEFS    4
   \   01B3            ?1020:
   \   01B7                    DEFS    4
   \   01B7            ?1021:
   \   01BB                    DEFS    4
   \   01BB            ?1057:
   \   01BC                    DEFS    1
   \   01BC            ?1058:
   \   01BE                    DEFS    2
   \   01BE            ?1070:
   \   01BF                    DEFS    1
   \   01BF            ?1071:
   \   01C1                    DEFS    2
   \   01C1            ?1083:
   \   01C2                    DEFS    1
   \   01C2            ?1084:
   \   01D7                    DEFS    21
   \   01D7                    END

Errors: none
Warnings: none
Code size: 14598
Constant size: 29
Static variable size: Data(471) Iram(0)

